route;date;hour;prediction
1;2025-11-01;0;5
1;2025-11-01;1;0
1;2025-11-01;2;0
1;2025-11-01;3;0
1;2025-11-01;4;6
1;2025-11-01;5;128
1;2025-11-01;6;486
1;2025-11-01;7;1432
1;2025-11-01;8;1713
1;2025-11-01;9;1330
1;2025-11-01;10;1194
1;2025-11-01;11;1307
1;2025-11-01;12;1309
1;2025-11-01;13;1351
1;2025-11-01;14;1280
1;2025-11-01;15;1446
1;2025-11-01;16;1531
1;2025-11-01;17;1658
1;2025-11-01;18;1413
1;2025-11-01;19;1111
1;2025-11-01;20;744
1;2025-11-01;21;455
1;2025-11-01;22;192
1;2025-11-01;23;49
1;2025-11-02;0;0
1;2025-11-02;1;0
1;2025-11-02;2;0
1;2025-11-02;3;0
1;2025-11-02;4;0
1;2025-11-02;5;22
1;2025-11-02;6;119
1;2025-11-02;7;257
1;2025-11-02;8;352
1;2025-11-02;9;610
1;2025-11-02;10;706
1;2025-11-02;11;733
1;2025-11-02;12;875
1;2025-11-02;13;942
1;2025-11-02;14;835
1;2025-11-02;15;749
1;2025-11-02;16;676
1;2025-11-02;17;607
1;2025-11-02;18;521
1;2025-11-02;19;446
1;2025-11-02;20;357
1;2025-11-02;21;273
1;2025-11-02;22;108
1;2025-11-02;23;32
1;2025-11-03;0;0
1;2025-11-03;1;0
1;2025-11-03;2;0
1;2025-11-03;3;0
1;2025-11-03;4;0
1;2025-11-03;5;22
1;2025-11-03;6;116
1;2025-11-03;7;252
1;2025-11-03;8;344
1;2025-11-03;9;596
1;2025-11-03;10;690
1;2025-11-03;11;716
1;2025-11-03;12;855
1;2025-11-03;13;921
1;2025-11-03;14;816
1;2025-11-03;15;732
1;2025-11-03;16;661
1;2025-11-03;17;593
1;2025-11-03;18;509
1;2025-11-03;19;436
1;2025-11-03;20;349
1;2025-11-03;21;267
1;2025-11-03;22;106
1;2025-11-03;23;31
1;2025-11-04;0;0
1;2025-11-04;1;0
1;2025-11-04;2;0
1;2025-11-04;3;0
1;2025-11-04;4;0
1;2025-11-04;5;22
1;2025-11-04;6;116
1;2025-11-04;7;252
1;2025-11-04;8;344
1;2025-11-04;9;596
1;2025-11-04;10;691
1;2025-11-04;11;717
1;2025-11-04;12;856
1;2025-11-04;13;921
1;2025-11-04;14;817
1;2025-11-04;15;733
1;2025-11-04;16;661
1;2025-11-04;17;594
1;2025-11-04;18;510
1;2025-11-04;19;436
1;2025-11-04;20;349
1;2025-11-04;21;267
1;2025-11-04;22;106
1;2025-11-04;23;31
1;2025-11-05;0;4
1;2025-11-05;1;0
1;2025-11-05;2;0
1;2025-11-05;3;0
1;2025-11-05;4;9
1;2025-11-05;5;133
1;2025-11-05;6;554
1;2025-11-05;7;1532
1;2025-11-05;8;1955
1;2025-11-05;9;1503
1;2025-11-05;10;1348
1;2025-11-05;11;1381
1;2025-11-05;12;1451
1;2025-11-05;13;1484
1;2025-11-05;14;1431
1;2025-11-05;15;1577
1;2025-11-05;16;1590
1;2025-11-05;17;1825
1;2025-11-05;18;1854
1;2025-11-05;19;1373
1;2025-11-05;20;882
1;2025-11-05;21;478
1;2025-11-05;22;203
1;2025-11-05;23;48
1;2025-11-06;0;4
1;2025-11-06;1;0
1;2025-11-06;2;0
1;2025-11-06;3;0
1;2025-11-06;4;9
1;2025-11-06;5;135
1;2025-11-06;6;562
1;2025-11-06;7;1554
1;2025-11-06;8;1983
1;2025-11-06;9;1524
1;2025-11-06;10;1367
1;2025-11-06;11;1400
1;2025-11-06;12;1472
1;2025-11-06;13;1506
1;2025-11-06;14;1451
1;2025-11-06;15;1600
1;2025-11-06;16;1613
1;2025-11-06;17;1851
1;2025-11-06;18;1880
1;2025-11-06;19;1392
1;2025-11-06;20;895
1;2025-11-06;21;485
1;2025-11-06;22;206
1;2025-11-06;23;49
1;2025-11-07;0;5
1;2025-11-07;1;0
1;2025-11-07;2;0
1;2025-11-07;3;0
1;2025-11-07;4;6
1;2025-11-07;5;141
1;2025-11-07;6;534
1;2025-11-07;7;1575
1;2025-11-07;8;1884
1;2025-11-07;9;1462
1;2025-11-07;10;1313
1;2025-11-07;11;1437
1;2025-11-07;12;1440
1;2025-11-07;13;1486
1;2025-11-07;14;1407
1;2025-11-07;15;1590
1;2025-11-07;16;1684
1;2025-11-07;17;1824
1;2025-11-07;18;1554
1;2025-11-07;19;1222
1;2025-11-07;20;818
1;2025-11-07;21;500
1;2025-11-07;22;211
1;2025-11-07;23;54
1;2025-11-08;0;8
1;2025-11-08;1;0
1;2025-11-08;2;0
1;2025-11-08;3;0
1;2025-11-08;4;0
1;2025-11-08;5;34
1;2025-11-08;6;164
1;2025-11-08;7;352
1;2025-11-08;8;480
1;2025-11-08;9;770
1;2025-11-08;10;925
1;2025-11-08;11;916
1;2025-11-08;12;1123
1;2025-11-08;13;1152
1;2025-11-08;14;1072
1;2025-11-08;15;923
1;2025-11-08;16;811
1;2025-11-08;17;750
1;2025-11-08;18;649
1;2025-11-08;19;564
1;2025-11-08;20;432
1;2025-11-08;21;302
1;2025-11-08;22;129
1;2025-11-08;23;39
1;2025-11-09;0;0
1;2025-11-09;1;0
1;2025-11-09;2;0
1;2025-11-09;3;0
1;2025-11-09;4;0
1;2025-11-09;5;22
1;2025-11-09;6;119
1;2025-11-09;7;258
1;2025-11-09;8;353
1;2025-11-09;9;612
1;2025-11-09;10;708
1;2025-11-09;11;735
1;2025-11-09;12;878
1;2025-11-09;13;945
1;2025-11-09;14;837
1;2025-11-09;15;751
1;2025-11-09;16;678
1;2025-11-09;17;609
1;2025-11-09;18;523
1;2025-11-09;19;448
1;2025-11-09;20;358
1;2025-11-09;21;274
1;2025-11-09;22;109
1;2025-11-09;23;32
1;2025-11-10;0;4
1;2025-11-10;1;0
1;2025-11-10;2;0
1;2025-11-10;3;0
1;2025-11-10;4;9
1;2025-11-10;5;135
1;2025-11-10;6;559
1;2025-11-10;7;1548
1;2025-11-10;8;1975
1;2025-11-10;9;1518
1;2025-11-10;10;1362
1;2025-11-10;11;1395
1;2025-11-10;12;1466
1;2025-11-10;13;1500
1;2025-11-10;14;1445
1;2025-11-10;15;1593
1;2025-11-10;16;1607
1;2025-11-10;17;1844
1;2025-11-10;18;1873
1;2025-11-10;19;1387
1;2025-11-10;20;891
1;2025-11-10;21;483
1;2025-11-10;22;205
1;2025-11-10;23;49
1;2025-11-11;0;4
1;2025-11-11;1;0
1;2025-11-11;2;0
1;2025-11-11;3;0
1;2025-11-11;4;9
1;2025-11-11;5;134
1;2025-11-11;6;554
1;2025-11-11;7;1534
1;2025-11-11;8;1958
1;2025-11-11;9;1505
1;2025-11-11;10;1350
1;2025-11-11;11;1382
1;2025-11-11;12;1453
1;2025-11-11;13;1486
1;2025-11-11;14;1432
1;2025-11-11;15;1579
1;2025-11-11;16;1592
1;2025-11-11;17;1827
1;2025-11-11;18;1856
1;2025-11-11;19;1374
1;2025-11-11;20;883
1;2025-11-11;21;479
1;2025-11-11;22;204
1;2025-11-11;23;48
1;2025-11-12;0;4
1;2025-11-12;1;0
1;2025-11-12;2;0
1;2025-11-12;3;0
1;2025-11-12;4;9
1;2025-11-12;5;134
1;2025-11-12;6;555
1;2025-11-12;7;1534
1;2025-11-12;8;1958
1;2025-11-12;9;1505
1;2025-11-12;10;1350
1;2025-11-12;11;1383
1;2025-11-12;12;1454
1;2025-11-12;13;1487
1;2025-11-12;14;1433
1;2025-11-12;15;1579
1;2025-11-12;16;1593
1;2025-11-12;17;1828
1;2025-11-12;18;1857
1;2025-11-12;19;1375
1;2025-11-12;20;883
1;2025-11-12;21;479
1;2025-11-12;22;204
1;2025-11-12;23;48
1;2025-11-13;0;4
1;2025-11-13;1;0
1;2025-11-13;2;0
1;2025-11-13;3;0
1;2025-11-13;4;9
1;2025-11-13;5;135
1;2025-11-13;6;562
1;2025-11-13;7;1556
1;2025-11-13;8;1986
1;2025-11-13;9;1527
1;2025-11-13;10;1369
1;2025-11-13;11;1402
1;2025-11-13;12;1474
1;2025-11-13;13;1508
1;2025-11-13;14;1453
1;2025-11-13;15;1602
1;2025-11-13;16;1615
1;2025-11-13;17;1854
1;2025-11-13;18;1883
1;2025-11-13;19;1394
1;2025-11-13;20;896
1;2025-11-13;21;486
1;2025-11-13;22;207
1;2025-11-13;23;49
1;2025-11-14;0;5
1;2025-11-14;1;0
1;2025-11-14;2;0
1;2025-11-14;3;0
1;2025-11-14;4;6
1;2025-11-14;5;141
1;2025-11-14;6;535
1;2025-11-14;7;1578
1;2025-11-14;8;1887
1;2025-11-14;9;1465
1;2025-11-14;10;1315
1;2025-11-14;11;1439
1;2025-11-14;12;1442
1;2025-11-14;13;1488
1;2025-11-14;14;1410
1;2025-11-14;15;1592
1;2025-11-14;16;1687
1;2025-11-14;17;1826
1;2025-11-14;18;1556
1;2025-11-14;19;1224
1;2025-11-14;20;820
1;2025-11-14;21;501
1;2025-11-14;22;211
1;2025-11-14;23;54
1;2025-11-15;0;8
1;2025-11-15;1;0
1;2025-11-15;2;0
1;2025-11-15;3;0
1;2025-11-15;4;0
1;2025-11-15;5;34
1;2025-11-15;6;164
1;2025-11-15;7;352
1;2025-11-15;8;480
1;2025-11-15;9;771
1;2025-11-15;10;926
1;2025-11-15;11;917
1;2025-11-15;12;1124
1;2025-11-15;13;1153
1;2025-11-15;14;1072
1;2025-11-15;15;923
1;2025-11-15;16;811
1;2025-11-15;17;750
1;2025-11-15;18;649
1;2025-11-15;19;564
1;2025-11-15;20;432
1;2025-11-15;21;302
1;2025-11-15;22;129
1;2025-11-15;23;39
1;2025-11-16;0;0
1;2025-11-16;1;0
1;2025-11-16;2;0
1;2025-11-16;3;0
1;2025-11-16;4;0
1;2025-11-16;5;22
1;2025-11-16;6;120
1;2025-11-16;7;259
1;2025-11-16;8;354
1;2025-11-16;9;613
1;2025-11-16;10;710
1;2025-11-16;11;737
1;2025-11-16;12;880
1;2025-11-16;13;947
1;2025-11-16;14;840
1;2025-11-16;15;753
1;2025-11-16;16;680
1;2025-11-16;17;610
1;2025-11-16;18;524
1;2025-11-16;19;449
1;2025-11-16;20;359
1;2025-11-16;21;274
1;2025-11-16;22;109
1;2025-11-16;23;32
1;2025-11-17;0;4
1;2025-11-17;1;0
1;2025-11-17;2;0
1;2025-11-17;3;0
1;2025-11-17;4;9
1;2025-11-17;5;135
1;2025-11-17;6;560
1;2025-11-17;7;1549
1;2025-11-17;8;1977
1;2025-11-17;9;1519
1;2025-11-17;10;1363
1;2025-11-17;11;1396
1;2025-11-17;12;1468
1;2025-11-17;13;1501
1;2025-11-17;14;1447
1;2025-11-17;15;1595
1;2025-11-17;16;1608
1;2025-11-17;17;1845
1;2025-11-17;18;1875
1;2025-11-17;19;1388
1;2025-11-17;20;892
1;2025-11-17;21;483
1;2025-11-17;22;206
1;2025-11-17;23;49
1;2025-11-18;0;4
1;2025-11-18;1;0
1;2025-11-18;2;0
1;2025-11-18;3;0
1;2025-11-18;4;9
1;2025-11-18;5;134
1;2025-11-18;6;555
1;2025-11-18;7;1535
1;2025-11-18;8;1959
1;2025-11-18;9;1506
1;2025-11-18;10;1350
1;2025-11-18;11;1383
1;2025-11-18;12;1454
1;2025-11-18;13;1487
1;2025-11-18;14;1433
1;2025-11-18;15;1580
1;2025-11-18;16;1593
1;2025-11-18;17;1829
1;2025-11-18;18;1858
1;2025-11-18;19;1375
1;2025-11-18;20;884
1;2025-11-18;21;479
1;2025-11-18;22;204
1;2025-11-18;23;48
1;2025-11-19;0;4
1;2025-11-19;1;0
1;2025-11-19;2;0
1;2025-11-19;3;0
1;2025-11-19;4;9
1;2025-11-19;5;134
1;2025-11-19;6;555
1;2025-11-19;7;1535
1;2025-11-19;8;1959
1;2025-11-19;9;1506
1;2025-11-19;10;1350
1;2025-11-19;11;1383
1;2025-11-19;12;1454
1;2025-11-19;13;1487
1;2025-11-19;14;1433
1;2025-11-19;15;1580
1;2025-11-19;16;1593
1;2025-11-19;17;1829
1;2025-11-19;18;1858
1;2025-11-19;19;1375
1;2025-11-19;20;884
1;2025-11-19;21;479
1;2025-11-19;22;204
1;2025-11-19;23;48
1;2025-11-20;0;4
1;2025-11-20;1;0
1;2025-11-20;2;0
1;2025-11-20;3;0
1;2025-11-20;4;9
1;2025-11-20;5;135
1;2025-11-20;6;563
1;2025-11-20;7;1557
1;2025-11-20;8;1987
1;2025-11-20;9;1527
1;2025-11-20;10;1369
1;2025-11-20;11;1403
1;2025-11-20;12;1475
1;2025-11-20;13;1508
1;2025-11-20;14;1454
1;2025-11-20;15;1602
1;2025-11-20;16;1616
1;2025-11-20;17;1854
1;2025-11-20;18;1884
1;2025-11-20;19;1395
1;2025-11-20;20;896
1;2025-11-20;21;486
1;2025-11-20;22;207
1;2025-11-20;23;49
1;2025-11-21;0;5
1;2025-11-21;1;0
1;2025-11-21;2;0
1;2025-11-21;3;0
1;2025-11-21;4;6
1;2025-11-21;5;141
1;2025-11-21;6;535
1;2025-11-21;7;1578
1;2025-11-21;8;1887
1;2025-11-21;9;1465
1;2025-11-21;10;1315
1;2025-11-21;11;1439
1;2025-11-21;12;1442
1;2025-11-21;13;1488
1;2025-11-21;14;1410
1;2025-11-21;15;1592
1;2025-11-21;16;1687
1;2025-11-21;17;1826
1;2025-11-21;18;1556
1;2025-11-21;19;1224
1;2025-11-21;20;820
1;2025-11-21;21;501
1;2025-11-21;22;211
1;2025-11-21;23;54
1;2025-11-22;0;8
1;2025-11-22;1;0
1;2025-11-22;2;0
1;2025-11-22;3;0
1;2025-11-22;4;0
1;2025-11-22;5;34
1;2025-11-22;6;164
1;2025-11-22;7;352
1;2025-11-22;8;479
1;2025-11-22;9;770
1;2025-11-22;10;925
1;2025-11-22;11;916
1;2025-11-22;12;1123
1;2025-11-22;13;1152
1;2025-11-22;14;1071
1;2025-11-22;15;922
1;2025-11-22;16;811
1;2025-11-22;17;749
1;2025-11-22;18;649
1;2025-11-22;19;564
1;2025-11-22;20;432
1;2025-11-22;21;302
1;2025-11-22;22;129
1;2025-11-22;23;39
1;2025-11-23;0;0
1;2025-11-23;1;0
1;2025-11-23;2;0
1;2025-11-23;3;0
1;2025-11-23;4;0
1;2025-11-23;5;22
1;2025-11-23;6;120
1;2025-11-23;7;259
1;2025-11-23;8;354
1;2025-11-23;9;614
1;2025-11-23;10;711
1;2025-11-23;11;738
1;2025-11-23;12;882
1;2025-11-23;13;949
1;2025-11-23;14;841
1;2025-11-23;15;755
1;2025-11-23;16;681
1;2025-11-23;17;611
1;2025-11-23;18;525
1;2025-11-23;19;450
1;2025-11-23;20;360
1;2025-11-23;21;275
1;2025-11-23;22;109
1;2025-11-23;23;32
1;2025-11-24;0;4
1;2025-11-24;1;0
1;2025-11-24;2;0
1;2025-11-24;3;0
1;2025-11-24;4;9
1;2025-11-24;5;135
1;2025-11-24;6;560
1;2025-11-24;7;1549
1;2025-11-24;8;1977
1;2025-11-24;9;1519
1;2025-11-24;10;1363
1;2025-11-24;11;1396
1;2025-11-24;12;1468
1;2025-11-24;13;1501
1;2025-11-24;14;1447
1;2025-11-24;15;1595
1;2025-11-24;16;1608
1;2025-11-24;17;1845
1;2025-11-24;18;1875
1;2025-11-24;19;1388
1;2025-11-24;20;892
1;2025-11-24;21;483
1;2025-11-24;22;206
1;2025-11-24;23;49
1;2025-11-25;0;4
1;2025-11-25;1;0
1;2025-11-25;2;0
1;2025-11-25;3;0
1;2025-11-25;4;9
1;2025-11-25;5;134
1;2025-11-25;6;555
1;2025-11-25;7;1535
1;2025-11-25;8;1959
1;2025-11-25;9;1506
1;2025-11-25;10;1350
1;2025-11-25;11;1383
1;2025-11-25;12;1454
1;2025-11-25;13;1487
1;2025-11-25;14;1433
1;2025-11-25;15;1580
1;2025-11-25;16;1593
1;2025-11-25;17;1829
1;2025-11-25;18;1858
1;2025-11-25;19;1375
1;2025-11-25;20;884
1;2025-11-25;21;479
1;2025-11-25;22;204
1;2025-11-25;23;48
1;2025-11-26;0;4
1;2025-11-26;1;0
1;2025-11-26;2;0
1;2025-11-26;3;0
1;2025-11-26;4;9
1;2025-11-26;5;134
1;2025-11-26;6;555
1;2025-11-26;7;1535
1;2025-11-26;8;1959
1;2025-11-26;9;1506
1;2025-11-26;10;1350
1;2025-11-26;11;1383
1;2025-11-26;12;1454
1;2025-11-26;13;1487
1;2025-11-26;14;1433
1;2025-11-26;15;1580
1;2025-11-26;16;1593
1;2025-11-26;17;1829
1;2025-11-26;18;1858
1;2025-11-26;19;1375
1;2025-11-26;20;884
1;2025-11-26;21;479
1;2025-11-26;22;204
1;2025-11-26;23;48
1;2025-11-27;0;4
1;2025-11-27;1;0
1;2025-11-27;2;0
1;2025-11-27;3;0
1;2025-11-27;4;9
1;2025-11-27;5;135
1;2025-11-27;6;563
1;2025-11-27;7;1557
1;2025-11-27;8;1987
1;2025-11-27;9;1527
1;2025-11-27;10;1369
1;2025-11-27;11;1403
1;2025-11-27;12;1475
1;2025-11-27;13;1508
1;2025-11-27;14;1454
1;2025-11-27;15;1602
1;2025-11-27;16;1616
1;2025-11-27;17;1854
1;2025-11-27;18;1884
1;2025-11-27;19;1395
1;2025-11-27;20;896
1;2025-11-27;21;486
1;2025-11-27;22;207
1;2025-11-27;23;49
1;2025-11-28;0;5
1;2025-11-28;1;0
1;2025-11-28;2;0
1;2025-11-28;3;0
1;2025-11-28;4;6
1;2025-11-28;5;141
1;2025-11-28;6;535
1;2025-11-28;7;1578
1;2025-11-28;8;1887
1;2025-11-28;9;1465
1;2025-11-28;10;1315
1;2025-11-28;11;1439
1;2025-11-28;12;1442
1;2025-11-28;13;1488
1;2025-11-28;14;1410
1;2025-11-28;15;1592
1;2025-11-28;16;1687
1;2025-11-28;17;1826
1;2025-11-28;18;1556
1;2025-11-28;19;1224
1;2025-11-28;20;820
1;2025-11-28;21;501
1;2025-11-28;22;211
1;2025-11-28;23;54
1;2025-11-29;0;8
1;2025-11-29;1;0
1;2025-11-29;2;0
1;2025-11-29;3;0
1;2025-11-29;4;0
1;2025-11-29;5;34
1;2025-11-29;6;164
1;2025-11-29;7;352
1;2025-11-29;8;479
1;2025-11-29;9;769
1;2025-11-29;10;924
1;2025-11-29;11;915
1;2025-11-29;12;1122
1;2025-11-29;13;1150
1;2025-11-29;14;1070
1;2025-11-29;15;921
1;2025-11-29;16;810
1;2025-11-29;17;749
1;2025-11-29;18;648
1;2025-11-29;19;563
1;2025-11-29;20;432
1;2025-11-29;21;301
1;2025-11-29;22;129
1;2025-11-29;23;39
1;2025-11-30;0;0
1;2025-11-30;1;0
1;2025-11-30;2;0
1;2025-11-30;3;0
1;2025-11-30;4;0
1;2025-11-30;5;22
1;2025-11-30;6;120
1;2025-11-30;7;260
1;2025-11-30;8;355
1;2025-11-30;9;615
1;2025-11-30;10;712
1;2025-11-30;11;739
1;2025-11-30;12;883
1;2025-11-30;13;950
1;2025-11-30;14;843
1;2025-11-30;15;756
1;2025-11-30;16;682
1;2025-11-30;17;612
1;2025-11-30;18;526
1;2025-11-30;19;450
1;2025-11-30;20;361
1;2025-11-30;21;275
1;2025-11-30;22;109
1;2025-11-30;23;32
1;2025-12-01;0;4
1;2025-12-01;1;0
1;2025-12-01;2;0
1;2025-12-01;3;0
1;2025-12-01;4;9
1;2025-12-01;5;135
1;2025-12-01;6;560
1;2025-12-01;7;1549
1;2025-12-01;8;1977
1;2025-12-01;9;1519
1;2025-12-01;10;1363
1;2025-12-01;11;1396
1;2025-12-01;12;1468
1;2025-12-01;13;1501
1;2025-12-01;14;1447
1;2025-12-01;15;1595
1;2025-12-01;16;1608
1;2025-12-01;17;1845
1;2025-12-01;18;1875
1;2025-12-01;19;1388
1;2025-12-01;20;892
1;2025-12-01;21;483
1;2025-12-01;22;206
1;2025-12-01;23;49
1;2025-12-02;0;4
1;2025-12-02;1;0
1;2025-12-02;2;0
1;2025-12-02;3;0
1;2025-12-02;4;9
1;2025-12-02;5;134
1;2025-12-02;6;555
1;2025-12-02;7;1535
1;2025-12-02;8;1959
1;2025-12-02;9;1506
1;2025-12-02;10;1350
1;2025-12-02;11;1383
1;2025-12-02;12;1454
1;2025-12-02;13;1487
1;2025-12-02;14;1433
1;2025-12-02;15;1580
1;2025-12-02;16;1593
1;2025-12-02;17;1829
1;2025-12-02;18;1858
1;2025-12-02;19;1375
1;2025-12-02;20;884
1;2025-12-02;21;479
1;2025-12-02;22;204
1;2025-12-02;23;48
1;2025-12-03;0;4
1;2025-12-03;1;0
1;2025-12-03;2;0
1;2025-12-03;3;0
1;2025-12-03;4;9
1;2025-12-03;5;134
1;2025-12-03;6;555
1;2025-12-03;7;1535
1;2025-12-03;8;1959
1;2025-12-03;9;1506
1;2025-12-03;10;1350
1;2025-12-03;11;1383
1;2025-12-03;12;1454
1;2025-12-03;13;1487
1;2025-12-03;14;1433
1;2025-12-03;15;1580
1;2025-12-03;16;1593
1;2025-12-03;17;1829
1;2025-12-03;18;1858
1;2025-12-03;19;1375
1;2025-12-03;20;884
1;2025-12-03;21;479
1;2025-12-03;22;204
1;2025-12-03;23;48
1;2025-12-04;0;4
1;2025-12-04;1;0
1;2025-12-04;2;0
1;2025-12-04;3;0
1;2025-12-04;4;9
1;2025-12-04;5;135
1;2025-12-04;6;563
1;2025-12-04;7;1557
1;2025-12-04;8;1987
1;2025-12-04;9;1527
1;2025-12-04;10;1369
1;2025-12-04;11;1403
1;2025-12-04;12;1475
1;2025-12-04;13;1508
1;2025-12-04;14;1454
1;2025-12-04;15;1602
1;2025-12-04;16;1616
1;2025-12-04;17;1854
1;2025-12-04;18;1884
1;2025-12-04;19;1395
1;2025-12-04;20;896
1;2025-12-04;21;486
1;2025-12-04;22;207
1;2025-12-04;23;49
1;2025-12-05;0;5
1;2025-12-05;1;0
1;2025-12-05;2;0
1;2025-12-05;3;0
1;2025-12-05;4;6
1;2025-12-05;5;141
1;2025-12-05;6;535
1;2025-12-05;7;1578
1;2025-12-05;8;1887
1;2025-12-05;9;1465
1;2025-12-05;10;1315
1;2025-12-05;11;1439
1;2025-12-05;12;1442
1;2025-12-05;13;1488
1;2025-12-05;14;1410
1;2025-12-05;15;1592
1;2025-12-05;16;1687
1;2025-12-05;17;1826
1;2025-12-05;18;1556
1;2025-12-05;19;1224
1;2025-12-05;20;820
1;2025-12-05;21;501
1;2025-12-05;22;211
1;2025-12-05;23;54
1;2025-12-06;0;8
1;2025-12-06;1;0
1;2025-12-06;2;0
1;2025-12-06;3;0
1;2025-12-06;4;0
1;2025-12-06;5;34
1;2025-12-06;6;164
1;2025-12-06;7;351
1;2025-12-06;8;479
1;2025-12-06;9;768
1;2025-12-06;10;923
1;2025-12-06;11;914
1;2025-12-06;12;1121
1;2025-12-06;13;1149
1;2025-12-06;14;1069
1;2025-12-06;15;920
1;2025-12-06;16;809
1;2025-12-06;17;748
1;2025-12-06;18;647
1;2025-12-06;19;563
1;2025-12-06;20;431
1;2025-12-06;21;301
1;2025-12-06;22;128
1;2025-12-06;23;39
1;2025-12-07;0;0
1;2025-12-07;1;0
1;2025-12-07;2;0
1;2025-12-07;3;0
1;2025-12-07;4;0
1;2025-12-07;5;22
1;2025-12-07;6;120
1;2025-12-07;7;260
1;2025-12-07;8;356
1;2025-12-07;9;616
1;2025-12-07;10;714
1;2025-12-07;11;741
1;2025-12-07;12;884
1;2025-12-07;13;952
1;2025-12-07;14;844
1;2025-12-07;15;757
1;2025-12-07;16;683
1;2025-12-07;17;613
1;2025-12-07;18;527
1;2025-12-07;19;451
1;2025-12-07;20;361
1;2025-12-07;21;276
1;2025-12-07;22;110
1;2025-12-07;23;32
1;2025-12-08;0;4
1;2025-12-08;1;0
1;2025-12-08;2;0
1;2025-12-08;3;0
1;2025-12-08;4;9
1;2025-12-08;5;135
1;2025-12-08;6;560
1;2025-12-08;7;1549
1;2025-12-08;8;1977
1;2025-12-08;9;1519
1;2025-12-08;10;1363
1;2025-12-08;11;1396
1;2025-12-08;12;1468
1;2025-12-08;13;1501
1;2025-12-08;14;1447
1;2025-12-08;15;1595
1;2025-12-08;16;1608
1;2025-12-08;17;1845
1;2025-12-08;18;1875
1;2025-12-08;19;1388
1;2025-12-08;20;892
1;2025-12-08;21;483
1;2025-12-08;22;206
1;2025-12-08;23;49
1;2025-12-09;0;4
1;2025-12-09;1;0
1;2025-12-09;2;0
1;2025-12-09;3;0
1;2025-12-09;4;9
1;2025-12-09;5;134
1;2025-12-09;6;555
1;2025-12-09;7;1535
1;2025-12-09;8;1959
1;2025-12-09;9;1506
1;2025-12-09;10;1350
1;2025-12-09;11;1383
1;2025-12-09;12;1454
1;2025-12-09;13;1487
1;2025-12-09;14;1433
1;2025-12-09;15;1580
1;2025-12-09;16;1593
1;2025-12-09;17;1829
1;2025-12-09;18;1858
1;2025-12-09;19;1375
1;2025-12-09;20;884
1;2025-12-09;21;479
1;2025-12-09;22;204
1;2025-12-09;23;48
1;2025-12-10;0;4
1;2025-12-10;1;0
1;2025-12-10;2;0
1;2025-12-10;3;0
1;2025-12-10;4;9
1;2025-12-10;5;134
1;2025-12-10;6;555
1;2025-12-10;7;1535
1;2025-12-10;8;1959
1;2025-12-10;9;1506
1;2025-12-10;10;1350
1;2025-12-10;11;1383
1;2025-12-10;12;1454
1;2025-12-10;13;1487
1;2025-12-10;14;1433
1;2025-12-10;15;1580
1;2025-12-10;16;1593
1;2025-12-10;17;1829
1;2025-12-10;18;1858
1;2025-12-10;19;1375
1;2025-12-10;20;884
1;2025-12-10;21;479
1;2025-12-10;22;204
1;2025-12-10;23;48
1;2025-12-11;0;4
1;2025-12-11;1;0
1;2025-12-11;2;0
1;2025-12-11;3;0
1;2025-12-11;4;9
1;2025-12-11;5;135
1;2025-12-11;6;563
1;2025-12-11;7;1557
1;2025-12-11;8;1987
1;2025-12-11;9;1527
1;2025-12-11;10;1369
1;2025-12-11;11;1403
1;2025-12-11;12;1475
1;2025-12-11;13;1508
1;2025-12-11;14;1454
1;2025-12-11;15;1602
1;2025-12-11;16;1616
1;2025-12-11;17;1854
1;2025-12-11;18;1884
1;2025-12-11;19;1395
1;2025-12-11;20;896
1;2025-12-11;21;486
1;2025-12-11;22;207
1;2025-12-11;23;49
1;2025-12-12;0;5
1;2025-12-12;1;0
1;2025-12-12;2;0
1;2025-12-12;3;0
1;2025-12-12;4;6
1;2025-12-12;5;141
1;2025-12-12;6;535
1;2025-12-12;7;1578
1;2025-12-12;8;1887
1;2025-12-12;9;1465
1;2025-12-12;10;1315
1;2025-12-12;11;1439
1;2025-12-12;12;1442
1;2025-12-12;13;1488
1;2025-12-12;14;1410
1;2025-12-12;15;1592
1;2025-12-12;16;1687
1;2025-12-12;17;1826
1;2025-12-12;18;1556
1;2025-12-12;19;1224
1;2025-12-12;20;820
1;2025-12-12;21;501
1;2025-12-12;22;211
1;2025-12-12;23;54
1;2025-12-13;0;8
1;2025-12-13;1;0
1;2025-12-13;2;0
1;2025-12-13;3;0
1;2025-12-13;4;0
1;2025-12-13;5;34
1;2025-12-13;6;164
1;2025-12-13;7;351
1;2025-12-13;8;478
1;2025-12-13;9;768
1;2025-12-13;10;922
1;2025-12-13;11;913
1;2025-12-13;12;1120
1;2025-12-13;13;1148
1;2025-12-13;14;1068
1;2025-12-13;15;920
1;2025-12-13;16;808
1;2025-12-13;17;747
1;2025-12-13;18;647
1;2025-12-13;19;562
1;2025-12-13;20;431
1;2025-12-13;21;301
1;2025-12-13;22;128
1;2025-12-13;23;38
1;2025-12-14;0;0
1;2025-12-14;1;0
1;2025-12-14;2;0
1;2025-12-14;3;0
1;2025-12-14;4;0
1;2025-12-14;5;22
1;2025-12-14;6;121
1;2025-12-14;7;261
1;2025-12-14;8;356
1;2025-12-14;9;617
1;2025-12-14;10;715
1;2025-12-14;11;742
1;2025-12-14;12;886
1;2025-12-14;13;954
1;2025-12-14;14;845
1;2025-12-14;15;758
1;2025-12-14;16;685
1;2025-12-14;17;615
1;2025-12-14;18;528
1;2025-12-14;19;452
1;2025-12-14;20;362
1;2025-12-14;21;276
1;2025-12-14;22;110
1;2025-12-14;23;32
1;2025-12-15;0;4
1;2025-12-15;1;0
1;2025-12-15;2;0
1;2025-12-15;3;0
1;2025-12-15;4;9
1;2025-12-15;5;135
1;2025-12-15;6;560
1;2025-12-15;7;1549
1;2025-12-15;8;1977
1;2025-12-15;9;1519
1;2025-12-15;10;1363
1;2025-12-15;11;1396
1;2025-12-15;12;1468
1;2025-12-15;13;1501
1;2025-12-15;14;1447
1;2025-12-15;15;1595
1;2025-12-15;16;1608
1;2025-12-15;17;1845
1;2025-12-15;18;1875
1;2025-12-15;19;1388
1;2025-12-15;20;892
1;2025-12-15;21;483
1;2025-12-15;22;206
1;2025-12-15;23;49
1;2025-12-16;0;4
1;2025-12-16;1;0
1;2025-12-16;2;0
1;2025-12-16;3;0
1;2025-12-16;4;9
1;2025-12-16;5;134
1;2025-12-16;6;555
1;2025-12-16;7;1535
1;2025-12-16;8;1959
1;2025-12-16;9;1506
1;2025-12-16;10;1350
1;2025-12-16;11;1383
1;2025-12-16;12;1454
1;2025-12-16;13;1487
1;2025-12-16;14;1433
1;2025-12-16;15;1580
1;2025-12-16;16;1593
1;2025-12-16;17;1829
1;2025-12-16;18;1858
1;2025-12-16;19;1375
1;2025-12-16;20;884
1;2025-12-16;21;479
1;2025-12-16;22;204
1;2025-12-16;23;48
1;2025-12-17;0;4
1;2025-12-17;1;0
1;2025-12-17;2;0
1;2025-12-17;3;0
1;2025-12-17;4;9
1;2025-12-17;5;134
1;2025-12-17;6;555
1;2025-12-17;7;1535
1;2025-12-17;8;1959
1;2025-12-17;9;1506
1;2025-12-17;10;1350
1;2025-12-17;11;1383
1;2025-12-17;12;1454
1;2025-12-17;13;1487
1;2025-12-17;14;1433
1;2025-12-17;15;1580
1;2025-12-17;16;1593
1;2025-12-17;17;1829
1;2025-12-17;18;1858
1;2025-12-17;19;1375
1;2025-12-17;20;884
1;2025-12-17;21;479
1;2025-12-17;22;204
1;2025-12-17;23;48
1;2025-12-18;0;4
1;2025-12-18;1;0
1;2025-12-18;2;0
1;2025-12-18;3;0
1;2025-12-18;4;9
1;2025-12-18;5;135
1;2025-12-18;6;563
1;2025-12-18;7;1557
1;2025-12-18;8;1987
1;2025-12-18;9;1527
1;2025-12-18;10;1369
1;2025-12-18;11;1403
1;2025-12-18;12;1475
1;2025-12-18;13;1508
1;2025-12-18;14;1454
1;2025-12-18;15;1602
1;2025-12-18;16;1616
1;2025-12-18;17;1854
1;2025-12-18;18;1884
1;2025-12-18;19;1395
1;2025-12-18;20;896
1;2025-12-18;21;486
1;2025-12-18;22;207
1;2025-12-18;23;49
1;2025-12-19;0;5
1;2025-12-19;1;0
1;2025-12-19;2;0
1;2025-12-19;3;0
1;2025-12-19;4;6
1;2025-12-19;5;141
1;2025-12-19;6;535
1;2025-12-19;7;1578
1;2025-12-19;8;1887
1;2025-12-19;9;1465
1;2025-12-19;10;1315
1;2025-12-19;11;1439
1;2025-12-19;12;1442
1;2025-12-19;13;1488
1;2025-12-19;14;1410
1;2025-12-19;15;1592
1;2025-12-19;16;1687
1;2025-12-19;17;1826
1;2025-12-19;18;1556
1;2025-12-19;19;1224
1;2025-12-19;20;820
1;2025-12-19;21;501
1;2025-12-19;22;211
1;2025-12-19;23;54
1;2025-12-20;0;8
1;2025-12-20;1;0
1;2025-12-20;2;0
1;2025-12-20;3;0
1;2025-12-20;4;0
1;2025-12-20;5;34
1;2025-12-20;6;163
1;2025-12-20;7;351
1;2025-12-20;8;478
1;2025-12-20;9;767
1;2025-12-20;10;921
1;2025-12-20;11;912
1;2025-12-20;12;1119
1;2025-12-20;13;1147
1;2025-12-20;14;1067
1;2025-12-20;15;919
1;2025-12-20;16;808
1;2025-12-20;17;747
1;2025-12-20;18;646
1;2025-12-20;19;562
1;2025-12-20;20;430
1;2025-12-20;21;300
1;2025-12-20;22;128
1;2025-12-20;23;38
1;2025-12-21;0;0
1;2025-12-21;1;0
1;2025-12-21;2;0
1;2025-12-21;3;0
1;2025-12-21;4;0
1;2025-12-21;5;22
1;2025-12-21;6;121
1;2025-12-21;7;261
1;2025-12-21;8;357
1;2025-12-21;9;618
1;2025-12-21;10;716
1;2025-12-21;11;743
1;2025-12-21;12;887
1;2025-12-21;13;955
1;2025-12-21;14;847
1;2025-12-21;15;760
1;2025-12-21;16;686
1;2025-12-21;17;616
1;2025-12-21;18;528
1;2025-12-21;19;453
1;2025-12-21;20;362
1;2025-12-21;21;277
1;2025-12-21;22;110
1;2025-12-21;23;32
1;2025-12-22;0;4
1;2025-12-22;1;0
1;2025-12-22;2;0
1;2025-12-22;3;0
1;2025-12-22;4;9
1;2025-12-22;5;135
1;2025-12-22;6;560
1;2025-12-22;7;1549
1;2025-12-22;8;1977
1;2025-12-22;9;1519
1;2025-12-22;10;1363
1;2025-12-22;11;1396
1;2025-12-22;12;1468
1;2025-12-22;13;1501
1;2025-12-22;14;1447
1;2025-12-22;15;1595
1;2025-12-22;16;1608
1;2025-12-22;17;1845
1;2025-12-22;18;1875
1;2025-12-22;19;1388
1;2025-12-22;20;892
1;2025-12-22;21;483
1;2025-12-22;22;206
1;2025-12-22;23;49
1;2025-12-23;0;4
1;2025-12-23;1;0
1;2025-12-23;2;0
1;2025-12-23;3;0
1;2025-12-23;4;9
1;2025-12-23;5;134
1;2025-12-23;6;555
1;2025-12-23;7;1535
1;2025-12-23;8;1959
1;2025-12-23;9;1506
1;2025-12-23;10;1350
1;2025-12-23;11;1383
1;2025-12-23;12;1454
1;2025-12-23;13;1487
1;2025-12-23;14;1433
1;2025-12-23;15;1580
1;2025-12-23;16;1593
1;2025-12-23;17;1829
1;2025-12-23;18;1858
1;2025-12-23;19;1375
1;2025-12-23;20;884
1;2025-12-23;21;479
1;2025-12-23;22;204
1;2025-12-23;23;48
1;2025-12-24;0;4
1;2025-12-24;1;0
1;2025-12-24;2;0
1;2025-12-24;3;0
1;2025-12-24;4;9
1;2025-12-24;5;134
1;2025-12-24;6;555
1;2025-12-24;7;1535
1;2025-12-24;8;1959
1;2025-12-24;9;1506
1;2025-12-24;10;1350
1;2025-12-24;11;1383
1;2025-12-24;12;1454
1;2025-12-24;13;1487
1;2025-12-24;14;1433
1;2025-12-24;15;1580
1;2025-12-24;16;1593
1;2025-12-24;17;1829
1;2025-12-24;18;1858
1;2025-12-24;19;1375
1;2025-12-24;20;884
1;2025-12-24;21;479
1;2025-12-24;22;204
1;2025-12-24;23;48
1;2025-12-25;0;4
1;2025-12-25;1;0
1;2025-12-25;2;0
1;2025-12-25;3;0
1;2025-12-25;4;9
1;2025-12-25;5;135
1;2025-12-25;6;563
1;2025-12-25;7;1557
1;2025-12-25;8;1987
1;2025-12-25;9;1527
1;2025-12-25;10;1369
1;2025-12-25;11;1403
1;2025-12-25;12;1475
1;2025-12-25;13;1508
1;2025-12-25;14;1454
1;2025-12-25;15;1602
1;2025-12-25;16;1616
1;2025-12-25;17;1854
1;2025-12-25;18;1884
1;2025-12-25;19;1395
1;2025-12-25;20;896
1;2025-12-25;21;486
1;2025-12-25;22;207
1;2025-12-25;23;49
1;2025-12-26;0;6
1;2025-12-26;1;0
1;2025-12-26;2;0
1;2025-12-26;3;0
1;2025-12-26;4;7
1;2025-12-26;5;145
1;2025-12-26;6;551
1;2025-12-26;7;1625
1;2025-12-26;8;1944
1;2025-12-26;9;1509
1;2025-12-26;10;1355
1;2025-12-26;11;1482
1;2025-12-26;12;1485
1;2025-12-26;13;1533
1;2025-12-26;14;1452
1;2025-12-26;15;1640
1;2025-12-26;16;1737
1;2025-12-26;17;1881
1;2025-12-26;18;1603
1;2025-12-26;19;1260
1;2025-12-26;20;844
1;2025-12-26;21;516
1;2025-12-26;22;217
1;2025-12-26;23;56
1;2025-12-27;0;8
1;2025-12-27;1;0
1;2025-12-27;2;0
1;2025-12-27;3;0
1;2025-12-27;4;0
1;2025-12-27;5;34
1;2025-12-27;6;163
1;2025-12-27;7;350
1;2025-12-27;8;477
1;2025-12-27;9;766
1;2025-12-27;10;921
1;2025-12-27;11;911
1;2025-12-27;12;1118
1;2025-12-27;13;1146
1;2025-12-27;14;1066
1;2025-12-27;15;918
1;2025-12-27;16;807
1;2025-12-27;17;746
1;2025-12-27;18;646
1;2025-12-27;19;561
1;2025-12-27;20;430
1;2025-12-27;21;300
1;2025-12-27;22;128
1;2025-12-27;23;38
1;2025-12-28;0;0
1;2025-12-28;1;0
1;2025-12-28;2;0
1;2025-12-28;3;0
1;2025-12-28;4;0
1;2025-12-28;5;23
1;2025-12-28;6;121
1;2025-12-28;7;262
1;2025-12-28;8;357
1;2025-12-28;9;620
1;2025-12-28;10;717
1;2025-12-28;11;744
1;2025-12-28;12;889
1;2025-12-28;13;957
1;2025-12-28;14;848
1;2025-12-28;15;761
1;2025-12-28;16;687
1;2025-12-28;17;617
1;2025-12-28;18;529
1;2025-12-28;19;453
1;2025-12-28;20;363
1;2025-12-28;21;277
1;2025-12-28;22;110
1;2025-12-28;23;32
1;2025-12-29;0;4
1;2025-12-29;1;0
1;2025-12-29;2;0
1;2025-12-29;3;0
1;2025-12-29;4;8
1;2025-12-29;5;126
1;2025-12-29;6;523
1;2025-12-29;7;1448
1;2025-12-29;8;1849
1;2025-12-29;9;1421
1;2025-12-29;10;1274
1;2025-12-29;11;1305
1;2025-12-29;12;1372
1;2025-12-29;13;1403
1;2025-12-29;14;1353
1;2025-12-29;15;1491
1;2025-12-29;16;1504
1;2025-12-29;17;1725
1;2025-12-29;18;1753
1;2025-12-29;19;1298
1;2025-12-29;20;834
1;2025-12-29;21;452
1;2025-12-29;22;192
1;2025-12-29;23;46
1;2025-12-30;0;4
1;2025-12-30;1;0
1;2025-12-30;2;0
1;2025-12-30;3;0
1;2025-12-30;4;8
1;2025-12-30;5;125
1;2025-12-30;6;519
1;2025-12-30;7;1435
1;2025-12-30;8;1832
1;2025-12-30;9;1408
1;2025-12-30;10;1263
1;2025-12-30;11;1293
1;2025-12-30;12;1360
1;2025-12-30;13;1391
1;2025-12-30;14;1340
1;2025-12-30;15;1477
1;2025-12-30;16;1490
1;2025-12-30;17;1710
1;2025-12-30;18;1737
1;2025-12-30;19;1286
1;2025-12-30;20;826
1;2025-12-30;21;448
1;2025-12-30;22;191
1;2025-12-30;23;45
1;2025-12-31;0;0
1;2025-12-31;1;0
1;2025-12-31;2;0
1;2025-12-31;3;0
1;2025-12-31;4;0
1;2025-12-31;5;22
1;2025-12-31;6;118
1;2025-12-31;7;256
1;2025-12-31;8;350
1;2025-12-31;9;606
1;2025-12-31;10;702
1;2025-12-31;11;728
1;2025-12-31;12;870
1;2025-12-31;13;936
1;2025-12-31;14;830
1;2025-12-31;15;744
1;2025-12-31;16;672
1;2025-12-31;17;603
1;2025-12-31;18;259
1;2025-12-31;19;222
1;2025-12-31;20;178
1;2025-12-31;21;136
1;2025-12-31;22;54
1;2025-12-31;23;16
5;2025-11-01;0;0
5;2025-11-01;1;0
5;2025-11-01;2;0
5;2025-11-01;3;0
5;2025-11-01;4;0
5;2025-11-01;5;0
5;2025-11-01;6;0
5;2025-11-01;7;0
5;2025-11-01;8;0
5;2025-11-01;9;0
5;2025-11-01;10;0
5;2025-11-01;11;0
5;2025-11-01;12;0
5;2025-11-01;13;0
5;2025-11-01;14;0
5;2025-11-01;15;0
5;2025-11-01;16;0
5;2025-11-01;17;0
5;2025-11-01;18;0
5;2025-11-01;19;0
5;2025-11-01;20;0
5;2025-11-01;21;0
5;2025-11-01;22;0
5;2025-11-01;23;0
5;2025-11-02;0;0
5;2025-11-02;1;0
5;2025-11-02;2;0
5;2025-11-02;3;0
5;2025-11-02;4;0
5;2025-11-02;5;0
5;2025-11-02;6;0
5;2025-11-02;7;0
5;2025-11-02;8;0
5;2025-11-02;9;0
5;2025-11-02;10;0
5;2025-11-02;11;0
5;2025-11-02;12;0
5;2025-11-02;13;0
5;2025-11-02;14;0
5;2025-11-02;15;0
5;2025-11-02;16;0
5;2025-11-02;17;0
5;2025-11-02;18;0
5;2025-11-02;19;0
5;2025-11-02;20;0
5;2025-11-02;21;0
5;2025-11-02;22;0
5;2025-11-02;23;0
5;2025-11-03;0;0
5;2025-11-03;1;0
5;2025-11-03;2;0
5;2025-11-03;3;0
5;2025-11-03;4;0
5;2025-11-03;5;0
5;2025-11-03;6;0
5;2025-11-03;7;0
5;2025-11-03;8;0
5;2025-11-03;9;0
5;2025-11-03;10;0
5;2025-11-03;11;0
5;2025-11-03;12;0
5;2025-11-03;13;0
5;2025-11-03;14;0
5;2025-11-03;15;0
5;2025-11-03;16;0
5;2025-11-03;17;0
5;2025-11-03;18;0
5;2025-11-03;19;0
5;2025-11-03;20;0
5;2025-11-03;21;0
5;2025-11-03;22;0
5;2025-11-03;23;0
5;2025-11-04;0;0
5;2025-11-04;1;0
5;2025-11-04;2;0
5;2025-11-04;3;0
5;2025-11-04;4;0
5;2025-11-04;5;0
5;2025-11-04;6;0
5;2025-11-04;7;0
5;2025-11-04;8;0
5;2025-11-04;9;0
5;2025-11-04;10;0
5;2025-11-04;11;0
5;2025-11-04;12;0
5;2025-11-04;13;0
5;2025-11-04;14;0
5;2025-11-04;15;0
5;2025-11-04;16;0
5;2025-11-04;17;0
5;2025-11-04;18;0
5;2025-11-04;19;0
5;2025-11-04;20;0
5;2025-11-04;21;0
5;2025-11-04;22;0
5;2025-11-04;23;0
5;2025-11-05;0;0
5;2025-11-05;1;0
5;2025-11-05;2;0
5;2025-11-05;3;0
5;2025-11-05;4;0
5;2025-11-05;5;0
5;2025-11-05;6;0
5;2025-11-05;7;0
5;2025-11-05;8;0
5;2025-11-05;9;0
5;2025-11-05;10;0
5;2025-11-05;11;0
5;2025-11-05;12;0
5;2025-11-05;13;0
5;2025-11-05;14;0
5;2025-11-05;15;0
5;2025-11-05;16;0
5;2025-11-05;17;0
5;2025-11-05;18;0
5;2025-11-05;19;0
5;2025-11-05;20;0
5;2025-11-05;21;0
5;2025-11-05;22;0
5;2025-11-05;23;0
5;2025-11-06;0;0
5;2025-11-06;1;0
5;2025-11-06;2;0
5;2025-11-06;3;0
5;2025-11-06;4;0
5;2025-11-06;5;0
5;2025-11-06;6;0
5;2025-11-06;7;0
5;2025-11-06;8;0
5;2025-11-06;9;0
5;2025-11-06;10;0
5;2025-11-06;11;0
5;2025-11-06;12;0
5;2025-11-06;13;0
5;2025-11-06;14;0
5;2025-11-06;15;0
5;2025-11-06;16;0
5;2025-11-06;17;0
5;2025-11-06;18;0
5;2025-11-06;19;0
5;2025-11-06;20;0
5;2025-11-06;21;0
5;2025-11-06;22;0
5;2025-11-06;23;0
5;2025-11-07;0;0
5;2025-11-07;1;0
5;2025-11-07;2;0
5;2025-11-07;3;0
5;2025-11-07;4;0
5;2025-11-07;5;0
5;2025-11-07;6;0
5;2025-11-07;7;0
5;2025-11-07;8;0
5;2025-11-07;9;0
5;2025-11-07;10;0
5;2025-11-07;11;0
5;2025-11-07;12;0
5;2025-11-07;13;0
5;2025-11-07;14;0
5;2025-11-07;15;0
5;2025-11-07;16;0
5;2025-11-07;17;0
5;2025-11-07;18;0
5;2025-11-07;19;0
5;2025-11-07;20;0
5;2025-11-07;21;0
5;2025-11-07;22;0
5;2025-11-07;23;0
5;2025-11-08;0;0
5;2025-11-08;1;0
5;2025-11-08;2;0
5;2025-11-08;3;0
5;2025-11-08;4;0
5;2025-11-08;5;0
5;2025-11-08;6;0
5;2025-11-08;7;0
5;2025-11-08;8;0
5;2025-11-08;9;0
5;2025-11-08;10;0
5;2025-11-08;11;0
5;2025-11-08;12;0
5;2025-11-08;13;0
5;2025-11-08;14;0
5;2025-11-08;15;0
5;2025-11-08;16;0
5;2025-11-08;17;0
5;2025-11-08;18;0
5;2025-11-08;19;0
5;2025-11-08;20;0
5;2025-11-08;21;0
5;2025-11-08;22;0
5;2025-11-08;23;0
5;2025-11-09;0;0
5;2025-11-09;1;0
5;2025-11-09;2;0
5;2025-11-09;3;0
5;2025-11-09;4;0
5;2025-11-09;5;0
5;2025-11-09;6;0
5;2025-11-09;7;0
5;2025-11-09;8;0
5;2025-11-09;9;0
5;2025-11-09;10;0
5;2025-11-09;11;0
5;2025-11-09;12;0
5;2025-11-09;13;0
5;2025-11-09;14;0
5;2025-11-09;15;0
5;2025-11-09;16;0
5;2025-11-09;17;0
5;2025-11-09;18;0
5;2025-11-09;19;0
5;2025-11-09;20;0
5;2025-11-09;21;0
5;2025-11-09;22;0
5;2025-11-09;23;0
5;2025-11-10;0;0
5;2025-11-10;1;0
5;2025-11-10;2;0
5;2025-11-10;3;0
5;2025-11-10;4;0
5;2025-11-10;5;0
5;2025-11-10;6;0
5;2025-11-10;7;0
5;2025-11-10;8;0
5;2025-11-10;9;0
5;2025-11-10;10;0
5;2025-11-10;11;0
5;2025-11-10;12;0
5;2025-11-10;13;0
5;2025-11-10;14;0
5;2025-11-10;15;0
5;2025-11-10;16;0
5;2025-11-10;17;0
5;2025-11-10;18;0
5;2025-11-10;19;0
5;2025-11-10;20;0
5;2025-11-10;21;0
5;2025-11-10;22;0
5;2025-11-10;23;0
5;2025-11-11;0;0
5;2025-11-11;1;0
5;2025-11-11;2;0
5;2025-11-11;3;0
5;2025-11-11;4;0
5;2025-11-11;5;0
5;2025-11-11;6;0
5;2025-11-11;7;0
5;2025-11-11;8;0
5;2025-11-11;9;0
5;2025-11-11;10;0
5;2025-11-11;11;0
5;2025-11-11;12;0
5;2025-11-11;13;0
5;2025-11-11;14;0
5;2025-11-11;15;0
5;2025-11-11;16;0
5;2025-11-11;17;0
5;2025-11-11;18;0
5;2025-11-11;19;0
5;2025-11-11;20;0
5;2025-11-11;21;0
5;2025-11-11;22;0
5;2025-11-11;23;0
5;2025-11-12;0;0
5;2025-11-12;1;0
5;2025-11-12;2;0
5;2025-11-12;3;0
5;2025-11-12;4;0
5;2025-11-12;5;0
5;2025-11-12;6;0
5;2025-11-12;7;0
5;2025-11-12;8;0
5;2025-11-12;9;0
5;2025-11-12;10;0
5;2025-11-12;11;0
5;2025-11-12;12;0
5;2025-11-12;13;0
5;2025-11-12;14;0
5;2025-11-12;15;0
5;2025-11-12;16;0
5;2025-11-12;17;0
5;2025-11-12;18;0
5;2025-11-12;19;0
5;2025-11-12;20;0
5;2025-11-12;21;0
5;2025-11-12;22;0
5;2025-11-12;23;0
5;2025-11-13;0;0
5;2025-11-13;1;0
5;2025-11-13;2;0
5;2025-11-13;3;0
5;2025-11-13;4;0
5;2025-11-13;5;0
5;2025-11-13;6;0
5;2025-11-13;7;0
5;2025-11-13;8;0
5;2025-11-13;9;0
5;2025-11-13;10;0
5;2025-11-13;11;0
5;2025-11-13;12;0
5;2025-11-13;13;0
5;2025-11-13;14;0
5;2025-11-13;15;0
5;2025-11-13;16;0
5;2025-11-13;17;0
5;2025-11-13;18;0
5;2025-11-13;19;0
5;2025-11-13;20;0
5;2025-11-13;21;0
5;2025-11-13;22;0
5;2025-11-13;23;0
5;2025-11-14;0;0
5;2025-11-14;1;0
5;2025-11-14;2;0
5;2025-11-14;3;0
5;2025-11-14;4;0
5;2025-11-14;5;0
5;2025-11-14;6;0
5;2025-11-14;7;0
5;2025-11-14;8;0
5;2025-11-14;9;0
5;2025-11-14;10;0
5;2025-11-14;11;0
5;2025-11-14;12;0
5;2025-11-14;13;0
5;2025-11-14;14;0
5;2025-11-14;15;0
5;2025-11-14;16;0
5;2025-11-14;17;0
5;2025-11-14;18;0
5;2025-11-14;19;0
5;2025-11-14;20;0
5;2025-11-14;21;0
5;2025-11-14;22;0
5;2025-11-14;23;0
5;2025-11-15;0;0
5;2025-11-15;1;0
5;2025-11-15;2;0
5;2025-11-15;3;0
5;2025-11-15;4;0
5;2025-11-15;5;0
5;2025-11-15;6;0
5;2025-11-15;7;0
5;2025-11-15;8;0
5;2025-11-15;9;0
5;2025-11-15;10;0
5;2025-11-15;11;0
5;2025-11-15;12;0
5;2025-11-15;13;0
5;2025-11-15;14;0
5;2025-11-15;15;0
5;2025-11-15;16;0
5;2025-11-15;17;0
5;2025-11-15;18;0
5;2025-11-15;19;0
5;2025-11-15;20;0
5;2025-11-15;21;0
5;2025-11-15;22;0
5;2025-11-15;23;0
5;2025-11-16;0;0
5;2025-11-16;1;0
5;2025-11-16;2;0
5;2025-11-16;3;0
5;2025-11-16;4;0
5;2025-11-16;5;0
5;2025-11-16;6;0
5;2025-11-16;7;0
5;2025-11-16;8;0
5;2025-11-16;9;0
5;2025-11-16;10;0
5;2025-11-16;11;0
5;2025-11-16;12;0
5;2025-11-16;13;0
5;2025-11-16;14;0
5;2025-11-16;15;0
5;2025-11-16;16;0
5;2025-11-16;17;0
5;2025-11-16;18;0
5;2025-11-16;19;0
5;2025-11-16;20;0
5;2025-11-16;21;0
5;2025-11-16;22;0
5;2025-11-16;23;0
5;2025-11-17;0;0
5;2025-11-17;1;0
5;2025-11-17;2;0
5;2025-11-17;3;0
5;2025-11-17;4;0
5;2025-11-17;5;0
5;2025-11-17;6;0
5;2025-11-17;7;0
5;2025-11-17;8;0
5;2025-11-17;9;0
5;2025-11-17;10;0
5;2025-11-17;11;0
5;2025-11-17;12;0
5;2025-11-17;13;0
5;2025-11-17;14;0
5;2025-11-17;15;0
5;2025-11-17;16;0
5;2025-11-17;17;0
5;2025-11-17;18;0
5;2025-11-17;19;0
5;2025-11-17;20;0
5;2025-11-17;21;0
5;2025-11-17;22;0
5;2025-11-17;23;0
5;2025-11-18;0;0
5;2025-11-18;1;0
5;2025-11-18;2;0
5;2025-11-18;3;0
5;2025-11-18;4;0
5;2025-11-18;5;0
5;2025-11-18;6;0
5;2025-11-18;7;0
5;2025-11-18;8;0
5;2025-11-18;9;0
5;2025-11-18;10;0
5;2025-11-18;11;0
5;2025-11-18;12;0
5;2025-11-18;13;0
5;2025-11-18;14;0
5;2025-11-18;15;0
5;2025-11-18;16;0
5;2025-11-18;17;0
5;2025-11-18;18;0
5;2025-11-18;19;0
5;2025-11-18;20;0
5;2025-11-18;21;0
5;2025-11-18;22;0
5;2025-11-18;23;0
5;2025-11-19;0;0
5;2025-11-19;1;0
5;2025-11-19;2;0
5;2025-11-19;3;0
5;2025-11-19;4;0
5;2025-11-19;5;0
5;2025-11-19;6;0
5;2025-11-19;7;0
5;2025-11-19;8;0
5;2025-11-19;9;0
5;2025-11-19;10;0
5;2025-11-19;11;0
5;2025-11-19;12;0
5;2025-11-19;13;0
5;2025-11-19;14;0
5;2025-11-19;15;0
5;2025-11-19;16;0
5;2025-11-19;17;0
5;2025-11-19;18;0
5;2025-11-19;19;0
5;2025-11-19;20;0
5;2025-11-19;21;0
5;2025-11-19;22;0
5;2025-11-19;23;0
5;2025-11-20;0;0
5;2025-11-20;1;0
5;2025-11-20;2;0
5;2025-11-20;3;0
5;2025-11-20;4;0
5;2025-11-20;5;0
5;2025-11-20;6;0
5;2025-11-20;7;0
5;2025-11-20;8;0
5;2025-11-20;9;0
5;2025-11-20;10;0
5;2025-11-20;11;0
5;2025-11-20;12;0
5;2025-11-20;13;0
5;2025-11-20;14;0
5;2025-11-20;15;0
5;2025-11-20;16;0
5;2025-11-20;17;0
5;2025-11-20;18;0
5;2025-11-20;19;0
5;2025-11-20;20;0
5;2025-11-20;21;0
5;2025-11-20;22;0
5;2025-11-20;23;0
5;2025-11-21;0;0
5;2025-11-21;1;0
5;2025-11-21;2;0
5;2025-11-21;3;0
5;2025-11-21;4;0
5;2025-11-21;5;0
5;2025-11-21;6;0
5;2025-11-21;7;0
5;2025-11-21;8;0
5;2025-11-21;9;0
5;2025-11-21;10;0
5;2025-11-21;11;0
5;2025-11-21;12;0
5;2025-11-21;13;0
5;2025-11-21;14;0
5;2025-11-21;15;0
5;2025-11-21;16;0
5;2025-11-21;17;0
5;2025-11-21;18;0
5;2025-11-21;19;0
5;2025-11-21;20;0
5;2025-11-21;21;0
5;2025-11-21;22;0
5;2025-11-21;23;0
5;2025-11-22;0;0
5;2025-11-22;1;0
5;2025-11-22;2;0
5;2025-11-22;3;0
5;2025-11-22;4;0
5;2025-11-22;5;0
5;2025-11-22;6;0
5;2025-11-22;7;0
5;2025-11-22;8;0
5;2025-11-22;9;0
5;2025-11-22;10;0
5;2025-11-22;11;0
5;2025-11-22;12;0
5;2025-11-22;13;0
5;2025-11-22;14;0
5;2025-11-22;15;0
5;2025-11-22;16;0
5;2025-11-22;17;0
5;2025-11-22;18;0
5;2025-11-22;19;0
5;2025-11-22;20;0
5;2025-11-22;21;0
5;2025-11-22;22;0
5;2025-11-22;23;0
5;2025-11-23;0;0
5;2025-11-23;1;0
5;2025-11-23;2;0
5;2025-11-23;3;0
5;2025-11-23;4;0
5;2025-11-23;5;0
5;2025-11-23;6;0
5;2025-11-23;7;0
5;2025-11-23;8;0
5;2025-11-23;9;0
5;2025-11-23;10;0
5;2025-11-23;11;0
5;2025-11-23;12;0
5;2025-11-23;13;0
5;2025-11-23;14;0
5;2025-11-23;15;0
5;2025-11-23;16;0
5;2025-11-23;17;0
5;2025-11-23;18;0
5;2025-11-23;19;0
5;2025-11-23;20;0
5;2025-11-23;21;0
5;2025-11-23;22;0
5;2025-11-23;23;0
5;2025-11-24;0;0
5;2025-11-24;1;0
5;2025-11-24;2;0
5;2025-11-24;3;0
5;2025-11-24;4;0
5;2025-11-24;5;0
5;2025-11-24;6;0
5;2025-11-24;7;0
5;2025-11-24;8;0
5;2025-11-24;9;0
5;2025-11-24;10;0
5;2025-11-24;11;0
5;2025-11-24;12;0
5;2025-11-24;13;0
5;2025-11-24;14;0
5;2025-11-24;15;0
5;2025-11-24;16;0
5;2025-11-24;17;0
5;2025-11-24;18;0
5;2025-11-24;19;0
5;2025-11-24;20;0
5;2025-11-24;21;0
5;2025-11-24;22;0
5;2025-11-24;23;0
5;2025-11-25;0;0
5;2025-11-25;1;0
5;2025-11-25;2;0
5;2025-11-25;3;0
5;2025-11-25;4;0
5;2025-11-25;5;0
5;2025-11-25;6;0
5;2025-11-25;7;0
5;2025-11-25;8;0
5;2025-11-25;9;0
5;2025-11-25;10;0
5;2025-11-25;11;0
5;2025-11-25;12;0
5;2025-11-25;13;0
5;2025-11-25;14;0
5;2025-11-25;15;0
5;2025-11-25;16;0
5;2025-11-25;17;0
5;2025-11-25;18;0
5;2025-11-25;19;0
5;2025-11-25;20;0
5;2025-11-25;21;0
5;2025-11-25;22;0
5;2025-11-25;23;0
5;2025-11-26;0;0
5;2025-11-26;1;0
5;2025-11-26;2;0
5;2025-11-26;3;0
5;2025-11-26;4;0
5;2025-11-26;5;0
5;2025-11-26;6;0
5;2025-11-26;7;0
5;2025-11-26;8;0
5;2025-11-26;9;0
5;2025-11-26;10;0
5;2025-11-26;11;0
5;2025-11-26;12;0
5;2025-11-26;13;0
5;2025-11-26;14;0
5;2025-11-26;15;0
5;2025-11-26;16;0
5;2025-11-26;17;0
5;2025-11-26;18;0
5;2025-11-26;19;0
5;2025-11-26;20;0
5;2025-11-26;21;0
5;2025-11-26;22;0
5;2025-11-26;23;0
5;2025-11-27;0;0
5;2025-11-27;1;0
5;2025-11-27;2;0
5;2025-11-27;3;0
5;2025-11-27;4;0
5;2025-11-27;5;0
5;2025-11-27;6;0
5;2025-11-27;7;0
5;2025-11-27;8;0
5;2025-11-27;9;0
5;2025-11-27;10;0
5;2025-11-27;11;0
5;2025-11-27;12;0
5;2025-11-27;13;0
5;2025-11-27;14;0
5;2025-11-27;15;0
5;2025-11-27;16;0
5;2025-11-27;17;0
5;2025-11-27;18;0
5;2025-11-27;19;0
5;2025-11-27;20;0
5;2025-11-27;21;0
5;2025-11-27;22;0
5;2025-11-27;23;0
5;2025-11-28;0;0
5;2025-11-28;1;0
5;2025-11-28;2;0
5;2025-11-28;3;0
5;2025-11-28;4;0
5;2025-11-28;5;0
5;2025-11-28;6;0
5;2025-11-28;7;0
5;2025-11-28;8;0
5;2025-11-28;9;0
5;2025-11-28;10;0
5;2025-11-28;11;0
5;2025-11-28;12;0
5;2025-11-28;13;0
5;2025-11-28;14;0
5;2025-11-28;15;0
5;2025-11-28;16;0
5;2025-11-28;17;0
5;2025-11-28;18;0
5;2025-11-28;19;0
5;2025-11-28;20;0
5;2025-11-28;21;0
5;2025-11-28;22;0
5;2025-11-28;23;0
5;2025-11-29;0;0
5;2025-11-29;1;0
5;2025-11-29;2;0
5;2025-11-29;3;0
5;2025-11-29;4;0
5;2025-11-29;5;0
5;2025-11-29;6;0
5;2025-11-29;7;0
5;2025-11-29;8;0
5;2025-11-29;9;0
5;2025-11-29;10;0
5;2025-11-29;11;0
5;2025-11-29;12;0
5;2025-11-29;13;0
5;2025-11-29;14;0
5;2025-11-29;15;0
5;2025-11-29;16;0
5;2025-11-29;17;0
5;2025-11-29;18;0
5;2025-11-29;19;0
5;2025-11-29;20;0
5;2025-11-29;21;0
5;2025-11-29;22;0
5;2025-11-29;23;0
5;2025-11-30;0;0
5;2025-11-30;1;0
5;2025-11-30;2;0
5;2025-11-30;3;0
5;2025-11-30;4;0
5;2025-11-30;5;0
5;2025-11-30;6;0
5;2025-11-30;7;0
5;2025-11-30;8;0
5;2025-11-30;9;0
5;2025-11-30;10;0
5;2025-11-30;11;0
5;2025-11-30;12;0
5;2025-11-30;13;0
5;2025-11-30;14;0
5;2025-11-30;15;0
5;2025-11-30;16;0
5;2025-11-30;17;0
5;2025-11-30;18;0
5;2025-11-30;19;0
5;2025-11-30;20;0
5;2025-11-30;21;0
5;2025-11-30;22;0
5;2025-11-30;23;0
5;2025-12-01;0;0
5;2025-12-01;1;0
5;2025-12-01;2;0
5;2025-12-01;3;0
5;2025-12-01;4;0
5;2025-12-01;5;0
5;2025-12-01;6;0
5;2025-12-01;7;0
5;2025-12-01;8;0
5;2025-12-01;9;0
5;2025-12-01;10;0
5;2025-12-01;11;0
5;2025-12-01;12;0
5;2025-12-01;13;0
5;2025-12-01;14;0
5;2025-12-01;15;0
5;2025-12-01;16;0
5;2025-12-01;17;0
5;2025-12-01;18;0
5;2025-12-01;19;0
5;2025-12-01;20;0
5;2025-12-01;21;0
5;2025-12-01;22;0
5;2025-12-01;23;0
5;2025-12-02;0;0
5;2025-12-02;1;0
5;2025-12-02;2;0
5;2025-12-02;3;0
5;2025-12-02;4;0
5;2025-12-02;5;0
5;2025-12-02;6;0
5;2025-12-02;7;0
5;2025-12-02;8;0
5;2025-12-02;9;0
5;2025-12-02;10;0
5;2025-12-02;11;0
5;2025-12-02;12;0
5;2025-12-02;13;0
5;2025-12-02;14;0
5;2025-12-02;15;0
5;2025-12-02;16;0
5;2025-12-02;17;0
5;2025-12-02;18;0
5;2025-12-02;19;0
5;2025-12-02;20;0
5;2025-12-02;21;0
5;2025-12-02;22;0
5;2025-12-02;23;0
5;2025-12-03;0;0
5;2025-12-03;1;0
5;2025-12-03;2;0
5;2025-12-03;3;0
5;2025-12-03;4;0
5;2025-12-03;5;0
5;2025-12-03;6;0
5;2025-12-03;7;0
5;2025-12-03;8;0
5;2025-12-03;9;0
5;2025-12-03;10;0
5;2025-12-03;11;0
5;2025-12-03;12;0
5;2025-12-03;13;0
5;2025-12-03;14;0
5;2025-12-03;15;0
5;2025-12-03;16;0
5;2025-12-03;17;0
5;2025-12-03;18;0
5;2025-12-03;19;0
5;2025-12-03;20;0
5;2025-12-03;21;0
5;2025-12-03;22;0
5;2025-12-03;23;0
5;2025-12-04;0;0
5;2025-12-04;1;0
5;2025-12-04;2;0
5;2025-12-04;3;0
5;2025-12-04;4;0
5;2025-12-04;5;0
5;2025-12-04;6;0
5;2025-12-04;7;0
5;2025-12-04;8;0
5;2025-12-04;9;0
5;2025-12-04;10;0
5;2025-12-04;11;0
5;2025-12-04;12;0
5;2025-12-04;13;0
5;2025-12-04;14;0
5;2025-12-04;15;0
5;2025-12-04;16;0
5;2025-12-04;17;0
5;2025-12-04;18;0
5;2025-12-04;19;0
5;2025-12-04;20;0
5;2025-12-04;21;0
5;2025-12-04;22;0
5;2025-12-04;23;0
5;2025-12-05;0;0
5;2025-12-05;1;0
5;2025-12-05;2;0
5;2025-12-05;3;0
5;2025-12-05;4;0
5;2025-12-05;5;0
5;2025-12-05;6;0
5;2025-12-05;7;0
5;2025-12-05;8;0
5;2025-12-05;9;0
5;2025-12-05;10;0
5;2025-12-05;11;0
5;2025-12-05;12;0
5;2025-12-05;13;0
5;2025-12-05;14;0
5;2025-12-05;15;0
5;2025-12-05;16;0
5;2025-12-05;17;0
5;2025-12-05;18;0
5;2025-12-05;19;0
5;2025-12-05;20;0
5;2025-12-05;21;0
5;2025-12-05;22;0
5;2025-12-05;23;0
5;2025-12-06;0;0
5;2025-12-06;1;0
5;2025-12-06;2;0
5;2025-12-06;3;0
5;2025-12-06;4;0
5;2025-12-06;5;0
5;2025-12-06;6;0
5;2025-12-06;7;0
5;2025-12-06;8;0
5;2025-12-06;9;0
5;2025-12-06;10;0
5;2025-12-06;11;0
5;2025-12-06;12;0
5;2025-12-06;13;0
5;2025-12-06;14;0
5;2025-12-06;15;0
5;2025-12-06;16;0
5;2025-12-06;17;0
5;2025-12-06;18;0
5;2025-12-06;19;0
5;2025-12-06;20;0
5;2025-12-06;21;0
5;2025-12-06;22;0
5;2025-12-06;23;0
5;2025-12-07;0;0
5;2025-12-07;1;0
5;2025-12-07;2;0
5;2025-12-07;3;0
5;2025-12-07;4;0
5;2025-12-07;5;0
5;2025-12-07;6;0
5;2025-12-07;7;0
5;2025-12-07;8;0
5;2025-12-07;9;0
5;2025-12-07;10;0
5;2025-12-07;11;0
5;2025-12-07;12;0
5;2025-12-07;13;0
5;2025-12-07;14;0
5;2025-12-07;15;0
5;2025-12-07;16;0
5;2025-12-07;17;0
5;2025-12-07;18;0
5;2025-12-07;19;0
5;2025-12-07;20;0
5;2025-12-07;21;0
5;2025-12-07;22;0
5;2025-12-07;23;0
5;2025-12-08;0;0
5;2025-12-08;1;0
5;2025-12-08;2;0
5;2025-12-08;3;0
5;2025-12-08;4;0
5;2025-12-08;5;0
5;2025-12-08;6;0
5;2025-12-08;7;0
5;2025-12-08;8;0
5;2025-12-08;9;0
5;2025-12-08;10;0
5;2025-12-08;11;0
5;2025-12-08;12;0
5;2025-12-08;13;0
5;2025-12-08;14;0
5;2025-12-08;15;0
5;2025-12-08;16;0
5;2025-12-08;17;0
5;2025-12-08;18;0
5;2025-12-08;19;0
5;2025-12-08;20;0
5;2025-12-08;21;0
5;2025-12-08;22;0
5;2025-12-08;23;0
5;2025-12-09;0;0
5;2025-12-09;1;0
5;2025-12-09;2;0
5;2025-12-09;3;0
5;2025-12-09;4;0
5;2025-12-09;5;0
5;2025-12-09;6;0
5;2025-12-09;7;0
5;2025-12-09;8;0
5;2025-12-09;9;0
5;2025-12-09;10;0
5;2025-12-09;11;0
5;2025-12-09;12;0
5;2025-12-09;13;0
5;2025-12-09;14;0
5;2025-12-09;15;0
5;2025-12-09;16;0
5;2025-12-09;17;0
5;2025-12-09;18;0
5;2025-12-09;19;0
5;2025-12-09;20;0
5;2025-12-09;21;0
5;2025-12-09;22;0
5;2025-12-09;23;0
5;2025-12-10;0;0
5;2025-12-10;1;0
5;2025-12-10;2;0
5;2025-12-10;3;0
5;2025-12-10;4;0
5;2025-12-10;5;0
5;2025-12-10;6;0
5;2025-12-10;7;0
5;2025-12-10;8;0
5;2025-12-10;9;0
5;2025-12-10;10;0
5;2025-12-10;11;0
5;2025-12-10;12;0
5;2025-12-10;13;0
5;2025-12-10;14;0
5;2025-12-10;15;0
5;2025-12-10;16;0
5;2025-12-10;17;0
5;2025-12-10;18;0
5;2025-12-10;19;0
5;2025-12-10;20;0
5;2025-12-10;21;0
5;2025-12-10;22;0
5;2025-12-10;23;0
5;2025-12-11;0;0
5;2025-12-11;1;0
5;2025-12-11;2;0
5;2025-12-11;3;0
5;2025-12-11;4;0
5;2025-12-11;5;0
5;2025-12-11;6;0
5;2025-12-11;7;0
5;2025-12-11;8;0
5;2025-12-11;9;0
5;2025-12-11;10;0
5;2025-12-11;11;0
5;2025-12-11;12;0
5;2025-12-11;13;0
5;2025-12-11;14;0
5;2025-12-11;15;0
5;2025-12-11;16;0
5;2025-12-11;17;0
5;2025-12-11;18;0
5;2025-12-11;19;0
5;2025-12-11;20;0
5;2025-12-11;21;0
5;2025-12-11;22;0
5;2025-12-11;23;0
5;2025-12-12;0;0
5;2025-12-12;1;0
5;2025-12-12;2;0
5;2025-12-12;3;0
5;2025-12-12;4;0
5;2025-12-12;5;0
5;2025-12-12;6;0
5;2025-12-12;7;0
5;2025-12-12;8;0
5;2025-12-12;9;0
5;2025-12-12;10;0
5;2025-12-12;11;0
5;2025-12-12;12;0
5;2025-12-12;13;0
5;2025-12-12;14;0
5;2025-12-12;15;0
5;2025-12-12;16;0
5;2025-12-12;17;0
5;2025-12-12;18;0
5;2025-12-12;19;0
5;2025-12-12;20;0
5;2025-12-12;21;0
5;2025-12-12;22;0
5;2025-12-12;23;0
5;2025-12-13;0;0
5;2025-12-13;1;0
5;2025-12-13;2;0
5;2025-12-13;3;0
5;2025-12-13;4;0
5;2025-12-13;5;0
5;2025-12-13;6;0
5;2025-12-13;7;0
5;2025-12-13;8;0
5;2025-12-13;9;0
5;2025-12-13;10;0
5;2025-12-13;11;0
5;2025-12-13;12;0
5;2025-12-13;13;0
5;2025-12-13;14;0
5;2025-12-13;15;0
5;2025-12-13;16;0
5;2025-12-13;17;0
5;2025-12-13;18;0
5;2025-12-13;19;0
5;2025-12-13;20;0
5;2025-12-13;21;0
5;2025-12-13;22;0
5;2025-12-13;23;0
5;2025-12-14;0;0
5;2025-12-14;1;0
5;2025-12-14;2;0
5;2025-12-14;3;0
5;2025-12-14;4;0
5;2025-12-14;5;0
5;2025-12-14;6;0
5;2025-12-14;7;0
5;2025-12-14;8;0
5;2025-12-14;9;0
5;2025-12-14;10;0
5;2025-12-14;11;0
5;2025-12-14;12;0
5;2025-12-14;13;0
5;2025-12-14;14;0
5;2025-12-14;15;0
5;2025-12-14;16;0
5;2025-12-14;17;0
5;2025-12-14;18;0
5;2025-12-14;19;0
5;2025-12-14;20;0
5;2025-12-14;21;0
5;2025-12-14;22;0
5;2025-12-14;23;0
5;2025-12-15;0;0
5;2025-12-15;1;0
5;2025-12-15;2;0
5;2025-12-15;3;0
5;2025-12-15;4;0
5;2025-12-15;5;0
5;2025-12-15;6;0
5;2025-12-15;7;0
5;2025-12-15;8;0
5;2025-12-15;9;0
5;2025-12-15;10;0
5;2025-12-15;11;0
5;2025-12-15;12;0
5;2025-12-15;13;0
5;2025-12-15;14;0
5;2025-12-15;15;0
5;2025-12-15;16;0
5;2025-12-15;17;0
5;2025-12-15;18;0
5;2025-12-15;19;0
5;2025-12-15;20;0
5;2025-12-15;21;0
5;2025-12-15;22;0
5;2025-12-15;23;0
5;2025-12-16;0;2
5;2025-12-16;1;0
5;2025-12-16;2;0
5;2025-12-16;3;0
5;2025-12-16;4;0
5;2025-12-16;5;9
5;2025-12-16;6;159
5;2025-12-16;7;388
5;2025-12-16;8;646
5;2025-12-16;9;334
5;2025-12-16;10;254
5;2025-12-16;11;291
5;2025-12-16;12;295
5;2025-12-16;13;359
5;2025-12-16;14;320
5;2025-12-16;15;385
5;2025-12-16;16;491
5;2025-12-16;17;551
5;2025-12-16;18;558
5;2025-12-16;19;386
5;2025-12-16;20;216
5;2025-12-16;21;143
5;2025-12-16;22;71
5;2025-12-16;23;6
5;2025-12-17;0;3
5;2025-12-17;1;0
5;2025-12-17;2;0
5;2025-12-17;3;0
5;2025-12-17;4;0
5;2025-12-17;5;9
5;2025-12-17;6;166
5;2025-12-17;7;403
5;2025-12-17;8;672
5;2025-12-17;9;347
5;2025-12-17;10;264
5;2025-12-17;11;302
5;2025-12-17;12;307
5;2025-12-17;13;373
5;2025-12-17;14;333
5;2025-12-17;15;401
5;2025-12-17;16;511
5;2025-12-17;17;573
5;2025-12-17;18;580
5;2025-12-17;19;401
5;2025-12-17;20;225
5;2025-12-17;21;148
5;2025-12-17;22;74
5;2025-12-17;23;6
5;2025-12-18;0;2
5;2025-12-18;1;0
5;2025-12-18;2;0
5;2025-12-18;3;0
5;2025-12-18;4;0
5;2025-12-18;5;9
5;2025-12-18;6;159
5;2025-12-18;7;386
5;2025-12-18;8;644
5;2025-12-18;9;333
5;2025-12-18;10;253
5;2025-12-18;11;290
5;2025-12-18;12;295
5;2025-12-18;13;358
5;2025-12-18;14;319
5;2025-12-18;15;384
5;2025-12-18;16;490
5;2025-12-18;17;550
5;2025-12-18;18;556
5;2025-12-18;19;385
5;2025-12-18;20;216
5;2025-12-18;21;142
5;2025-12-18;22;71
5;2025-12-18;23;6
5;2025-12-19;0;0
5;2025-12-19;1;0
5;2025-12-19;2;0
5;2025-12-19;3;0
5;2025-12-19;4;0
5;2025-12-19;5;7
5;2025-12-19;6;160
5;2025-12-19;7;395
5;2025-12-19;8;620
5;2025-12-19;9;306
5;2025-12-19;10;268
5;2025-12-19;11;291
5;2025-12-19;12;300
5;2025-12-19;13;366
5;2025-12-19;14;334
5;2025-12-19;15;442
5;2025-12-19;16;567
5;2025-12-19;17;561
5;2025-12-19;18;478
5;2025-12-19;19;386
5;2025-12-19;20;229
5;2025-12-19;21;144
5;2025-12-19;22;85
5;2025-12-19;23;11
5;2025-12-20;0;4
5;2025-12-20;1;0
5;2025-12-20;2;0
5;2025-12-20;3;0
5;2025-12-20;4;0
5;2025-12-20;5;8
5;2025-12-20;6;69
5;2025-12-20;7;93
5;2025-12-20;8;206
5;2025-12-20;9;189
5;2025-12-20;10;202
5;2025-12-20;11;254
5;2025-12-20;12;282
5;2025-12-20;13;410
5;2025-12-20;14;413
5;2025-12-20;15;486
5;2025-12-20;16;445
5;2025-12-20;17;372
5;2025-12-20;18;325
5;2025-12-20;19;281
5;2025-12-20;20;168
5;2025-12-20;21;137
5;2025-12-20;22;84
5;2025-12-20;23;36
5;2025-12-21;0;12
5;2025-12-21;1;0
5;2025-12-21;2;0
5;2025-12-21;3;0
5;2025-12-21;4;0
5;2025-12-21;5;4
5;2025-12-21;6;55
5;2025-12-21;7;67
5;2025-12-21;8;128
5;2025-12-21;9;144
5;2025-12-21;10;145
5;2025-12-21;11;205
5;2025-12-21;12;253
5;2025-12-21;13;309
5;2025-12-21;14;349
5;2025-12-21;15;401
5;2025-12-21;16;346
5;2025-12-21;17;329
5;2025-12-21;18;267
5;2025-12-21;19;197
5;2025-12-21;20;145
5;2025-12-21;21;109
5;2025-12-21;22;64
5;2025-12-21;23;26
5;2025-12-22;0;2
5;2025-12-22;1;0
5;2025-12-22;2;0
5;2025-12-22;3;0
5;2025-12-22;4;0
5;2025-12-22;5;9
5;2025-12-22;6;157
5;2025-12-22;7;382
5;2025-12-22;8;637
5;2025-12-22;9;329
5;2025-12-22;10;250
5;2025-12-22;11;287
5;2025-12-22;12;291
5;2025-12-22;13;354
5;2025-12-22;14;316
5;2025-12-22;15;380
5;2025-12-22;16;484
5;2025-12-22;17;543
5;2025-12-22;18;550
5;2025-12-22;19;380
5;2025-12-22;20;213
5;2025-12-22;21;141
5;2025-12-22;22;70
5;2025-12-22;23;6
5;2025-12-23;0;2
5;2025-12-23;1;0
5;2025-12-23;2;0
5;2025-12-23;3;0
5;2025-12-23;4;0
5;2025-12-23;5;9
5;2025-12-23;6;159
5;2025-12-23;7;388
5;2025-12-23;8;646
5;2025-12-23;9;334
5;2025-12-23;10;254
5;2025-12-23;11;291
5;2025-12-23;12;295
5;2025-12-23;13;359
5;2025-12-23;14;320
5;2025-12-23;15;385
5;2025-12-23;16;491
5;2025-12-23;17;551
5;2025-12-23;18;558
5;2025-12-23;19;386
5;2025-12-23;20;216
5;2025-12-23;21;143
5;2025-12-23;22;71
5;2025-12-23;23;6
5;2025-12-24;0;3
5;2025-12-24;1;0
5;2025-12-24;2;0
5;2025-12-24;3;0
5;2025-12-24;4;0
5;2025-12-24;5;9
5;2025-12-24;6;166
5;2025-12-24;7;403
5;2025-12-24;8;672
5;2025-12-24;9;347
5;2025-12-24;10;264
5;2025-12-24;11;302
5;2025-12-24;12;307
5;2025-12-24;13;373
5;2025-12-24;14;333
5;2025-12-24;15;401
5;2025-12-24;16;511
5;2025-12-24;17;573
5;2025-12-24;18;580
5;2025-12-24;19;401
5;2025-12-24;20;225
5;2025-12-24;21;148
5;2025-12-24;22;74
5;2025-12-24;23;6
5;2025-12-25;0;2
5;2025-12-25;1;0
5;2025-12-25;2;0
5;2025-12-25;3;0
5;2025-12-25;4;0
5;2025-12-25;5;9
5;2025-12-25;6;159
5;2025-12-25;7;386
5;2025-12-25;8;644
5;2025-12-25;9;333
5;2025-12-25;10;253
5;2025-12-25;11;290
5;2025-12-25;12;295
5;2025-12-25;13;358
5;2025-12-25;14;319
5;2025-12-25;15;384
5;2025-12-25;16;490
5;2025-12-25;17;550
5;2025-12-25;18;556
5;2025-12-25;19;385
5;2025-12-25;20;216
5;2025-12-25;21;142
5;2025-12-25;22;71
5;2025-12-25;23;6
5;2025-12-26;0;0
5;2025-12-26;1;0
5;2025-12-26;2;0
5;2025-12-26;3;0
5;2025-12-26;4;0
5;2025-12-26;5;7
5;2025-12-26;6;165
5;2025-12-26;7;407
5;2025-12-26;8;639
5;2025-12-26;9;316
5;2025-12-26;10;276
5;2025-12-26;11;300
5;2025-12-26;12;309
5;2025-12-26;13;377
5;2025-12-26;14;344
5;2025-12-26;15;456
5;2025-12-26;16;584
5;2025-12-26;17;578
5;2025-12-26;18;493
5;2025-12-26;19;398
5;2025-12-26;20;235
5;2025-12-26;21;149
5;2025-12-26;22;88
5;2025-12-26;23;11
5;2025-12-27;0;4
5;2025-12-27;1;0
5;2025-12-27;2;0
5;2025-12-27;3;0
5;2025-12-27;4;0
5;2025-12-27;5;8
5;2025-12-27;6;69
5;2025-12-27;7;92
5;2025-12-27;8;204
5;2025-12-27;9;187
5;2025-12-27;10;200
5;2025-12-27;11;252
5;2025-12-27;12;280
5;2025-12-27;13;407
5;2025-12-27;14;409
5;2025-12-27;15;482
5;2025-12-27;16;441
5;2025-12-27;17;369
5;2025-12-27;18;322
5;2025-12-27;19;279
5;2025-12-27;20;167
5;2025-12-27;21;136
5;2025-12-27;22;83
5;2025-12-27;23;36
5;2025-12-28;0;12
5;2025-12-28;1;0
5;2025-12-28;2;0
5;2025-12-28;3;0
5;2025-12-28;4;0
5;2025-12-28;5;4
5;2025-12-28;6;55
5;2025-12-28;7;67
5;2025-12-28;8;127
5;2025-12-28;9;142
5;2025-12-28;10;144
5;2025-12-28;11;203
5;2025-12-28;12;251
5;2025-12-28;13;306
5;2025-12-28;14;346
5;2025-12-28;15;397
5;2025-12-28;16;343
5;2025-12-28;17;326
5;2025-12-28;18;265
5;2025-12-28;19;195
5;2025-12-28;20;144
5;2025-12-28;21;108
5;2025-12-28;22;64
5;2025-12-28;23;26
5;2025-12-29;0;2
5;2025-12-29;1;0
5;2025-12-29;2;0
5;2025-12-29;3;0
5;2025-12-29;4;0
5;2025-12-29;5;8
5;2025-12-29;6;147
5;2025-12-29;7;357
5;2025-12-29;8;595
5;2025-12-29;9;308
5;2025-12-29;10;234
5;2025-12-29;11;268
5;2025-12-29;12;272
5;2025-12-29;13;331
5;2025-12-29;14;295
5;2025-12-29;15;355
5;2025-12-29;16;453
5;2025-12-29;17;508
5;2025-12-29;18;514
5;2025-12-29;19;355
5;2025-12-29;20;199
5;2025-12-29;21;131
5;2025-12-29;22;66
5;2025-12-29;23;6
5;2025-12-30;0;2
5;2025-12-30;1;0
5;2025-12-30;2;0
5;2025-12-30;3;0
5;2025-12-30;4;0
5;2025-12-30;5;9
5;2025-12-30;6;149
5;2025-12-30;7;362
5;2025-12-30;8;604
5;2025-12-30;9;312
5;2025-12-30;10;237
5;2025-12-30;11;272
5;2025-12-30;12;276
5;2025-12-30;13;336
5;2025-12-30;14;300
5;2025-12-30;15;360
5;2025-12-30;16;459
5;2025-12-30;17;515
5;2025-12-30;18;522
5;2025-12-30;19;361
5;2025-12-30;20;202
5;2025-12-30;21;133
5;2025-12-30;22;67
5;2025-12-30;23;6
5;2025-12-31;0;12
5;2025-12-31;1;0
5;2025-12-31;2;0
5;2025-12-31;3;0
5;2025-12-31;4;0
5;2025-12-31;5;4
5;2025-12-31;6;53
5;2025-12-31;7;65
5;2025-12-31;8;124
5;2025-12-31;9;139
5;2025-12-31;10;140
5;2025-12-31;11;198
5;2025-12-31;12;244
5;2025-12-31;13;298
5;2025-12-31;14;337
5;2025-12-31;15;387
5;2025-12-31;16;334
5;2025-12-31;17;317
5;2025-12-31;18;129
5;2025-12-31;19;95
5;2025-12-31;20;70
5;2025-12-31;21;53
5;2025-12-31;22;31
5;2025-12-31;23;12
7;2025-11-01;0;62
7;2025-11-01;1;11
7;2025-11-01;2;0
7;2025-11-01;3;0
7;2025-11-01;4;1
7;2025-11-01;5;169
7;2025-11-01;6;594
7;2025-11-01;7;1413
7;2025-11-01;8;2087
7;2025-11-01;9;1590
7;2025-11-01;10;1484
7;2025-11-01;11;1384
7;2025-11-01;12;1455
7;2025-11-01;13;1526
7;2025-11-01;14;1570
7;2025-11-01;15;1700
7;2025-11-01;16;1956
7;2025-11-01;17;2107
7;2025-11-01;18;1837
7;2025-11-01;19;1319
7;2025-11-01;20;901
7;2025-11-01;21;534
7;2025-11-01;22;289
7;2025-11-01;23;206
7;2025-11-02;0;96
7;2025-11-02;1;23
7;2025-11-02;2;0
7;2025-11-02;3;0
7;2025-11-02;4;1
7;2025-11-02;5;28
7;2025-11-02;6;144
7;2025-11-02;7;200
7;2025-11-02;8;404
7;2025-11-02;9;516
7;2025-11-02;10;479
7;2025-11-02;11;674
7;2025-11-02;12;738
7;2025-11-02;13;745
7;2025-11-02;14;781
7;2025-11-02;15;795
7;2025-11-02;16;720
7;2025-11-02;17;728
7;2025-11-02;18;682
7;2025-11-02;19;521
7;2025-11-02;20;444
7;2025-11-02;21;331
7;2025-11-02;22;179
7;2025-11-02;23;125
7;2025-11-03;0;94
7;2025-11-03;1;22
7;2025-11-03;2;0
7;2025-11-03;3;0
7;2025-11-03;4;1
7;2025-11-03;5;27
7;2025-11-03;6;141
7;2025-11-03;7;196
7;2025-11-03;8;397
7;2025-11-03;9;506
7;2025-11-03;10;471
7;2025-11-03;11;661
7;2025-11-03;12;724
7;2025-11-03;13;731
7;2025-11-03;14;767
7;2025-11-03;15;780
7;2025-11-03;16;707
7;2025-11-03;17;715
7;2025-11-03;18;669
7;2025-11-03;19;512
7;2025-11-03;20;436
7;2025-11-03;21;325
7;2025-11-03;22;175
7;2025-11-03;23;122
7;2025-11-04;0;94
7;2025-11-04;1;22
7;2025-11-04;2;0
7;2025-11-04;3;0
7;2025-11-04;4;1
7;2025-11-04;5;27
7;2025-11-04;6;142
7;2025-11-04;7;197
7;2025-11-04;8;398
7;2025-11-04;9;508
7;2025-11-04;10;472
7;2025-11-04;11;664
7;2025-11-04;12;727
7;2025-11-04;13;734
7;2025-11-04;14;770
7;2025-11-04;15;784
7;2025-11-04;16;710
7;2025-11-04;17;718
7;2025-11-04;18;672
7;2025-11-04;19;514
7;2025-11-04;20;437
7;2025-11-04;21;326
7;2025-11-04;22;176
7;2025-11-04;23;123
7;2025-11-05;0;60
7;2025-11-05;1;12
7;2025-11-05;2;0
7;2025-11-05;3;0
7;2025-11-05;4;1
7;2025-11-05;5;200
7;2025-11-05;6;706
7;2025-11-05;7;1675
7;2025-11-05;8;2578
7;2025-11-05;9;1958
7;2025-11-05;10;1676
7;2025-11-05;11;1502
7;2025-11-05;12;1604
7;2025-11-05;13;1566
7;2025-11-05;14;1646
7;2025-11-05;15;1788
7;2025-11-05;16;1933
7;2025-11-05;17;2468
7;2025-11-05;18;2636
7;2025-11-05;19;1753
7;2025-11-05;20;1073
7;2025-11-05;21;622
7;2025-11-05;22;298
7;2025-11-05;23;190
7;2025-11-06;0;59
7;2025-11-06;1;12
7;2025-11-06;2;0
7;2025-11-06;3;0
7;2025-11-06;4;1
7;2025-11-06;5;194
7;2025-11-06;6;684
7;2025-11-06;7;1624
7;2025-11-06;8;2501
7;2025-11-06;9;1899
7;2025-11-06;10;1626
7;2025-11-06;11;1457
7;2025-11-06;12;1556
7;2025-11-06;13;1518
7;2025-11-06;14;1596
7;2025-11-06;15;1734
7;2025-11-06;16;1875
7;2025-11-06;17;2394
7;2025-11-06;18;2556
7;2025-11-06;19;1700
7;2025-11-06;20;1040
7;2025-11-06;21;603
7;2025-11-06;22;289
7;2025-11-06;23;184
7;2025-11-07;0;68
7;2025-11-07;1;12
7;2025-11-07;2;0
7;2025-11-07;3;0
7;2025-11-07;4;1
7;2025-11-07;5;185
7;2025-11-07;6;653
7;2025-11-07;7;1554
7;2025-11-07;8;2294
7;2025-11-07;9;1748
7;2025-11-07;10;1632
7;2025-11-07;11;1522
7;2025-11-07;12;1599
7;2025-11-07;13;1677
7;2025-11-07;14;1726
7;2025-11-07;15;1869
7;2025-11-07;16;2151
7;2025-11-07;17;2317
7;2025-11-07;18;2020
7;2025-11-07;19;1450
7;2025-11-07;20;991
7;2025-11-07;21;587
7;2025-11-07;22;318
7;2025-11-07;23;226
7;2025-11-08;0;109
7;2025-11-08;1;27
7;2025-11-08;2;0
7;2025-11-08;3;0
7;2025-11-08;4;1
7;2025-11-08;5;48
7;2025-11-08;6;269
7;2025-11-08;7;348
7;2025-11-08;8;707
7;2025-11-08;9;673
7;2025-11-08;10;711
7;2025-11-08;11;824
7;2025-11-08;12;1064
7;2025-11-08;13;997
7;2025-11-08;14;996
7;2025-11-08;15;950
7;2025-11-08;16;947
7;2025-11-08;17;906
7;2025-11-08;18;852
7;2025-11-08;19;729
7;2025-11-08;20;599
7;2025-11-08;21;439
7;2025-11-08;22;240
7;2025-11-08;23;188
7;2025-11-09;0;98
7;2025-11-09;1;23
7;2025-11-09;2;0
7;2025-11-09;3;0
7;2025-11-09;4;1
7;2025-11-09;5;28
7;2025-11-09;6;148
7;2025-11-09;7;205
7;2025-11-09;8;416
7;2025-11-09;9;530
7;2025-11-09;10;493
7;2025-11-09;11;693
7;2025-11-09;12;759
7;2025-11-09;13;766
7;2025-11-09;14;803
7;2025-11-09;15;818
7;2025-11-09;16;741
7;2025-11-09;17;749
7;2025-11-09;18;701
7;2025-11-09;19;536
7;2025-11-09;20;456
7;2025-11-09;21;341
7;2025-11-09;22;184
7;2025-11-09;23;128
7;2025-11-10;0;58
7;2025-11-10;1;12
7;2025-11-10;2;0
7;2025-11-10;3;0
7;2025-11-10;4;1
7;2025-11-10;5;192
7;2025-11-10;6;678
7;2025-11-10;7;1609
7;2025-11-10;8;2477
7;2025-11-10;9;1881
7;2025-11-10;10;1610
7;2025-11-10;11;1443
7;2025-11-10;12;1541
7;2025-11-10;13;1504
7;2025-11-10;14;1581
7;2025-11-10;15;1717
7;2025-11-10;16;1857
7;2025-11-10;17;2371
7;2025-11-10;18;2532
7;2025-11-10;19;1683
7;2025-11-10;20;1030
7;2025-11-10;21;598
7;2025-11-10;22;286
7;2025-11-10;23;182
7;2025-11-11;0;61
7;2025-11-11;1;13
7;2025-11-11;2;0
7;2025-11-11;3;0
7;2025-11-11;4;1
7;2025-11-11;5;203
7;2025-11-11;6;717
7;2025-11-11;7;1702
7;2025-11-11;8;2620
7;2025-11-11;9;1989
7;2025-11-11;10;1703
7;2025-11-11;11;1526
7;2025-11-11;12;1630
7;2025-11-11;13;1591
7;2025-11-11;14;1672
7;2025-11-11;15;1816
7;2025-11-11;16;1964
7;2025-11-11;17;2507
7;2025-11-11;18;2678
7;2025-11-11;19;1781
7;2025-11-11;20;1090
7;2025-11-11;21;632
7;2025-11-11;22;303
7;2025-11-11;23;193
7;2025-11-12;0;58
7;2025-11-12;1;12
7;2025-11-12;2;0
7;2025-11-12;3;0
7;2025-11-12;4;1
7;2025-11-12;5;190
7;2025-11-12;6;672
7;2025-11-12;7;1594
7;2025-11-12;8;2454
7;2025-11-12;9;1864
7;2025-11-12;10;1596
7;2025-11-12;11;1430
7;2025-11-12;12;1527
7;2025-11-12;13;1490
7;2025-11-12;14;1567
7;2025-11-12;15;1701
7;2025-11-12;16;1840
7;2025-11-12;17;2349
7;2025-11-12;18;2509
7;2025-11-12;19;1668
7;2025-11-12;20;1021
7;2025-11-12;21;592
7;2025-11-12;22;283
7;2025-11-12;23;181
7;2025-11-13;0;56
7;2025-11-13;1;11
7;2025-11-13;2;0
7;2025-11-13;3;0
7;2025-11-13;4;1
7;2025-11-13;5;184
7;2025-11-13;6;651
7;2025-11-13;7;1546
7;2025-11-13;8;2380
7;2025-11-13;9;1807
7;2025-11-13;10;1547
7;2025-11-13;11;1386
7;2025-11-13;12;1481
7;2025-11-13;13;1445
7;2025-11-13;14;1519
7;2025-11-13;15;1650
7;2025-11-13;16;1784
7;2025-11-13;17;2278
7;2025-11-13;18;2433
7;2025-11-13;19;1618
7;2025-11-13;20;990
7;2025-11-13;21;574
7;2025-11-13;22;275
7;2025-11-13;23;175
7;2025-11-14;0;65
7;2025-11-14;1;12
7;2025-11-14;2;0
7;2025-11-14;3;0
7;2025-11-14;4;1
7;2025-11-14;5;176
7;2025-11-14;6;622
7;2025-11-14;7;1479
7;2025-11-14;8;2184
7;2025-11-14;9;1664
7;2025-11-14;10;1553
7;2025-11-14;11;1448
7;2025-11-14;12;1522
7;2025-11-14;13;1596
7;2025-11-14;14;1643
7;2025-11-14;15;1779
7;2025-11-14;16;2047
7;2025-11-14;17;2205
7;2025-11-14;18;1922
7;2025-11-14;19;1380
7;2025-11-14;20;943
7;2025-11-14;21;558
7;2025-11-14;22;303
7;2025-11-14;23;215
7;2025-11-15;0;84
7;2025-11-15;1;27
7;2025-11-15;2;0
7;2025-11-15;3;0
7;2025-11-15;4;1
7;2025-11-15;5;45
7;2025-11-15;6;279
7;2025-11-15;7;469
7;2025-11-15;8;721
7;2025-11-15;9;911
7;2025-11-15;10;896
7;2025-11-15;11;1173
7;2025-11-15;12;1361
7;2025-11-15;13;1256
7;2025-11-15;14;1347
7;2025-11-15;15;1225
7;2025-11-15;16;1225
7;2025-11-15;17;1125
7;2025-11-15;18;1074
7;2025-11-15;19;1031
7;2025-11-15;20;771
7;2025-11-15;21;625
7;2025-11-15;22;315
7;2025-11-15;23;228
7;2025-11-16;0;98
7;2025-11-16;1;24
7;2025-11-16;2;0
7;2025-11-16;3;0
7;2025-11-16;4;0
7;2025-11-16;5;28
7;2025-11-16;6;209
7;2025-11-16;7;304
7;2025-11-16;8;520
7;2025-11-16;9;617
7;2025-11-16;10;768
7;2025-11-16;11;999
7;2025-11-16;12;1101
7;2025-11-16;13;1127
7;2025-11-16;14;1193
7;2025-11-16;15;1132
7;2025-11-16;16;1086
7;2025-11-16;17;1099
7;2025-11-16;18;902
7;2025-11-16;19;717
7;2025-11-16;20;649
7;2025-11-16;21;514
7;2025-11-16;22;287
7;2025-11-16;23;155
7;2025-11-17;0;55
7;2025-11-17;1;11
7;2025-11-17;2;0
7;2025-11-17;3;0
7;2025-11-17;4;1
7;2025-11-17;5;182
7;2025-11-17;6;645
7;2025-11-17;7;1530
7;2025-11-17;8;2356
7;2025-11-17;9;1789
7;2025-11-17;10;1532
7;2025-11-17;11;1372
7;2025-11-17;12;1466
7;2025-11-17;13;1430
7;2025-11-17;14;1504
7;2025-11-17;15;1633
7;2025-11-17;16;1766
7;2025-11-17;17;2255
7;2025-11-17;18;2409
7;2025-11-17;19;1601
7;2025-11-17;20;980
7;2025-11-17;21;568
7;2025-11-17;22;272
7;2025-11-17;23;173
7;2025-11-18;0;58
7;2025-11-18;1;12
7;2025-11-18;2;0
7;2025-11-18;3;0
7;2025-11-18;4;1
7;2025-11-18;5;193
7;2025-11-18;6;682
7;2025-11-18;7;1618
7;2025-11-18;8;2491
7;2025-11-18;9;1892
7;2025-11-18;10;1620
7;2025-11-18;11;1451
7;2025-11-18;12;1550
7;2025-11-18;13;1513
7;2025-11-18;14;1591
7;2025-11-18;15;1727
7;2025-11-18;16;1868
7;2025-11-18;17;2385
7;2025-11-18;18;2547
7;2025-11-18;19;1694
7;2025-11-18;20;1036
7;2025-11-18;21;601
7;2025-11-18;22;288
7;2025-11-18;23;183
7;2025-11-19;0;57
7;2025-11-19;1;12
7;2025-11-19;2;0
7;2025-11-19;3;0
7;2025-11-19;4;1
7;2025-11-19;5;188
7;2025-11-19;6;664
7;2025-11-19;7;1576
7;2025-11-19;8;2426
7;2025-11-19;9;1842
7;2025-11-19;10;1577
7;2025-11-19;11;1413
7;2025-11-19;12;1509
7;2025-11-19;13;1473
7;2025-11-19;14;1549
7;2025-11-19;15;1682
7;2025-11-19;16;1819
7;2025-11-19;17;2322
7;2025-11-19;18;2480
7;2025-11-19;19;1649
7;2025-11-19;20;1009
7;2025-11-19;21;585
7;2025-11-19;22;280
7;2025-11-19;23;179
7;2025-11-20;0;55
7;2025-11-20;1;11
7;2025-11-20;2;0
7;2025-11-20;3;0
7;2025-11-20;4;1
7;2025-11-20;5;182
7;2025-11-20;6;644
7;2025-11-20;7;1528
7;2025-11-20;8;2352
7;2025-11-20;9;1786
7;2025-11-20;10;1529
7;2025-11-20;11;1370
7;2025-11-20;12;1464
7;2025-11-20;13;1428
7;2025-11-20;14;1502
7;2025-11-20;15;1631
7;2025-11-20;16;1763
7;2025-11-20;17;2251
7;2025-11-20;18;2405
7;2025-11-20;19;1599
7;2025-11-20;20;979
7;2025-11-20;21;567
7;2025-11-20;22;272
7;2025-11-20;23;173
7;2025-11-21;0;64
7;2025-11-21;1;12
7;2025-11-21;2;0
7;2025-11-21;3;0
7;2025-11-21;4;1
7;2025-11-21;5;174
7;2025-11-21;6;614
7;2025-11-21;7;1461
7;2025-11-21;8;2158
7;2025-11-21;9;1644
7;2025-11-21;10;1535
7;2025-11-21;11;1431
7;2025-11-21;12;1504
7;2025-11-21;13;1577
7;2025-11-21;14;1623
7;2025-11-21;15;1758
7;2025-11-21;16;2023
7;2025-11-21;17;2179
7;2025-11-21;18;1899
7;2025-11-21;19;1364
7;2025-11-21;20;932
7;2025-11-21;21;552
7;2025-11-21;22;299
7;2025-11-21;23;213
7;2025-11-22;0;83
7;2025-11-22;1;26
7;2025-11-22;2;0
7;2025-11-22;3;0
7;2025-11-22;4;1
7;2025-11-22;5;45
7;2025-11-22;6;276
7;2025-11-22;7;463
7;2025-11-22;8;712
7;2025-11-22;9;900
7;2025-11-22;10;886
7;2025-11-22;11;1159
7;2025-11-22;12;1345
7;2025-11-22;13;1242
7;2025-11-22;14;1331
7;2025-11-22;15;1211
7;2025-11-22;16;1210
7;2025-11-22;17;1112
7;2025-11-22;18;1061
7;2025-11-22;19;1018
7;2025-11-22;20;762
7;2025-11-22;21;617
7;2025-11-22;22;311
7;2025-11-22;23;225
7;2025-11-23;0;97
7;2025-11-23;1;23
7;2025-11-23;2;0
7;2025-11-23;3;0
7;2025-11-23;4;0
7;2025-11-23;5;28
7;2025-11-23;6;207
7;2025-11-23;7;300
7;2025-11-23;8;513
7;2025-11-23;9;610
7;2025-11-23;10;759
7;2025-11-23;11;988
7;2025-11-23;12;1088
7;2025-11-23;13;1114
7;2025-11-23;14;1179
7;2025-11-23;15;1118
7;2025-11-23;16;1073
7;2025-11-23;17;1086
7;2025-11-23;18;891
7;2025-11-23;19;709
7;2025-11-23;20;642
7;2025-11-23;21;508
7;2025-11-23;22;283
7;2025-11-23;23;153
7;2025-11-24;0;55
7;2025-11-24;1;11
7;2025-11-24;2;0
7;2025-11-24;3;0
7;2025-11-24;4;1
7;2025-11-24;5;180
7;2025-11-24;6;637
7;2025-11-24;7;1512
7;2025-11-24;8;2328
7;2025-11-24;9;1768
7;2025-11-24;10;1514
7;2025-11-24;11;1356
7;2025-11-24;12;1449
7;2025-11-24;13;1414
7;2025-11-24;14;1486
7;2025-11-24;15;1614
7;2025-11-24;16;1745
7;2025-11-24;17;2228
7;2025-11-24;18;2380
7;2025-11-24;19;1582
7;2025-11-24;20;969
7;2025-11-24;21;562
7;2025-11-24;22;269
7;2025-11-24;23;171
7;2025-11-25;0;58
7;2025-11-25;1;12
7;2025-11-25;2;0
7;2025-11-25;3;0
7;2025-11-25;4;1
7;2025-11-25;5;191
7;2025-11-25;6;674
7;2025-11-25;7;1599
7;2025-11-25;8;2462
7;2025-11-25;9;1870
7;2025-11-25;10;1601
7;2025-11-25;11;1434
7;2025-11-25;12;1532
7;2025-11-25;13;1495
7;2025-11-25;14;1572
7;2025-11-25;15;1707
7;2025-11-25;16;1846
7;2025-11-25;17;2357
7;2025-11-25;18;2517
7;2025-11-25;19;1674
7;2025-11-25;20;1024
7;2025-11-25;21;594
7;2025-11-25;22;284
7;2025-11-25;23;181
7;2025-11-26;0;57
7;2025-11-26;1;12
7;2025-11-26;2;0
7;2025-11-26;3;0
7;2025-11-26;4;1
7;2025-11-26;5;188
7;2025-11-26;6;664
7;2025-11-26;7;1576
7;2025-11-26;8;2426
7;2025-11-26;9;1842
7;2025-11-26;10;1577
7;2025-11-26;11;1413
7;2025-11-26;12;1509
7;2025-11-26;13;1473
7;2025-11-26;14;1549
7;2025-11-26;15;1682
7;2025-11-26;16;1819
7;2025-11-26;17;2322
7;2025-11-26;18;2480
7;2025-11-26;19;1649
7;2025-11-26;20;1009
7;2025-11-26;21;585
7;2025-11-26;22;280
7;2025-11-26;23;179
7;2025-11-27;0;55
7;2025-11-27;1;11
7;2025-11-27;2;0
7;2025-11-27;3;0
7;2025-11-27;4;1
7;2025-11-27;5;182
7;2025-11-27;6;644
7;2025-11-27;7;1528
7;2025-11-27;8;2352
7;2025-11-27;9;1786
7;2025-11-27;10;1529
7;2025-11-27;11;1370
7;2025-11-27;12;1464
7;2025-11-27;13;1428
7;2025-11-27;14;1502
7;2025-11-27;15;1631
7;2025-11-27;16;1763
7;2025-11-27;17;2251
7;2025-11-27;18;2405
7;2025-11-27;19;1599
7;2025-11-27;20;979
7;2025-11-27;21;567
7;2025-11-27;22;272
7;2025-11-27;23;173
7;2025-11-28;0;64
7;2025-11-28;1;12
7;2025-11-28;2;0
7;2025-11-28;3;0
7;2025-11-28;4;1
7;2025-11-28;5;174
7;2025-11-28;6;614
7;2025-11-28;7;1461
7;2025-11-28;8;2158
7;2025-11-28;9;1644
7;2025-11-28;10;1535
7;2025-11-28;11;1431
7;2025-11-28;12;1504
7;2025-11-28;13;1577
7;2025-11-28;14;1623
7;2025-11-28;15;1758
7;2025-11-28;16;2023
7;2025-11-28;17;2179
7;2025-11-28;18;1899
7;2025-11-28;19;1364
7;2025-11-28;20;932
7;2025-11-28;21;552
7;2025-11-28;22;299
7;2025-11-28;23;213
7;2025-11-29;0;83
7;2025-11-29;1;26
7;2025-11-29;2;0
7;2025-11-29;3;0
7;2025-11-29;4;1
7;2025-11-29;5;45
7;2025-11-29;6;276
7;2025-11-29;7;463
7;2025-11-29;8;712
7;2025-11-29;9;900
7;2025-11-29;10;886
7;2025-11-29;11;1159
7;2025-11-29;12;1345
7;2025-11-29;13;1242
7;2025-11-29;14;1331
7;2025-11-29;15;1211
7;2025-11-29;16;1210
7;2025-11-29;17;1112
7;2025-11-29;18;1061
7;2025-11-29;19;1018
7;2025-11-29;20;762
7;2025-11-29;21;617
7;2025-11-29;22;311
7;2025-11-29;23;225
7;2025-11-30;0;97
7;2025-11-30;1;23
7;2025-11-30;2;0
7;2025-11-30;3;0
7;2025-11-30;4;0
7;2025-11-30;5;28
7;2025-11-30;6;207
7;2025-11-30;7;300
7;2025-11-30;8;513
7;2025-11-30;9;610
7;2025-11-30;10;759
7;2025-11-30;11;988
7;2025-11-30;12;1088
7;2025-11-30;13;1114
7;2025-11-30;14;1179
7;2025-11-30;15;1118
7;2025-11-30;16;1073
7;2025-11-30;17;1086
7;2025-11-30;18;891
7;2025-11-30;19;709
7;2025-11-30;20;642
7;2025-11-30;21;508
7;2025-11-30;22;283
7;2025-11-30;23;153
7;2025-12-01;0;55
7;2025-12-01;1;11
7;2025-12-01;2;0
7;2025-12-01;3;0
7;2025-12-01;4;1
7;2025-12-01;5;180
7;2025-12-01;6;637
7;2025-12-01;7;1512
7;2025-12-01;8;2328
7;2025-12-01;9;1768
7;2025-12-01;10;1514
7;2025-12-01;11;1356
7;2025-12-01;12;1449
7;2025-12-01;13;1414
7;2025-12-01;14;1486
7;2025-12-01;15;1614
7;2025-12-01;16;1745
7;2025-12-01;17;2228
7;2025-12-01;18;2380
7;2025-12-01;19;1582
7;2025-12-01;20;969
7;2025-12-01;21;562
7;2025-12-01;22;269
7;2025-12-01;23;171
7;2025-12-02;0;58
7;2025-12-02;1;12
7;2025-12-02;2;0
7;2025-12-02;3;0
7;2025-12-02;4;1
7;2025-12-02;5;191
7;2025-12-02;6;674
7;2025-12-02;7;1599
7;2025-12-02;8;2462
7;2025-12-02;9;1870
7;2025-12-02;10;1601
7;2025-12-02;11;1434
7;2025-12-02;12;1532
7;2025-12-02;13;1495
7;2025-12-02;14;1572
7;2025-12-02;15;1707
7;2025-12-02;16;1846
7;2025-12-02;17;2357
7;2025-12-02;18;2517
7;2025-12-02;19;1674
7;2025-12-02;20;1024
7;2025-12-02;21;594
7;2025-12-02;22;284
7;2025-12-02;23;181
7;2025-12-03;0;57
7;2025-12-03;1;12
7;2025-12-03;2;0
7;2025-12-03;3;0
7;2025-12-03;4;1
7;2025-12-03;5;188
7;2025-12-03;6;664
7;2025-12-03;7;1576
7;2025-12-03;8;2426
7;2025-12-03;9;1842
7;2025-12-03;10;1577
7;2025-12-03;11;1413
7;2025-12-03;12;1509
7;2025-12-03;13;1473
7;2025-12-03;14;1549
7;2025-12-03;15;1682
7;2025-12-03;16;1819
7;2025-12-03;17;2322
7;2025-12-03;18;2480
7;2025-12-03;19;1649
7;2025-12-03;20;1009
7;2025-12-03;21;585
7;2025-12-03;22;280
7;2025-12-03;23;179
7;2025-12-04;0;55
7;2025-12-04;1;11
7;2025-12-04;2;0
7;2025-12-04;3;0
7;2025-12-04;4;1
7;2025-12-04;5;182
7;2025-12-04;6;644
7;2025-12-04;7;1528
7;2025-12-04;8;2352
7;2025-12-04;9;1786
7;2025-12-04;10;1529
7;2025-12-04;11;1370
7;2025-12-04;12;1464
7;2025-12-04;13;1428
7;2025-12-04;14;1502
7;2025-12-04;15;1631
7;2025-12-04;16;1763
7;2025-12-04;17;2251
7;2025-12-04;18;2405
7;2025-12-04;19;1599
7;2025-12-04;20;979
7;2025-12-04;21;567
7;2025-12-04;22;272
7;2025-12-04;23;173
7;2025-12-05;0;64
7;2025-12-05;1;12
7;2025-12-05;2;0
7;2025-12-05;3;0
7;2025-12-05;4;1
7;2025-12-05;5;174
7;2025-12-05;6;614
7;2025-12-05;7;1461
7;2025-12-05;8;2158
7;2025-12-05;9;1644
7;2025-12-05;10;1535
7;2025-12-05;11;1431
7;2025-12-05;12;1504
7;2025-12-05;13;1577
7;2025-12-05;14;1623
7;2025-12-05;15;1758
7;2025-12-05;16;2023
7;2025-12-05;17;2179
7;2025-12-05;18;1899
7;2025-12-05;19;1364
7;2025-12-05;20;932
7;2025-12-05;21;552
7;2025-12-05;22;299
7;2025-12-05;23;213
7;2025-12-06;0;83
7;2025-12-06;1;26
7;2025-12-06;2;0
7;2025-12-06;3;0
7;2025-12-06;4;1
7;2025-12-06;5;45
7;2025-12-06;6;276
7;2025-12-06;7;463
7;2025-12-06;8;712
7;2025-12-06;9;900
7;2025-12-06;10;886
7;2025-12-06;11;1159
7;2025-12-06;12;1345
7;2025-12-06;13;1242
7;2025-12-06;14;1331
7;2025-12-06;15;1211
7;2025-12-06;16;1210
7;2025-12-06;17;1112
7;2025-12-06;18;1061
7;2025-12-06;19;1018
7;2025-12-06;20;762
7;2025-12-06;21;617
7;2025-12-06;22;311
7;2025-12-06;23;225
7;2025-12-07;0;97
7;2025-12-07;1;23
7;2025-12-07;2;0
7;2025-12-07;3;0
7;2025-12-07;4;0
7;2025-12-07;5;28
7;2025-12-07;6;207
7;2025-12-07;7;300
7;2025-12-07;8;513
7;2025-12-07;9;610
7;2025-12-07;10;759
7;2025-12-07;11;988
7;2025-12-07;12;1088
7;2025-12-07;13;1114
7;2025-12-07;14;1179
7;2025-12-07;15;1118
7;2025-12-07;16;1073
7;2025-12-07;17;1086
7;2025-12-07;18;891
7;2025-12-07;19;709
7;2025-12-07;20;642
7;2025-12-07;21;508
7;2025-12-07;22;283
7;2025-12-07;23;153
7;2025-12-08;0;55
7;2025-12-08;1;11
7;2025-12-08;2;0
7;2025-12-08;3;0
7;2025-12-08;4;1
7;2025-12-08;5;180
7;2025-12-08;6;637
7;2025-12-08;7;1512
7;2025-12-08;8;2328
7;2025-12-08;9;1768
7;2025-12-08;10;1514
7;2025-12-08;11;1356
7;2025-12-08;12;1449
7;2025-12-08;13;1414
7;2025-12-08;14;1486
7;2025-12-08;15;1614
7;2025-12-08;16;1745
7;2025-12-08;17;2228
7;2025-12-08;18;2380
7;2025-12-08;19;1582
7;2025-12-08;20;969
7;2025-12-08;21;562
7;2025-12-08;22;269
7;2025-12-08;23;171
7;2025-12-09;0;58
7;2025-12-09;1;12
7;2025-12-09;2;0
7;2025-12-09;3;0
7;2025-12-09;4;1
7;2025-12-09;5;191
7;2025-12-09;6;674
7;2025-12-09;7;1599
7;2025-12-09;8;2462
7;2025-12-09;9;1870
7;2025-12-09;10;1601
7;2025-12-09;11;1434
7;2025-12-09;12;1532
7;2025-12-09;13;1495
7;2025-12-09;14;1572
7;2025-12-09;15;1707
7;2025-12-09;16;1846
7;2025-12-09;17;2357
7;2025-12-09;18;2517
7;2025-12-09;19;1674
7;2025-12-09;20;1024
7;2025-12-09;21;594
7;2025-12-09;22;284
7;2025-12-09;23;181
7;2025-12-10;0;57
7;2025-12-10;1;12
7;2025-12-10;2;0
7;2025-12-10;3;0
7;2025-12-10;4;1
7;2025-12-10;5;188
7;2025-12-10;6;664
7;2025-12-10;7;1576
7;2025-12-10;8;2426
7;2025-12-10;9;1842
7;2025-12-10;10;1577
7;2025-12-10;11;1413
7;2025-12-10;12;1509
7;2025-12-10;13;1473
7;2025-12-10;14;1549
7;2025-12-10;15;1682
7;2025-12-10;16;1819
7;2025-12-10;17;2322
7;2025-12-10;18;2480
7;2025-12-10;19;1649
7;2025-12-10;20;1009
7;2025-12-10;21;585
7;2025-12-10;22;280
7;2025-12-10;23;179
7;2025-12-11;0;55
7;2025-12-11;1;11
7;2025-12-11;2;0
7;2025-12-11;3;0
7;2025-12-11;4;1
7;2025-12-11;5;182
7;2025-12-11;6;644
7;2025-12-11;7;1528
7;2025-12-11;8;2352
7;2025-12-11;9;1786
7;2025-12-11;10;1529
7;2025-12-11;11;1370
7;2025-12-11;12;1464
7;2025-12-11;13;1428
7;2025-12-11;14;1502
7;2025-12-11;15;1631
7;2025-12-11;16;1763
7;2025-12-11;17;2251
7;2025-12-11;18;2405
7;2025-12-11;19;1599
7;2025-12-11;20;979
7;2025-12-11;21;567
7;2025-12-11;22;272
7;2025-12-11;23;173
7;2025-12-12;0;64
7;2025-12-12;1;12
7;2025-12-12;2;0
7;2025-12-12;3;0
7;2025-12-12;4;1
7;2025-12-12;5;174
7;2025-12-12;6;613
7;2025-12-12;7;1458
7;2025-12-12;8;2153
7;2025-12-12;9;1641
7;2025-12-12;10;1532
7;2025-12-12;11;1429
7;2025-12-12;12;1501
7;2025-12-12;13;1574
7;2025-12-12;14;1620
7;2025-12-12;15;1754
7;2025-12-12;16;2019
7;2025-12-12;17;2174
7;2025-12-12;18;1896
7;2025-12-12;19;1361
7;2025-12-12;20;930
7;2025-12-12;21;551
7;2025-12-12;22;299
7;2025-12-12;23;213
7;2025-12-13;0;83
7;2025-12-13;1;26
7;2025-12-13;2;0
7;2025-12-13;3;0
7;2025-12-13;4;1
7;2025-12-13;5;45
7;2025-12-13;6;275
7;2025-12-13;7;462
7;2025-12-13;8;711
7;2025-12-13;9;898
7;2025-12-13;10;884
7;2025-12-13;11;1157
7;2025-12-13;12;1342
7;2025-12-13;13;1239
7;2025-12-13;14;1328
7;2025-12-13;15;1208
7;2025-12-13;16;1208
7;2025-12-13;17;1109
7;2025-12-13;18;1059
7;2025-12-13;19;1016
7;2025-12-13;20;760
7;2025-12-13;21;616
7;2025-12-13;22;310
7;2025-12-13;23;112
7;2025-12-14;0;97
7;2025-12-14;1;23
7;2025-12-14;2;0
7;2025-12-14;3;0
7;2025-12-14;4;0
7;2025-12-14;5;28
7;2025-12-14;6;206
7;2025-12-14;7;300
7;2025-12-14;8;512
7;2025-12-14;9;609
7;2025-12-14;10;757
7;2025-12-14;11;986
7;2025-12-14;12;1086
7;2025-12-14;13;1112
7;2025-12-14;14;1177
7;2025-12-14;15;1116
7;2025-12-14;16;1071
7;2025-12-14;17;1083
7;2025-12-14;18;889
7;2025-12-14;19;707
7;2025-12-14;20;640
7;2025-12-14;21;507
7;2025-12-14;22;283
7;2025-12-14;23;76
7;2025-12-15;0;55
7;2025-12-15;1;11
7;2025-12-15;2;0
7;2025-12-15;3;0
7;2025-12-15;4;1
7;2025-12-15;5;180
7;2025-12-15;6;636
7;2025-12-15;7;1509
7;2025-12-15;8;2323
7;2025-12-15;9;1765
7;2025-12-15;10;1511
7;2025-12-15;11;1354
7;2025-12-15;12;1446
7;2025-12-15;13;1411
7;2025-12-15;14;1483
7;2025-12-15;15;1611
7;2025-12-15;16;1742
7;2025-12-15;17;2224
7;2025-12-15;18;2375
7;2025-12-15;19;1579
7;2025-12-15;20;967
7;2025-12-15;21;561
7;2025-12-15;22;268
7;2025-12-15;23;86
7;2025-12-16;0;58
7;2025-12-16;1;12
7;2025-12-16;2;0
7;2025-12-16;3;0
7;2025-12-16;4;1
7;2025-12-16;5;190
7;2025-12-16;6;673
7;2025-12-16;7;1596
7;2025-12-16;8;2457
7;2025-12-16;9;1866
7;2025-12-16;10;1598
7;2025-12-16;11;1431
7;2025-12-16;12;1529
7;2025-12-16;13;1492
7;2025-12-16;14;1569
7;2025-12-16;15;1703
7;2025-12-16;16;1842
7;2025-12-16;17;2352
7;2025-12-16;18;2512
7;2025-12-16;19;1670
7;2025-12-16;20;1022
7;2025-12-16;21;593
7;2025-12-16;22;284
7;2025-12-16;23;90
7;2025-12-17;0;57
7;2025-12-17;1;12
7;2025-12-17;2;0
7;2025-12-17;3;0
7;2025-12-17;4;1
7;2025-12-17;5;187
7;2025-12-17;6;663
7;2025-12-17;7;1573
7;2025-12-17;8;2421
7;2025-12-17;9;1839
7;2025-12-17;10;1574
7;2025-12-17;11;1410
7;2025-12-17;12;1507
7;2025-12-17;13;1470
7;2025-12-17;14;1546
7;2025-12-17;15;1679
7;2025-12-17;16;1815
7;2025-12-17;17;2318
7;2025-12-17;18;2475
7;2025-12-17;19;1646
7;2025-12-17;20;1007
7;2025-12-17;21;584
7;2025-12-17;22;280
7;2025-12-17;23;89
7;2025-12-18;0;55
7;2025-12-18;1;11
7;2025-12-18;2;0
7;2025-12-18;3;0
7;2025-12-18;4;1
7;2025-12-18;5;182
7;2025-12-18;6;643
7;2025-12-18;7;1525
7;2025-12-18;8;2347
7;2025-12-18;9;1783
7;2025-12-18;10;1526
7;2025-12-18;11;1368
7;2025-12-18;12;1461
7;2025-12-18;13;1425
7;2025-12-18;14;1499
7;2025-12-18;15;1627
7;2025-12-18;16;1760
7;2025-12-18;17;2247
7;2025-12-18;18;2400
7;2025-12-18;19;1596
7;2025-12-18;20;977
7;2025-12-18;21;566
7;2025-12-18;22;271
7;2025-12-18;23;86
7;2025-12-19;0;64
7;2025-12-19;1;12
7;2025-12-19;2;0
7;2025-12-19;3;0
7;2025-12-19;4;1
7;2025-12-19;5;174
7;2025-12-19;6;613
7;2025-12-19;7;1458
7;2025-12-19;8;2153
7;2025-12-19;9;1641
7;2025-12-19;10;1532
7;2025-12-19;11;1429
7;2025-12-19;12;1501
7;2025-12-19;13;1574
7;2025-12-19;14;1620
7;2025-12-19;15;1754
7;2025-12-19;16;2019
7;2025-12-19;17;2174
7;2025-12-19;18;1896
7;2025-12-19;19;1361
7;2025-12-19;20;930
7;2025-12-19;21;551
7;2025-12-19;22;299
7;2025-12-19;23;106
7;2025-12-20;0;83
7;2025-12-20;1;26
7;2025-12-20;2;0
7;2025-12-20;3;0
7;2025-12-20;4;1
7;2025-12-20;5;45
7;2025-12-20;6;275
7;2025-12-20;7;462
7;2025-12-20;8;711
7;2025-12-20;9;898
7;2025-12-20;10;884
7;2025-12-20;11;1157
7;2025-12-20;12;1342
7;2025-12-20;13;1239
7;2025-12-20;14;1328
7;2025-12-20;15;1208
7;2025-12-20;16;1208
7;2025-12-20;17;1109
7;2025-12-20;18;1059
7;2025-12-20;19;1016
7;2025-12-20;20;760
7;2025-12-20;21;616
7;2025-12-20;22;310
7;2025-12-20;23;112
7;2025-12-21;0;97
7;2025-12-21;1;23
7;2025-12-21;2;0
7;2025-12-21;3;0
7;2025-12-21;4;0
7;2025-12-21;5;28
7;2025-12-21;6;206
7;2025-12-21;7;300
7;2025-12-21;8;512
7;2025-12-21;9;609
7;2025-12-21;10;757
7;2025-12-21;11;986
7;2025-12-21;12;1086
7;2025-12-21;13;1112
7;2025-12-21;14;1177
7;2025-12-21;15;1116
7;2025-12-21;16;1071
7;2025-12-21;17;1083
7;2025-12-21;18;889
7;2025-12-21;19;707
7;2025-12-21;20;640
7;2025-12-21;21;507
7;2025-12-21;22;283
7;2025-12-21;23;76
7;2025-12-22;0;55
7;2025-12-22;1;11
7;2025-12-22;2;0
7;2025-12-22;3;0
7;2025-12-22;4;1
7;2025-12-22;5;180
7;2025-12-22;6;636
7;2025-12-22;7;1509
7;2025-12-22;8;2323
7;2025-12-22;9;1765
7;2025-12-22;10;1511
7;2025-12-22;11;1354
7;2025-12-22;12;1446
7;2025-12-22;13;1411
7;2025-12-22;14;1483
7;2025-12-22;15;1611
7;2025-12-22;16;1742
7;2025-12-22;17;2224
7;2025-12-22;18;2375
7;2025-12-22;19;1579
7;2025-12-22;20;967
7;2025-12-22;21;561
7;2025-12-22;22;268
7;2025-12-22;23;86
7;2025-12-23;0;58
7;2025-12-23;1;12
7;2025-12-23;2;0
7;2025-12-23;3;0
7;2025-12-23;4;1
7;2025-12-23;5;190
7;2025-12-23;6;673
7;2025-12-23;7;1596
7;2025-12-23;8;2457
7;2025-12-23;9;1866
7;2025-12-23;10;1598
7;2025-12-23;11;1431
7;2025-12-23;12;1529
7;2025-12-23;13;1492
7;2025-12-23;14;1569
7;2025-12-23;15;1703
7;2025-12-23;16;1842
7;2025-12-23;17;2352
7;2025-12-23;18;2512
7;2025-12-23;19;1670
7;2025-12-23;20;1022
7;2025-12-23;21;593
7;2025-12-23;22;284
7;2025-12-23;23;90
7;2025-12-24;0;57
7;2025-12-24;1;12
7;2025-12-24;2;0
7;2025-12-24;3;0
7;2025-12-24;4;1
7;2025-12-24;5;187
7;2025-12-24;6;663
7;2025-12-24;7;1573
7;2025-12-24;8;2421
7;2025-12-24;9;1839
7;2025-12-24;10;1574
7;2025-12-24;11;1410
7;2025-12-24;12;1507
7;2025-12-24;13;1470
7;2025-12-24;14;1546
7;2025-12-24;15;1679
7;2025-12-24;16;1815
7;2025-12-24;17;2318
7;2025-12-24;18;2475
7;2025-12-24;19;1646
7;2025-12-24;20;1007
7;2025-12-24;21;584
7;2025-12-24;22;280
7;2025-12-24;23;89
7;2025-12-25;0;55
7;2025-12-25;1;11
7;2025-12-25;2;0
7;2025-12-25;3;0
7;2025-12-25;4;1
7;2025-12-25;5;182
7;2025-12-25;6;643
7;2025-12-25;7;1525
7;2025-12-25;8;2347
7;2025-12-25;9;1783
7;2025-12-25;10;1526
7;2025-12-25;11;1368
7;2025-12-25;12;1461
7;2025-12-25;13;1425
7;2025-12-25;14;1499
7;2025-12-25;15;1627
7;2025-12-25;16;1760
7;2025-12-25;17;2247
7;2025-12-25;18;2400
7;2025-12-25;19;1596
7;2025-12-25;20;977
7;2025-12-25;21;566
7;2025-12-25;22;271
7;2025-12-25;23;86
7;2025-12-26;0;66
7;2025-12-26;1;12
7;2025-12-26;2;0
7;2025-12-26;3;0
7;2025-12-26;4;1
7;2025-12-26;5;179
7;2025-12-26;6;631
7;2025-12-26;7;1502
7;2025-12-26;8;2218
7;2025-12-26;9;1690
7;2025-12-26;10;1578
7;2025-12-26;11;1471
7;2025-12-26;12;1546
7;2025-12-26;13;1621
7;2025-12-26;14;1669
7;2025-12-26;15;1807
7;2025-12-26;16;2079
7;2025-12-26;17;2240
7;2025-12-26;18;1953
7;2025-12-26;19;1402
7;2025-12-26;20;958
7;2025-12-26;21;567
7;2025-12-26;22;308
7;2025-12-26;23;109
7;2025-12-27;0;83
7;2025-12-27;1;26
7;2025-12-27;2;0
7;2025-12-27;3;0
7;2025-12-27;4;1
7;2025-12-27;5;45
7;2025-12-27;6;275
7;2025-12-27;7;462
7;2025-12-27;8;711
7;2025-12-27;9;898
7;2025-12-27;10;884
7;2025-12-27;11;1157
7;2025-12-27;12;1342
7;2025-12-27;13;1239
7;2025-12-27;14;1328
7;2025-12-27;15;1208
7;2025-12-27;16;1208
7;2025-12-27;17;1109
7;2025-12-27;18;1059
7;2025-12-27;19;1016
7;2025-12-27;20;760
7;2025-12-27;21;616
7;2025-12-27;22;310
7;2025-12-27;23;112
7;2025-12-28;0;97
7;2025-12-28;1;23
7;2025-12-28;2;0
7;2025-12-28;3;0
7;2025-12-28;4;0
7;2025-12-28;5;28
7;2025-12-28;6;206
7;2025-12-28;7;300
7;2025-12-28;8;512
7;2025-12-28;9;609
7;2025-12-28;10;757
7;2025-12-28;11;986
7;2025-12-28;12;1086
7;2025-12-28;13;1112
7;2025-12-28;14;1177
7;2025-12-28;15;1116
7;2025-12-28;16;1071
7;2025-12-28;17;1083
7;2025-12-28;18;889
7;2025-12-28;19;707
7;2025-12-28;20;640
7;2025-12-28;21;507
7;2025-12-28;22;283
7;2025-12-28;23;76
7;2025-12-29;0;51
7;2025-12-29;1;10
7;2025-12-29;2;0
7;2025-12-29;3;0
7;2025-12-29;4;1
7;2025-12-29;5;168
7;2025-12-29;6;595
7;2025-12-29;7;1411
7;2025-12-29;8;2172
7;2025-12-29;9;1650
7;2025-12-29;10;1412
7;2025-12-29;11;1266
7;2025-12-29;12;1352
7;2025-12-29;13;1319
7;2025-12-29;14;1387
7;2025-12-29;15;1506
7;2025-12-29;16;1629
7;2025-12-29;17;2079
7;2025-12-29;18;2221
7;2025-12-29;19;1477
7;2025-12-29;20;904
7;2025-12-29;21;524
7;2025-12-29;22;251
7;2025-12-29;23;80
7;2025-12-30;0;54
7;2025-12-30;1;11
7;2025-12-30;2;0
7;2025-12-30;3;0
7;2025-12-30;4;1
7;2025-12-30;5;178
7;2025-12-30;6;629
7;2025-12-30;7;1492
7;2025-12-30;8;2297
7;2025-12-30;9;1745
7;2025-12-30;10;1494
7;2025-12-30;11;1338
7;2025-12-30;12;1430
7;2025-12-30;13;1395
7;2025-12-30;14;1467
7;2025-12-30;15;1593
7;2025-12-30;16;1722
7;2025-12-30;17;2199
7;2025-12-30;18;2349
7;2025-12-30;19;1562
7;2025-12-30;20;956
7;2025-12-30;21;554
7;2025-12-30;22;265
7;2025-12-30;23;85
7;2025-12-31;0;108
7;2025-12-31;1;26
7;2025-12-31;2;0
7;2025-12-31;3;0
7;2025-12-31;4;1
7;2025-12-31;5;31
7;2025-12-31;6;162
7;2025-12-31;7;225
7;2025-12-31;8;455
7;2025-12-31;9;581
7;2025-12-31;10;540
7;2025-12-31;11;759
7;2025-12-31;12;831
7;2025-12-31;13;839
7;2025-12-31;14;880
7;2025-12-31;15;896
7;2025-12-31;16;811
7;2025-12-31;17;820
7;2025-12-31;18;384
7;2025-12-31;19;294
7;2025-12-31;20;250
7;2025-12-31;21;187
7;2025-12-31;22;101
7;2025-12-31;23;35
11;2025-11-01;0;70
11;2025-11-01;1;2
11;2025-11-01;2;0
11;2025-11-01;3;0
11;2025-11-01;4;2
11;2025-11-01;5;253
11;2025-11-01;6;1167
11;2025-11-01;7;2124
11;2025-11-01;8;2854
11;2025-11-01;9;2099
11;2025-11-01;10;1652
11;2025-11-01;11;1598
11;2025-11-01;12;1693
11;2025-11-01;13;1745
11;2025-11-01;14;1887
11;2025-11-01;15;1964
11;2025-11-01;16;2211
11;2025-11-01;17;2625
11;2025-11-01;18;2218
11;2025-11-01;19;1705
11;2025-11-01;20;1189
11;2025-11-01;21;745
11;2025-11-01;22;365
11;2025-11-01;23;280
11;2025-11-02;0;110
11;2025-11-02;1;15
11;2025-11-02;2;0
11;2025-11-02;3;0
11;2025-11-02;4;1
11;2025-11-02;5;112
11;2025-11-02;6;486
11;2025-11-02;7;494
11;2025-11-02;8;658
11;2025-11-02;9;904
11;2025-11-02;10;994
11;2025-11-02;11;1461
11;2025-11-02;12;1589
11;2025-11-02;13;1551
11;2025-11-02;14;1657
11;2025-11-02;15;1639
11;2025-11-02;16;1579
11;2025-11-02;17;1657
11;2025-11-02;18;1249
11;2025-11-02;19;1006
11;2025-11-02;20;782
11;2025-11-02;21;591
11;2025-11-02;22;349
11;2025-11-02;23;247
11;2025-11-03;0;107
11;2025-11-03;1;14
11;2025-11-03;2;0
11;2025-11-03;3;0
11;2025-11-03;4;1
11;2025-11-03;5;109
11;2025-11-03;6;474
11;2025-11-03;7;482
11;2025-11-03;8;643
11;2025-11-03;9;883
11;2025-11-03;10;971
11;2025-11-03;11;1427
11;2025-11-03;12;1552
11;2025-11-03;13;1515
11;2025-11-03;14;1618
11;2025-11-03;15;1601
11;2025-11-03;16;1542
11;2025-11-03;17;1618
11;2025-11-03;18;1220
11;2025-11-03;19;982
11;2025-11-03;20;763
11;2025-11-03;21;577
11;2025-11-03;22;341
11;2025-11-03;23;241
11;2025-11-04;0;107
11;2025-11-04;1;14
11;2025-11-04;2;0
11;2025-11-04;3;0
11;2025-11-04;4;1
11;2025-11-04;5;109
11;2025-11-04;6;474
11;2025-11-04;7;482
11;2025-11-04;8;642
11;2025-11-04;9;882
11;2025-11-04;10;970
11;2025-11-04;11;1426
11;2025-11-04;12;1551
11;2025-11-04;13;1514
11;2025-11-04;14;1617
11;2025-11-04;15;1599
11;2025-11-04;16;1541
11;2025-11-04;17;1617
11;2025-11-04;18;1219
11;2025-11-04;19;981
11;2025-11-04;20;763
11;2025-11-04;21;576
11;2025-11-04;22;341
11;2025-11-04;23;241
11;2025-11-05;0;64
11;2025-11-05;1;3
11;2025-11-05;2;0
11;2025-11-05;3;0
11;2025-11-05;4;3
11;2025-11-05;5;275
11;2025-11-05;6;1268
11;2025-11-05;7;2396
11;2025-11-05;8;3150
11;2025-11-05;9;2410
11;2025-11-05;10;1910
11;2025-11-05;11;1836
11;2025-11-05;12;1881
11;2025-11-05;13;2026
11;2025-11-05;14;1984
11;2025-11-05;15;2006
11;2025-11-05;16;2244
11;2025-11-05;17;2779
11;2025-11-05;18;3036
11;2025-11-05;19;2145
11;2025-11-05;20;1355
11;2025-11-05;21;799
11;2025-11-05;22;383
11;2025-11-05;23;220
11;2025-11-06;0;66
11;2025-11-06;1;3
11;2025-11-06;2;0
11;2025-11-06;3;0
11;2025-11-06;4;3
11;2025-11-06;5;283
11;2025-11-06;6;1305
11;2025-11-06;7;2467
11;2025-11-06;8;3242
11;2025-11-06;9;2481
11;2025-11-06;10;1966
11;2025-11-06;11;1890
11;2025-11-06;12;1937
11;2025-11-06;13;2086
11;2025-11-06;14;2042
11;2025-11-06;15;2065
11;2025-11-06;16;2310
11;2025-11-06;17;2861
11;2025-11-06;18;3125
11;2025-11-06;19;2208
11;2025-11-06;20;1395
11;2025-11-06;21;823
11;2025-11-06;22;394
11;2025-11-06;23;227
11;2025-11-07;0;77
11;2025-11-07;1;2
11;2025-11-07;2;0
11;2025-11-07;3;0
11;2025-11-07;4;2
11;2025-11-07;5;277
11;2025-11-07;6;1280
11;2025-11-07;7;2330
11;2025-11-07;8;3131
11;2025-11-07;9;2302
11;2025-11-07;10;1812
11;2025-11-07;11;1752
11;2025-11-07;12;1857
11;2025-11-07;13;1914
11;2025-11-07;14;2070
11;2025-11-07;15;2154
11;2025-11-07;16;2425
11;2025-11-07;17;2879
11;2025-11-07;18;2433
11;2025-11-07;19;1870
11;2025-11-07;20;1304
11;2025-11-07;21;817
11;2025-11-07;22;401
11;2025-11-07;23;307
11;2025-11-08;0;108
11;2025-11-08;1;3
11;2025-11-08;2;0
11;2025-11-08;3;0
11;2025-11-08;4;2
11;2025-11-08;5;181
11;2025-11-08;6;779
11;2025-11-08;7;733
11;2025-11-08;8;1004
11;2025-11-08;9;1172
11;2025-11-08;10;1343
11;2025-11-08;11;1727
11;2025-11-08;12;1962
11;2025-11-08;13;1843
11;2025-11-08;14;2000
11;2025-11-08;15;1903
11;2025-11-08;16;1847
11;2025-11-08;17;1878
11;2025-11-08;18;1537
11;2025-11-08;19;1427
11;2025-11-08;20;1021
11;2025-11-08;21;721
11;2025-11-08;22;427
11;2025-11-08;23;300
11;2025-11-09;0;109
11;2025-11-09;1;15
11;2025-11-09;2;0
11;2025-11-09;3;0
11;2025-11-09;4;1
11;2025-11-09;5;111
11;2025-11-09;6;483
11;2025-11-09;7;491
11;2025-11-09;8;654
11;2025-11-09;9;899
11;2025-11-09;10;988
11;2025-11-09;11;1453
11;2025-11-09;12;1580
11;2025-11-09;13;1543
11;2025-11-09;14;1647
11;2025-11-09;15;1630
11;2025-11-09;16;1570
11;2025-11-09;17;1647
11;2025-11-09;18;1241
11;2025-11-09;19;1000
11;2025-11-09;20;777
11;2025-11-09;21;587
11;2025-11-09;22;347
11;2025-11-09;23;246
11;2025-11-10;0;63
11;2025-11-10;1;3
11;2025-11-10;2;0
11;2025-11-10;3;0
11;2025-11-10;4;3
11;2025-11-10;5;268
11;2025-11-10;6;1238
11;2025-11-10;7;2340
11;2025-11-10;8;3075
11;2025-11-10;9;2354
11;2025-11-10;10;1865
11;2025-11-10;11;1793
11;2025-11-10;12;1837
11;2025-11-10;13;1978
11;2025-11-10;14;1937
11;2025-11-10;15;1959
11;2025-11-10;16;2191
11;2025-11-10;17;2714
11;2025-11-10;18;2964
11;2025-11-10;19;2094
11;2025-11-10;20;1323
11;2025-11-10;21;780
11;2025-11-10;22;374
11;2025-11-10;23;215
11;2025-11-11;0;65
11;2025-11-11;1;3
11;2025-11-11;2;0
11;2025-11-11;3;0
11;2025-11-11;4;3
11;2025-11-11;5;278
11;2025-11-11;6;1286
11;2025-11-11;7;2430
11;2025-11-11;8;3193
11;2025-11-11;9;2444
11;2025-11-11;10;1937
11;2025-11-11;11;1862
11;2025-11-11;12;1908
11;2025-11-11;13;2054
11;2025-11-11;14;2012
11;2025-11-11;15;2034
11;2025-11-11;16;2276
11;2025-11-11;17;2818
11;2025-11-11;18;3078
11;2025-11-11;19;2175
11;2025-11-11;20;1374
11;2025-11-11;21;810
11;2025-11-11;22;388
11;2025-11-11;23;223
11;2025-11-12;0;64
11;2025-11-12;1;3
11;2025-11-12;2;0
11;2025-11-12;3;0
11;2025-11-12;4;3
11;2025-11-12;5;274
11;2025-11-12;6;1266
11;2025-11-12;7;2393
11;2025-11-12;8;3145
11;2025-11-12;9;2407
11;2025-11-12;10;1907
11;2025-11-12;11;1833
11;2025-11-12;12;1879
11;2025-11-12;13;2023
11;2025-11-12;14;1981
11;2025-11-12;15;2003
11;2025-11-12;16;2241
11;2025-11-12;17;2775
11;2025-11-12;18;3031
11;2025-11-12;19;2142
11;2025-11-12;20;1353
11;2025-11-12;21;798
11;2025-11-12;22;382
11;2025-11-12;23;220
11;2025-11-13;0;66
11;2025-11-13;1;3
11;2025-11-13;2;0
11;2025-11-13;3;0
11;2025-11-13;4;3
11;2025-11-13;5;282
11;2025-11-13;6;1303
11;2025-11-13;7;2463
11;2025-11-13;8;3238
11;2025-11-13;9;2478
11;2025-11-13;10;1963
11;2025-11-13;11;1887
11;2025-11-13;12;1934
11;2025-11-13;13;2082
11;2025-11-13;14;2039
11;2025-11-13;15;2062
11;2025-11-13;16;2307
11;2025-11-13;17;2857
11;2025-11-13;18;3120
11;2025-11-13;19;2205
11;2025-11-13;20;1393
11;2025-11-13;21;821
11;2025-11-13;22;394
11;2025-11-13;23;226
11;2025-11-14;0;77
11;2025-11-14;1;2
11;2025-11-14;2;0
11;2025-11-14;3;0
11;2025-11-14;4;2
11;2025-11-14;5;277
11;2025-11-14;6;1278
11;2025-11-14;7;2326
11;2025-11-14;8;3126
11;2025-11-14;9;2299
11;2025-11-14;10;1810
11;2025-11-14;11;1750
11;2025-11-14;12;1854
11;2025-11-14;13;1912
11;2025-11-14;14;2067
11;2025-11-14;15;2151
11;2025-11-14;16;2421
11;2025-11-14;17;2874
11;2025-11-14;18;2430
11;2025-11-14;19;1867
11;2025-11-14;20;1302
11;2025-11-14;21;816
11;2025-11-14;22;400
11;2025-11-14;23;307
11;2025-11-15;0;108
11;2025-11-15;1;3
11;2025-11-15;2;0
11;2025-11-15;3;0
11;2025-11-15;4;2
11;2025-11-15;5;180
11;2025-11-15;6;773
11;2025-11-15;7;728
11;2025-11-15;8;997
11;2025-11-15;9;1164
11;2025-11-15;10;1333
11;2025-11-15;11;1715
11;2025-11-15;12;1948
11;2025-11-15;13;1830
11;2025-11-15;14;1986
11;2025-11-15;15;1890
11;2025-11-15;16;1834
11;2025-11-15;17;1865
11;2025-11-15;18;1526
11;2025-11-15;19;1417
11;2025-11-15;20;1013
11;2025-11-15;21;716
11;2025-11-15;22;424
11;2025-11-15;23;298
11;2025-11-16;0;109
11;2025-11-16;1;15
11;2025-11-16;2;0
11;2025-11-16;3;0
11;2025-11-16;4;1
11;2025-11-16;5;110
11;2025-11-16;6;480
11;2025-11-16;7;488
11;2025-11-16;8;651
11;2025-11-16;9;894
11;2025-11-16;10;983
11;2025-11-16;11;1445
11;2025-11-16;12;1572
11;2025-11-16;13;1534
11;2025-11-16;14;1639
11;2025-11-16;15;1621
11;2025-11-16;16;1562
11;2025-11-16;17;1639
11;2025-11-16;18;1235
11;2025-11-16;19;995
11;2025-11-16;20;773
11;2025-11-16;21;584
11;2025-11-16;22;346
11;2025-11-16;23;244
11;2025-11-17;0;63
11;2025-11-17;1;3
11;2025-11-17;2;0
11;2025-11-17;3;0
11;2025-11-17;4;3
11;2025-11-17;5;268
11;2025-11-17;6;1237
11;2025-11-17;7;2338
11;2025-11-17;8;3073
11;2025-11-17;9;2352
11;2025-11-17;10;1863
11;2025-11-17;11;1791
11;2025-11-17;12;1836
11;2025-11-17;13;1976
11;2025-11-17;14;1936
11;2025-11-17;15;1957
11;2025-11-17;16;2190
11;2025-11-17;17;2712
11;2025-11-17;18;2961
11;2025-11-17;19;2092
11;2025-11-17;20;1322
11;2025-11-17;21;780
11;2025-11-17;22;374
11;2025-11-17;23;215
11;2025-11-18;0;65
11;2025-11-18;1;3
11;2025-11-18;2;0
11;2025-11-18;3;0
11;2025-11-18;4;3
11;2025-11-18;5;278
11;2025-11-18;6;1285
11;2025-11-18;7;2428
11;2025-11-18;8;3191
11;2025-11-18;9;2442
11;2025-11-18;10;1935
11;2025-11-18;11;1861
11;2025-11-18;12;1906
11;2025-11-18;13;2053
11;2025-11-18;14;2010
11;2025-11-18;15;2033
11;2025-11-18;16;2274
11;2025-11-18;17;2816
11;2025-11-18;18;3076
11;2025-11-18;19;2173
11;2025-11-18;20;1373
11;2025-11-18;21;810
11;2025-11-18;22;388
11;2025-11-18;23;223
11;2025-11-19;0;64
11;2025-11-19;1;3
11;2025-11-19;2;0
11;2025-11-19;3;0
11;2025-11-19;4;3
11;2025-11-19;5;274
11;2025-11-19;6;1266
11;2025-11-19;7;2392
11;2025-11-19;8;3144
11;2025-11-19;9;2406
11;2025-11-19;10;1906
11;2025-11-19;11;1833
11;2025-11-19;12;1878
11;2025-11-19;13;2022
11;2025-11-19;14;1980
11;2025-11-19;15;2003
11;2025-11-19;16;2240
11;2025-11-19;17;2774
11;2025-11-19;18;3030
11;2025-11-19;19;2141
11;2025-11-19;20;1352
11;2025-11-19;21;798
11;2025-11-19;22;382
11;2025-11-19;23;220
11;2025-11-20;0;66
11;2025-11-20;1;3
11;2025-11-20;2;0
11;2025-11-20;3;0
11;2025-11-20;4;3
11;2025-11-20;5;282
11;2025-11-20;6;1303
11;2025-11-20;7;2463
11;2025-11-20;8;3237
11;2025-11-20;9;2477
11;2025-11-20;10;1963
11;2025-11-20;11;1887
11;2025-11-20;12;1934
11;2025-11-20;13;2082
11;2025-11-20;14;2039
11;2025-11-20;15;2062
11;2025-11-20;16;2307
11;2025-11-20;17;2856
11;2025-11-20;18;3120
11;2025-11-20;19;2204
11;2025-11-20;20;1392
11;2025-11-20;21;821
11;2025-11-20;22;394
11;2025-11-20;23;226
11;2025-11-21;0;77
11;2025-11-21;1;2
11;2025-11-21;2;0
11;2025-11-21;3;0
11;2025-11-21;4;2
11;2025-11-21;5;277
11;2025-11-21;6;1278
11;2025-11-21;7;2326
11;2025-11-21;8;3126
11;2025-11-21;9;2299
11;2025-11-21;10;1810
11;2025-11-21;11;1750
11;2025-11-21;12;1854
11;2025-11-21;13;1912
11;2025-11-21;14;2067
11;2025-11-21;15;2151
11;2025-11-21;16;2421
11;2025-11-21;17;2874
11;2025-11-21;18;2430
11;2025-11-21;19;1867
11;2025-11-21;20;1302
11;2025-11-21;21;816
11;2025-11-21;22;400
11;2025-11-21;23;307
11;2025-11-22;0;107
11;2025-11-22;1;3
11;2025-11-22;2;0
11;2025-11-22;3;0
11;2025-11-22;4;2
11;2025-11-22;5;179
11;2025-11-22;6;769
11;2025-11-22;7;724
11;2025-11-22;8;991
11;2025-11-22;9;1157
11;2025-11-22;10;1325
11;2025-11-22;11;1705
11;2025-11-22;12;1937
11;2025-11-22;13;1819
11;2025-11-22;14;1974
11;2025-11-22;15;1879
11;2025-11-22;16;1823
11;2025-11-22;17;1854
11;2025-11-22;18;1517
11;2025-11-22;19;1409
11;2025-11-22;20;1007
11;2025-11-22;21;712
11;2025-11-22;22;421
11;2025-11-22;23;296
11;2025-11-23;0;108
11;2025-11-23;1;15
11;2025-11-23;2;0
11;2025-11-23;3;0
11;2025-11-23;4;1
11;2025-11-23;5;110
11;2025-11-23;6;478
11;2025-11-23;7;486
11;2025-11-23;8;648
11;2025-11-23;9;890
11;2025-11-23;10;979
11;2025-11-23;11;1439
11;2025-11-23;12;1565
11;2025-11-23;13;1528
11;2025-11-23;14;1632
11;2025-11-23;15;1614
11;2025-11-23;16;1555
11;2025-11-23;17;1632
11;2025-11-23;18;1230
11;2025-11-23;19;990
11;2025-11-23;20;770
11;2025-11-23;21;582
11;2025-11-23;22;344
11;2025-11-23;23;243
11;2025-11-24;0;63
11;2025-11-24;1;3
11;2025-11-24;2;0
11;2025-11-24;3;0
11;2025-11-24;4;3
11;2025-11-24;5;268
11;2025-11-24;6;1237
11;2025-11-24;7;2338
11;2025-11-24;8;3073
11;2025-11-24;9;2352
11;2025-11-24;10;1863
11;2025-11-24;11;1791
11;2025-11-24;12;1836
11;2025-11-24;13;1976
11;2025-11-24;14;1936
11;2025-11-24;15;1957
11;2025-11-24;16;2190
11;2025-11-24;17;2712
11;2025-11-24;18;2961
11;2025-11-24;19;2092
11;2025-11-24;20;1322
11;2025-11-24;21;780
11;2025-11-24;22;374
11;2025-11-24;23;215
11;2025-11-25;0;65
11;2025-11-25;1;3
11;2025-11-25;2;0
11;2025-11-25;3;0
11;2025-11-25;4;3
11;2025-11-25;5;278
11;2025-11-25;6;1285
11;2025-11-25;7;2428
11;2025-11-25;8;3191
11;2025-11-25;9;2442
11;2025-11-25;10;1935
11;2025-11-25;11;1861
11;2025-11-25;12;1906
11;2025-11-25;13;2053
11;2025-11-25;14;2010
11;2025-11-25;15;2033
11;2025-11-25;16;2274
11;2025-11-25;17;2816
11;2025-11-25;18;3076
11;2025-11-25;19;2173
11;2025-11-25;20;1373
11;2025-11-25;21;810
11;2025-11-25;22;388
11;2025-11-25;23;223
11;2025-11-26;0;64
11;2025-11-26;1;3
11;2025-11-26;2;0
11;2025-11-26;3;0
11;2025-11-26;4;3
11;2025-11-26;5;274
11;2025-11-26;6;1266
11;2025-11-26;7;2392
11;2025-11-26;8;3144
11;2025-11-26;9;2406
11;2025-11-26;10;1906
11;2025-11-26;11;1833
11;2025-11-26;12;1878
11;2025-11-26;13;2022
11;2025-11-26;14;1980
11;2025-11-26;15;2003
11;2025-11-26;16;2240
11;2025-11-26;17;2774
11;2025-11-26;18;3030
11;2025-11-26;19;2141
11;2025-11-26;20;1352
11;2025-11-26;21;798
11;2025-11-26;22;382
11;2025-11-26;23;220
11;2025-11-27;0;66
11;2025-11-27;1;3
11;2025-11-27;2;0
11;2025-11-27;3;0
11;2025-11-27;4;3
11;2025-11-27;5;282
11;2025-11-27;6;1303
11;2025-11-27;7;2463
11;2025-11-27;8;3237
11;2025-11-27;9;2477
11;2025-11-27;10;1963
11;2025-11-27;11;1887
11;2025-11-27;12;1934
11;2025-11-27;13;2082
11;2025-11-27;14;2039
11;2025-11-27;15;2062
11;2025-11-27;16;2307
11;2025-11-27;17;2856
11;2025-11-27;18;3120
11;2025-11-27;19;2204
11;2025-11-27;20;1392
11;2025-11-27;21;821
11;2025-11-27;22;394
11;2025-11-27;23;226
11;2025-11-28;0;77
11;2025-11-28;1;2
11;2025-11-28;2;0
11;2025-11-28;3;0
11;2025-11-28;4;2
11;2025-11-28;5;277
11;2025-11-28;6;1278
11;2025-11-28;7;2326
11;2025-11-28;8;3126
11;2025-11-28;9;2299
11;2025-11-28;10;1810
11;2025-11-28;11;1750
11;2025-11-28;12;1854
11;2025-11-28;13;1912
11;2025-11-28;14;2067
11;2025-11-28;15;2151
11;2025-11-28;16;2421
11;2025-11-28;17;2874
11;2025-11-28;18;2430
11;2025-11-28;19;1867
11;2025-11-28;20;1302
11;2025-11-28;21;816
11;2025-11-28;22;400
11;2025-11-28;23;307
11;2025-11-29;0;106
11;2025-11-29;1;2
11;2025-11-29;2;0
11;2025-11-29;3;0
11;2025-11-29;4;2
11;2025-11-29;5;178
11;2025-11-29;6;764
11;2025-11-29;7;720
11;2025-11-29;8;986
11;2025-11-29;9;1150
11;2025-11-29;10;1318
11;2025-11-29;11;1695
11;2025-11-29;12;1926
11;2025-11-29;13;1809
11;2025-11-29;14;1963
11;2025-11-29;15;1868
11;2025-11-29;16;1813
11;2025-11-29;17;1843
11;2025-11-29;18;1508
11;2025-11-29;19;1400
11;2025-11-29;20;1002
11;2025-11-29;21;708
11;2025-11-29;22;419
11;2025-11-29;23;294
11;2025-11-30;0;108
11;2025-11-30;1;14
11;2025-11-30;2;0
11;2025-11-30;3;0
11;2025-11-30;4;1
11;2025-11-30;5;109
11;2025-11-30;6;476
11;2025-11-30;7;484
11;2025-11-30;8;645
11;2025-11-30;9;886
11;2025-11-30;10;974
11;2025-11-30;11;1433
11;2025-11-30;12;1558
11;2025-11-30;13;1521
11;2025-11-30;14;1625
11;2025-11-30;15;1607
11;2025-11-30;16;1549
11;2025-11-30;17;1625
11;2025-11-30;18;1224
11;2025-11-30;19;986
11;2025-11-30;20;767
11;2025-11-30;21;579
11;2025-11-30;22;343
11;2025-11-30;23;242
11;2025-12-01;0;63
11;2025-12-01;1;3
11;2025-12-01;2;0
11;2025-12-01;3;0
11;2025-12-01;4;3
11;2025-12-01;5;268
11;2025-12-01;6;1237
11;2025-12-01;7;2338
11;2025-12-01;8;3073
11;2025-12-01;9;2352
11;2025-12-01;10;1863
11;2025-12-01;11;1791
11;2025-12-01;12;1836
11;2025-12-01;13;1976
11;2025-12-01;14;1936
11;2025-12-01;15;1957
11;2025-12-01;16;2190
11;2025-12-01;17;2712
11;2025-12-01;18;2961
11;2025-12-01;19;2092
11;2025-12-01;20;1322
11;2025-12-01;21;780
11;2025-12-01;22;374
11;2025-12-01;23;215
11;2025-12-02;0;65
11;2025-12-02;1;3
11;2025-12-02;2;0
11;2025-12-02;3;0
11;2025-12-02;4;3
11;2025-12-02;5;278
11;2025-12-02;6;1285
11;2025-12-02;7;2428
11;2025-12-02;8;3191
11;2025-12-02;9;2442
11;2025-12-02;10;1935
11;2025-12-02;11;1861
11;2025-12-02;12;1906
11;2025-12-02;13;2053
11;2025-12-02;14;2010
11;2025-12-02;15;2033
11;2025-12-02;16;2274
11;2025-12-02;17;2816
11;2025-12-02;18;3076
11;2025-12-02;19;2173
11;2025-12-02;20;1373
11;2025-12-02;21;810
11;2025-12-02;22;388
11;2025-12-02;23;223
11;2025-12-03;0;64
11;2025-12-03;1;3
11;2025-12-03;2;0
11;2025-12-03;3;0
11;2025-12-03;4;3
11;2025-12-03;5;274
11;2025-12-03;6;1266
11;2025-12-03;7;2392
11;2025-12-03;8;3144
11;2025-12-03;9;2406
11;2025-12-03;10;1906
11;2025-12-03;11;1833
11;2025-12-03;12;1878
11;2025-12-03;13;2022
11;2025-12-03;14;1980
11;2025-12-03;15;2003
11;2025-12-03;16;2240
11;2025-12-03;17;2774
11;2025-12-03;18;3030
11;2025-12-03;19;2141
11;2025-12-03;20;1352
11;2025-12-03;21;798
11;2025-12-03;22;382
11;2025-12-03;23;220
11;2025-12-04;0;66
11;2025-12-04;1;3
11;2025-12-04;2;0
11;2025-12-04;3;0
11;2025-12-04;4;3
11;2025-12-04;5;282
11;2025-12-04;6;1303
11;2025-12-04;7;2463
11;2025-12-04;8;3237
11;2025-12-04;9;2477
11;2025-12-04;10;1963
11;2025-12-04;11;1887
11;2025-12-04;12;1934
11;2025-12-04;13;2082
11;2025-12-04;14;2039
11;2025-12-04;15;2062
11;2025-12-04;16;2307
11;2025-12-04;17;2856
11;2025-12-04;18;3120
11;2025-12-04;19;2204
11;2025-12-04;20;1392
11;2025-12-04;21;821
11;2025-12-04;22;394
11;2025-12-04;23;226
11;2025-12-05;0;77
11;2025-12-05;1;2
11;2025-12-05;2;0
11;2025-12-05;3;0
11;2025-12-05;4;2
11;2025-12-05;5;277
11;2025-12-05;6;1278
11;2025-12-05;7;2326
11;2025-12-05;8;3126
11;2025-12-05;9;2299
11;2025-12-05;10;1810
11;2025-12-05;11;1750
11;2025-12-05;12;1854
11;2025-12-05;13;1912
11;2025-12-05;14;2067
11;2025-12-05;15;2151
11;2025-12-05;16;2421
11;2025-12-05;17;2874
11;2025-12-05;18;2430
11;2025-12-05;19;1867
11;2025-12-05;20;1302
11;2025-12-05;21;816
11;2025-12-05;22;400
11;2025-12-05;23;307
11;2025-12-06;0;106
11;2025-12-06;1;2
11;2025-12-06;2;0
11;2025-12-06;3;0
11;2025-12-06;4;2
11;2025-12-06;5;177
11;2025-12-06;6;760
11;2025-12-06;7;715
11;2025-12-06;8;980
11;2025-12-06;9;1144
11;2025-12-06;10;1310
11;2025-12-06;11;1685
11;2025-12-06;12;1914
11;2025-12-06;13;1798
11;2025-12-06;14;1951
11;2025-12-06;15;1857
11;2025-12-06;16;1802
11;2025-12-06;17;1833
11;2025-12-06;18;1499
11;2025-12-06;19;1392
11;2025-12-06;20;996
11;2025-12-06;21;704
11;2025-12-06;22;416
11;2025-12-06;23;293
11;2025-12-07;0;107
11;2025-12-07;1;14
11;2025-12-07;2;0
11;2025-12-07;3;0
11;2025-12-07;4;1
11;2025-12-07;5;109
11;2025-12-07;6;474
11;2025-12-07;7;482
11;2025-12-07;8;643
11;2025-12-07;9;882
11;2025-12-07;10;970
11;2025-12-07;11;1427
11;2025-12-07;12;1552
11;2025-12-07;13;1515
11;2025-12-07;14;1618
11;2025-12-07;15;1600
11;2025-12-07;16;1542
11;2025-12-07;17;1618
11;2025-12-07;18;1219
11;2025-12-07;19;982
11;2025-12-07;20;763
11;2025-12-07;21;577
11;2025-12-07;22;341
11;2025-12-07;23;241
11;2025-12-08;0;63
11;2025-12-08;1;3
11;2025-12-08;2;0
11;2025-12-08;3;0
11;2025-12-08;4;3
11;2025-12-08;5;268
11;2025-12-08;6;1237
11;2025-12-08;7;2338
11;2025-12-08;8;3073
11;2025-12-08;9;2352
11;2025-12-08;10;1863
11;2025-12-08;11;1791
11;2025-12-08;12;1836
11;2025-12-08;13;1976
11;2025-12-08;14;1936
11;2025-12-08;15;1957
11;2025-12-08;16;2190
11;2025-12-08;17;2712
11;2025-12-08;18;2961
11;2025-12-08;19;2092
11;2025-12-08;20;1322
11;2025-12-08;21;780
11;2025-12-08;22;374
11;2025-12-08;23;215
11;2025-12-09;0;65
11;2025-12-09;1;3
11;2025-12-09;2;0
11;2025-12-09;3;0
11;2025-12-09;4;3
11;2025-12-09;5;278
11;2025-12-09;6;1285
11;2025-12-09;7;2428
11;2025-12-09;8;3191
11;2025-12-09;9;2442
11;2025-12-09;10;1935
11;2025-12-09;11;1861
11;2025-12-09;12;1906
11;2025-12-09;13;2053
11;2025-12-09;14;2010
11;2025-12-09;15;2033
11;2025-12-09;16;2274
11;2025-12-09;17;2816
11;2025-12-09;18;3076
11;2025-12-09;19;2173
11;2025-12-09;20;1373
11;2025-12-09;21;810
11;2025-12-09;22;388
11;2025-12-09;23;223
11;2025-12-10;0;64
11;2025-12-10;1;3
11;2025-12-10;2;0
11;2025-12-10;3;0
11;2025-12-10;4;3
11;2025-12-10;5;274
11;2025-12-10;6;1266
11;2025-12-10;7;2392
11;2025-12-10;8;3144
11;2025-12-10;9;2406
11;2025-12-10;10;1906
11;2025-12-10;11;1833
11;2025-12-10;12;1878
11;2025-12-10;13;2022
11;2025-12-10;14;1980
11;2025-12-10;15;2003
11;2025-12-10;16;2240
11;2025-12-10;17;2774
11;2025-12-10;18;3030
11;2025-12-10;19;2141
11;2025-12-10;20;1352
11;2025-12-10;21;798
11;2025-12-10;22;382
11;2025-12-10;23;220
11;2025-12-11;0;66
11;2025-12-11;1;3
11;2025-12-11;2;0
11;2025-12-11;3;0
11;2025-12-11;4;3
11;2025-12-11;5;282
11;2025-12-11;6;1303
11;2025-12-11;7;2463
11;2025-12-11;8;3237
11;2025-12-11;9;2477
11;2025-12-11;10;1963
11;2025-12-11;11;1887
11;2025-12-11;12;1934
11;2025-12-11;13;2082
11;2025-12-11;14;2039
11;2025-12-11;15;2062
11;2025-12-11;16;2307
11;2025-12-11;17;2856
11;2025-12-11;18;3120
11;2025-12-11;19;2204
11;2025-12-11;20;1392
11;2025-12-11;21;821
11;2025-12-11;22;394
11;2025-12-11;23;226
11;2025-12-12;0;77
11;2025-12-12;1;2
11;2025-12-12;2;0
11;2025-12-12;3;0
11;2025-12-12;4;2
11;2025-12-12;5;277
11;2025-12-12;6;1278
11;2025-12-12;7;2326
11;2025-12-12;8;3126
11;2025-12-12;9;2299
11;2025-12-12;10;1810
11;2025-12-12;11;1750
11;2025-12-12;12;1854
11;2025-12-12;13;1912
11;2025-12-12;14;2067
11;2025-12-12;15;2151
11;2025-12-12;16;2421
11;2025-12-12;17;2874
11;2025-12-12;18;2430
11;2025-12-12;19;1867
11;2025-12-12;20;1302
11;2025-12-12;21;816
11;2025-12-12;22;400
11;2025-12-12;23;307
11;2025-12-13;0;105
11;2025-12-13;1;2
11;2025-12-13;2;0
11;2025-12-13;3;0
11;2025-12-13;4;2
11;2025-12-13;5;176
11;2025-12-13;6;755
11;2025-12-13;7;711
11;2025-12-13;8;974
11;2025-12-13;9;1137
11;2025-12-13;10;1302
11;2025-12-13;11;1675
11;2025-12-13;12;1903
11;2025-12-13;13;1787
11;2025-12-13;14;1940
11;2025-12-13;15;1846
11;2025-12-13;16;1791
11;2025-12-13;17;1822
11;2025-12-13;18;1490
11;2025-12-13;19;1384
11;2025-12-13;20;990
11;2025-12-13;21;700
11;2025-12-13;22;414
11;2025-12-13;23;291
11;2025-12-14;0;107
11;2025-12-14;1;14
11;2025-12-14;2;0
11;2025-12-14;3;0
11;2025-12-14;4;1
11;2025-12-14;5;108
11;2025-12-14;6;472
11;2025-12-14;7;480
11;2025-12-14;8;640
11;2025-12-14;9;879
11;2025-12-14;10;966
11;2025-12-14;11;1421
11;2025-12-14;12;1545
11;2025-12-14;13;1508
11;2025-12-14;14;1611
11;2025-12-14;15;1593
11;2025-12-14;16;1535
11;2025-12-14;17;1611
11;2025-12-14;18;1214
11;2025-12-14;19;978
11;2025-12-14;20;760
11;2025-12-14;21;574
11;2025-12-14;22;340
11;2025-12-14;23;240
11;2025-12-15;0;63
11;2025-12-15;1;3
11;2025-12-15;2;0
11;2025-12-15;3;0
11;2025-12-15;4;3
11;2025-12-15;5;268
11;2025-12-15;6;1237
11;2025-12-15;7;2338
11;2025-12-15;8;3073
11;2025-12-15;9;2352
11;2025-12-15;10;1863
11;2025-12-15;11;1791
11;2025-12-15;12;1836
11;2025-12-15;13;1976
11;2025-12-15;14;1936
11;2025-12-15;15;1957
11;2025-12-15;16;2190
11;2025-12-15;17;2712
11;2025-12-15;18;2961
11;2025-12-15;19;2092
11;2025-12-15;20;1322
11;2025-12-15;21;780
11;2025-12-15;22;374
11;2025-12-15;23;215
11;2025-12-16;0;65
11;2025-12-16;1;3
11;2025-12-16;2;0
11;2025-12-16;3;0
11;2025-12-16;4;3
11;2025-12-16;5;278
11;2025-12-16;6;1285
11;2025-12-16;7;2428
11;2025-12-16;8;3191
11;2025-12-16;9;2442
11;2025-12-16;10;1935
11;2025-12-16;11;1861
11;2025-12-16;12;1906
11;2025-12-16;13;2053
11;2025-12-16;14;2010
11;2025-12-16;15;2033
11;2025-12-16;16;2274
11;2025-12-16;17;2816
11;2025-12-16;18;3076
11;2025-12-16;19;2173
11;2025-12-16;20;1373
11;2025-12-16;21;810
11;2025-12-16;22;388
11;2025-12-16;23;223
11;2025-12-17;0;64
11;2025-12-17;1;3
11;2025-12-17;2;0
11;2025-12-17;3;0
11;2025-12-17;4;3
11;2025-12-17;5;274
11;2025-12-17;6;1266
11;2025-12-17;7;2392
11;2025-12-17;8;3144
11;2025-12-17;9;2406
11;2025-12-17;10;1906
11;2025-12-17;11;1833
11;2025-12-17;12;1878
11;2025-12-17;13;2022
11;2025-12-17;14;1980
11;2025-12-17;15;2003
11;2025-12-17;16;2240
11;2025-12-17;17;2774
11;2025-12-17;18;3030
11;2025-12-17;19;2141
11;2025-12-17;20;1352
11;2025-12-17;21;798
11;2025-12-17;22;382
11;2025-12-17;23;220
11;2025-12-18;0;66
11;2025-12-18;1;3
11;2025-12-18;2;0
11;2025-12-18;3;0
11;2025-12-18;4;3
11;2025-12-18;5;282
11;2025-12-18;6;1303
11;2025-12-18;7;2463
11;2025-12-18;8;3237
11;2025-12-18;9;2477
11;2025-12-18;10;1963
11;2025-12-18;11;1887
11;2025-12-18;12;1934
11;2025-12-18;13;2082
11;2025-12-18;14;2039
11;2025-12-18;15;2062
11;2025-12-18;16;2307
11;2025-12-18;17;2856
11;2025-12-18;18;3120
11;2025-12-18;19;2204
11;2025-12-18;20;1392
11;2025-12-18;21;821
11;2025-12-18;22;394
11;2025-12-18;23;226
11;2025-12-19;0;77
11;2025-12-19;1;2
11;2025-12-19;2;0
11;2025-12-19;3;0
11;2025-12-19;4;2
11;2025-12-19;5;277
11;2025-12-19;6;1278
11;2025-12-19;7;2326
11;2025-12-19;8;3126
11;2025-12-19;9;2299
11;2025-12-19;10;1810
11;2025-12-19;11;1750
11;2025-12-19;12;1854
11;2025-12-19;13;1912
11;2025-12-19;14;2067
11;2025-12-19;15;2151
11;2025-12-19;16;2421
11;2025-12-19;17;2874
11;2025-12-19;18;2430
11;2025-12-19;19;1867
11;2025-12-19;20;1302
11;2025-12-19;21;816
11;2025-12-19;22;400
11;2025-12-19;23;307
11;2025-12-20;0;105
11;2025-12-20;1;2
11;2025-12-20;2;0
11;2025-12-20;3;0
11;2025-12-20;4;2
11;2025-12-20;5;175
11;2025-12-20;6;751
11;2025-12-20;7;707
11;2025-12-20;8;968
11;2025-12-20;9;1130
11;2025-12-20;10;1294
11;2025-12-20;11;1665
11;2025-12-20;12;1892
11;2025-12-20;13;1777
11;2025-12-20;14;1928
11;2025-12-20;15;1835
11;2025-12-20;16;1781
11;2025-12-20;17;1811
11;2025-12-20;18;1481
11;2025-12-20;19;1376
11;2025-12-20;20;984
11;2025-12-20;21;696
11;2025-12-20;22;412
11;2025-12-20;23;289
11;2025-12-21;0;106
11;2025-12-21;1;14
11;2025-12-21;2;0
11;2025-12-21;3;0
11;2025-12-21;4;1
11;2025-12-21;5;108
11;2025-12-21;6;470
11;2025-12-21;7;478
11;2025-12-21;8;637
11;2025-12-21;9;875
11;2025-12-21;10;962
11;2025-12-21;11;1415
11;2025-12-21;12;1538
11;2025-12-21;13;1502
11;2025-12-21;14;1604
11;2025-12-21;15;1587
11;2025-12-21;16;1529
11;2025-12-21;17;1604
11;2025-12-21;18;1209
11;2025-12-21;19;973
11;2025-12-21;20;757
11;2025-12-21;21;572
11;2025-12-21;22;338
11;2025-12-21;23;239
11;2025-12-22;0;63
11;2025-12-22;1;3
11;2025-12-22;2;0
11;2025-12-22;3;0
11;2025-12-22;4;3
11;2025-12-22;5;268
11;2025-12-22;6;1237
11;2025-12-22;7;2338
11;2025-12-22;8;3073
11;2025-12-22;9;2352
11;2025-12-22;10;1863
11;2025-12-22;11;1791
11;2025-12-22;12;1836
11;2025-12-22;13;1976
11;2025-12-22;14;1936
11;2025-12-22;15;1957
11;2025-12-22;16;2190
11;2025-12-22;17;2712
11;2025-12-22;18;2961
11;2025-12-22;19;2092
11;2025-12-22;20;1322
11;2025-12-22;21;780
11;2025-12-22;22;374
11;2025-12-22;23;215
11;2025-12-23;0;65
11;2025-12-23;1;3
11;2025-12-23;2;0
11;2025-12-23;3;0
11;2025-12-23;4;3
11;2025-12-23;5;278
11;2025-12-23;6;1285
11;2025-12-23;7;2428
11;2025-12-23;8;3191
11;2025-12-23;9;2442
11;2025-12-23;10;1935
11;2025-12-23;11;1861
11;2025-12-23;12;1906
11;2025-12-23;13;2053
11;2025-12-23;14;2010
11;2025-12-23;15;2033
11;2025-12-23;16;2274
11;2025-12-23;17;2816
11;2025-12-23;18;3076
11;2025-12-23;19;2173
11;2025-12-23;20;1373
11;2025-12-23;21;810
11;2025-12-23;22;388
11;2025-12-23;23;223
11;2025-12-24;0;64
11;2025-12-24;1;3
11;2025-12-24;2;0
11;2025-12-24;3;0
11;2025-12-24;4;3
11;2025-12-24;5;274
11;2025-12-24;6;1266
11;2025-12-24;7;2392
11;2025-12-24;8;3144
11;2025-12-24;9;2406
11;2025-12-24;10;1906
11;2025-12-24;11;1833
11;2025-12-24;12;1878
11;2025-12-24;13;2022
11;2025-12-24;14;1980
11;2025-12-24;15;2003
11;2025-12-24;16;2240
11;2025-12-24;17;2774
11;2025-12-24;18;3030
11;2025-12-24;19;2141
11;2025-12-24;20;1352
11;2025-12-24;21;798
11;2025-12-24;22;382
11;2025-12-24;23;220
11;2025-12-25;0;66
11;2025-12-25;1;3
11;2025-12-25;2;0
11;2025-12-25;3;0
11;2025-12-25;4;3
11;2025-12-25;5;282
11;2025-12-25;6;1303
11;2025-12-25;7;2463
11;2025-12-25;8;3237
11;2025-12-25;9;2477
11;2025-12-25;10;1963
11;2025-12-25;11;1887
11;2025-12-25;12;1934
11;2025-12-25;13;2082
11;2025-12-25;14;2039
11;2025-12-25;15;2062
11;2025-12-25;16;2307
11;2025-12-25;17;2856
11;2025-12-25;18;3120
11;2025-12-25;19;2204
11;2025-12-25;20;1392
11;2025-12-25;21;821
11;2025-12-25;22;394
11;2025-12-25;23;226
11;2025-12-26;0;79
11;2025-12-26;1;2
11;2025-12-26;2;0
11;2025-12-26;3;0
11;2025-12-26;4;2
11;2025-12-26;5;285
11;2025-12-26;6;1317
11;2025-12-26;7;2396
11;2025-12-26;8;3220
11;2025-12-26;9;2368
11;2025-12-26;10;1864
11;2025-12-26;11;1802
11;2025-12-26;12;1910
11;2025-12-26;13;1969
11;2025-12-26;14;2129
11;2025-12-26;15;2215
11;2025-12-26;16;2494
11;2025-12-26;17;2961
11;2025-12-26;18;2503
11;2025-12-26;19;1923
11;2025-12-26;20;1341
11;2025-12-26;21;840
11;2025-12-26;22;412
11;2025-12-26;23;316
11;2025-12-27;0;104
11;2025-12-27;1;2
11;2025-12-27;2;0
11;2025-12-27;3;0
11;2025-12-27;4;2
11;2025-12-27;5;174
11;2025-12-27;6;746
11;2025-12-27;7;703
11;2025-12-27;8;962
11;2025-12-27;9;1123
11;2025-12-27;10;1287
11;2025-12-27;11;1655
11;2025-12-27;12;1881
11;2025-12-27;13;1766
11;2025-12-27;14;1917
11;2025-12-27;15;1824
11;2025-12-27;16;1770
11;2025-12-27;17;1800
11;2025-12-27;18;1473
11;2025-12-27;19;1367
11;2025-12-27;20;978
11;2025-12-27;21;691
11;2025-12-27;22;409
11;2025-12-27;23;287
11;2025-12-28;0;106
11;2025-12-28;1;14
11;2025-12-28;2;0
11;2025-12-28;3;0
11;2025-12-28;4;1
11;2025-12-28;5;108
11;2025-12-28;6;468
11;2025-12-28;7;476
11;2025-12-28;8;634
11;2025-12-28;9;871
11;2025-12-28;10;958
11;2025-12-28;11;1408
11;2025-12-28;12;1531
11;2025-12-28;13;1495
11;2025-12-28;14;1597
11;2025-12-28;15;1580
11;2025-12-28;16;1522
11;2025-12-28;17;1597
11;2025-12-28;18;1203
11;2025-12-28;19;969
11;2025-12-28;20;753
11;2025-12-28;21;569
11;2025-12-28;22;337
11;2025-12-28;23;238
11;2025-12-29;0;59
11;2025-12-29;1;3
11;2025-12-29;2;0
11;2025-12-29;3;0
11;2025-12-29;4;2
11;2025-12-29;5;250
11;2025-12-29;6;1157
11;2025-12-29;7;2186
11;2025-12-29;8;2873
11;2025-12-29;9;2199
11;2025-12-29;10;1742
11;2025-12-29;11;1675
11;2025-12-29;12;1716
11;2025-12-29;13;1848
11;2025-12-29;14;1810
11;2025-12-29;15;1830
11;2025-12-29;16;2047
11;2025-12-29;17;2535
11;2025-12-29;18;2769
11;2025-12-29;19;1956
11;2025-12-29;20;1236
11;2025-12-29;21;729
11;2025-12-29;22;349
11;2025-12-29;23;201
11;2025-12-30;0;61
11;2025-12-30;1;3
11;2025-12-30;2;0
11;2025-12-30;3;0
11;2025-12-30;4;2
11;2025-12-30;5;260
11;2025-12-30;6;1201
11;2025-12-30;7;2271
11;2025-12-30;8;2984
11;2025-12-30;9;2284
11;2025-12-30;10;1810
11;2025-12-30;11;1740
11;2025-12-30;12;1783
11;2025-12-30;13;1919
11;2025-12-30;14;1880
11;2025-12-30;15;1901
11;2025-12-30;16;2126
11;2025-12-30;17;2633
11;2025-12-30;18;2876
11;2025-12-30;19;2032
11;2025-12-30;20;1284
11;2025-12-30;21;757
11;2025-12-30;22;363
11;2025-12-30;23;209
11;2025-12-31;0;103
11;2025-12-31;1;14
11;2025-12-31;2;0
11;2025-12-31;3;0
11;2025-12-31;4;1
11;2025-12-31;5;105
11;2025-12-31;6;457
11;2025-12-31;7;464
11;2025-12-31;8;619
11;2025-12-31;9;850
11;2025-12-31;10;935
11;2025-12-31;11;1374
11;2025-12-31;12;1494
11;2025-12-31;13;1459
11;2025-12-31;14;1558
11;2025-12-31;15;1541
11;2025-12-31;16;1485
11;2025-12-31;17;1558
11;2025-12-31;18;587
11;2025-12-31;19;473
11;2025-12-31;20;368
11;2025-12-31;21;278
11;2025-12-31;22;164
11;2025-12-31;23;116
12;2025-11-01;0;52
12;2025-11-01;1;2
12;2025-11-01;2;0
12;2025-11-01;3;0
12;2025-11-01;4;4
12;2025-11-01;5;278
12;2025-11-01;6;1196
12;2025-11-01;7;2376
12;2025-11-01;8;3049
12;2025-11-01;9;2200
12;2025-11-01;10;1742
12;2025-11-01;11;1739
12;2025-11-01;12;1807
12;2025-11-01;13;1923
12;2025-11-01;14;1880
12;2025-11-01;15;2145
12;2025-11-01;16;2727
12;2025-11-01;17;2672
12;2025-11-01;18;2323
12;2025-11-01;19;1884
12;2025-11-01;20;1237
12;2025-11-01;21;862
12;2025-11-01;22;441
12;2025-11-01;23;286
12;2025-11-02;0;92
12;2025-11-02;1;5
12;2025-11-02;2;0
12;2025-11-02;3;0
12;2025-11-02;4;3
12;2025-11-02;5;138
12;2025-11-02;6;507
12;2025-11-02;7;650
12;2025-11-02;8;712
12;2025-11-02;9;923
12;2025-11-02;10;1157
12;2025-11-02;11;1303
12;2025-11-02;12;1393
12;2025-11-02;13;1621
12;2025-11-02;14;1520
12;2025-11-02;15;1499
12;2025-11-02;16;1508
12;2025-11-02;17;1538
12;2025-11-02;18;1291
12;2025-11-02;19;1003
12;2025-11-02;20;760
12;2025-11-02;21;578
12;2025-11-02;22;378
12;2025-11-02;23;207
12;2025-11-03;0;90
12;2025-11-03;1;5
12;2025-11-03;2;0
12;2025-11-03;3;0
12;2025-11-03;4;3
12;2025-11-03;5;135
12;2025-11-03;6;495
12;2025-11-03;7;635
12;2025-11-03;8;696
12;2025-11-03;9;902
12;2025-11-03;10;1131
12;2025-11-03;11;1273
12;2025-11-03;12;1361
12;2025-11-03;13;1583
12;2025-11-03;14;1485
12;2025-11-03;15;1465
12;2025-11-03;16;1473
12;2025-11-03;17;1502
12;2025-11-03;18;1261
12;2025-11-03;19;980
12;2025-11-03;20;742
12;2025-11-03;21;565
12;2025-11-03;22;370
12;2025-11-03;23;202
12;2025-11-04;0;90
12;2025-11-04;1;5
12;2025-11-04;2;0
12;2025-11-04;3;0
12;2025-11-04;4;3
12;2025-11-04;5;135
12;2025-11-04;6;495
12;2025-11-04;7;635
12;2025-11-04;8;695
12;2025-11-04;9;902
12;2025-11-04;10;1130
12;2025-11-04;11;1273
12;2025-11-04;12;1360
12;2025-11-04;13;1583
12;2025-11-04;14;1484
12;2025-11-04;15;1464
12;2025-11-04;16;1473
12;2025-11-04;17;1502
12;2025-11-04;18;1261
12;2025-11-04;19;980
12;2025-11-04;20;742
12;2025-11-04;21;564
12;2025-11-04;22;370
12;2025-11-04;23;202
12;2025-11-05;0;54
12;2025-11-05;1;2
12;2025-11-05;2;0
12;2025-11-05;3;0
12;2025-11-05;4;6
12;2025-11-05;5;319
12;2025-11-05;6;1393
12;2025-11-05;7;2733
12;2025-11-05;8;3641
12;2025-11-05;9;2512
12;2025-11-05;10;2080
12;2025-11-05;11;1971
12;2025-11-05;12;2075
12;2025-11-05;13;2065
12;2025-11-05;14;2065
12;2025-11-05;15;2302
12;2025-11-05;16;2797
12;2025-11-05;17;3079
12;2025-11-05;18;3189
12;2025-11-05;19;2404
12;2025-11-05;20;1520
12;2025-11-05;21;919
12;2025-11-05;22;467
12;2025-11-05;23;253
12;2025-11-06;0;54
12;2025-11-06;1;2
12;2025-11-06;2;0
12;2025-11-06;3;0
12;2025-11-06;4;6
12;2025-11-06;5;321
12;2025-11-06;6;1401
12;2025-11-06;7;2749
12;2025-11-06;8;3662
12;2025-11-06;9;2526
12;2025-11-06;10;2092
12;2025-11-06;11;1982
12;2025-11-06;12;2087
12;2025-11-06;13;2077
12;2025-11-06;14;2077
12;2025-11-06;15;2316
12;2025-11-06;16;2813
12;2025-11-06;17;3097
12;2025-11-06;18;3208
12;2025-11-06;19;2418
12;2025-11-06;20;1529
12;2025-11-06;21;924
12;2025-11-06;22;469
12;2025-11-06;23;255
12;2025-11-07;0;57
12;2025-11-07;1;2
12;2025-11-07;2;0
12;2025-11-07;3;0
12;2025-11-07;4;4
12;2025-11-07;5;305
12;2025-11-07;6;1313
12;2025-11-07;7;2609
12;2025-11-07;8;3348
12;2025-11-07;9;2416
12;2025-11-07;10;1913
12;2025-11-07;11;1910
12;2025-11-07;12;1984
12;2025-11-07;13;2112
12;2025-11-07;14;2064
12;2025-11-07;15;2355
12;2025-11-07;16;2994
12;2025-11-07;17;2933
12;2025-11-07;18;2551
12;2025-11-07;19;2069
12;2025-11-07;20;1358
12;2025-11-07;21;946
12;2025-11-07;22;484
12;2025-11-07;23;314
12;2025-11-08;0;81
12;2025-11-08;1;4
12;2025-11-08;2;0
12;2025-11-08;3;0
12;2025-11-08;4;2
12;2025-11-08;5;219
12;2025-11-08;6;768
12;2025-11-08;7;871
12;2025-11-08;8;1001
12;2025-11-08;9;1202
12;2025-11-08;10;1465
12;2025-11-08;11;1572
12;2025-11-08;12;1584
12;2025-11-08;13;1802
12;2025-11-08;14;1644
12;2025-11-08;15;1599
12;2025-11-08;16;1672
12;2025-11-08;17;1590
12;2025-11-08;18;1563
12;2025-11-08;19;1324
12;2025-11-08;20;930
12;2025-11-08;21;698
12;2025-11-08;22;400
12;2025-11-08;23;287
12;2025-11-09;0;91
12;2025-11-09;1;5
12;2025-11-09;2;0
12;2025-11-09;3;0
12;2025-11-09;4;3
12;2025-11-09;5;138
12;2025-11-09;6;505
12;2025-11-09;7;648
12;2025-11-09;8;710
12;2025-11-09;9;920
12;2025-11-09;10;1153
12;2025-11-09;11;1299
12;2025-11-09;12;1388
12;2025-11-09;13;1615
12;2025-11-09;14;1515
12;2025-11-09;15;1494
12;2025-11-09;16;1503
12;2025-11-09;17;1532
12;2025-11-09;18;1286
12;2025-11-09;19;1000
12;2025-11-09;20;757
12;2025-11-09;21;576
12;2025-11-09;22;377
12;2025-11-09;23;206
12;2025-11-10;0;53
12;2025-11-10;1;2
12;2025-11-10;2;0
12;2025-11-10;3;0
12;2025-11-10;4;6
12;2025-11-10;5;312
12;2025-11-10;6;1361
12;2025-11-10;7;2669
12;2025-11-10;8;3556
12;2025-11-10;9;2453
12;2025-11-10;10;2032
12;2025-11-10;11;1925
12;2025-11-10;12;2027
12;2025-11-10;13;2017
12;2025-11-10;14;2017
12;2025-11-10;15;2249
12;2025-11-10;16;2732
12;2025-11-10;17;3008
12;2025-11-10;18;3115
12;2025-11-10;19;2348
12;2025-11-10;20;1485
12;2025-11-10;21;897
12;2025-11-10;22;456
12;2025-11-10;23;247
12;2025-11-11;0;54
12;2025-11-11;1;2
12;2025-11-11;2;0
12;2025-11-11;3;0
12;2025-11-11;4;6
12;2025-11-11;5;318
12;2025-11-11;6;1388
12;2025-11-11;7;2722
12;2025-11-11;8;3627
12;2025-11-11;9;2502
12;2025-11-11;10;2072
12;2025-11-11;11;1963
12;2025-11-11;12;2067
12;2025-11-11;13;2057
12;2025-11-11;14;2057
12;2025-11-11;15;2293
12;2025-11-11;16;2786
12;2025-11-11;17;3067
12;2025-11-11;18;3177
12;2025-11-11;19;2395
12;2025-11-11;20;1514
12;2025-11-11;21;915
12;2025-11-11;22;465
12;2025-11-11;23;252
12;2025-11-12;0;54
12;2025-11-12;1;2
12;2025-11-12;2;0
12;2025-11-12;3;0
12;2025-11-12;4;6
12;2025-11-12;5;319
12;2025-11-12;6;1393
12;2025-11-12;7;2733
12;2025-11-12;8;3640
12;2025-11-12;9;2511
12;2025-11-12;10;2080
12;2025-11-12;11;1970
12;2025-11-12;12;2075
12;2025-11-12;13;2065
12;2025-11-12;14;2064
12;2025-11-12;15;2302
12;2025-11-12;16;2797
12;2025-11-12;17;3079
12;2025-11-12;18;3189
12;2025-11-12;19;2404
12;2025-11-12;20;1520
12;2025-11-12;21;918
12;2025-11-12;22;467
12;2025-11-12;23;253
12;2025-11-13;0;54
12;2025-11-13;1;2
12;2025-11-13;2;0
12;2025-11-13;3;0
12;2025-11-13;4;6
12;2025-11-13;5;321
12;2025-11-13;6;1401
12;2025-11-13;7;2748
12;2025-11-13;8;3662
12;2025-11-13;9;2526
12;2025-11-13;10;2092
12;2025-11-13;11;1982
12;2025-11-13;12;2087
12;2025-11-13;13;2077
12;2025-11-13;14;2076
12;2025-11-13;15;2315
12;2025-11-13;16;2813
12;2025-11-13;17;3097
12;2025-11-13;18;3207
12;2025-11-13;19;2418
12;2025-11-13;20;1529
12;2025-11-13;21;924
12;2025-11-13;22;469
12;2025-11-13;23;255
12;2025-11-14;0;57
12;2025-11-14;1;2
12;2025-11-14;2;0
12;2025-11-14;3;0
12;2025-11-14;4;4
12;2025-11-14;5;305
12;2025-11-14;6;1313
12;2025-11-14;7;2609
12;2025-11-14;8;3348
12;2025-11-14;9;2415
12;2025-11-14;10;1913
12;2025-11-14;11;1909
12;2025-11-14;12;1984
12;2025-11-14;13;2112
12;2025-11-14;14;2064
12;2025-11-14;15;2355
12;2025-11-14;16;2994
12;2025-11-14;17;2933
12;2025-11-14;18;2551
12;2025-11-14;19;2069
12;2025-11-14;20;1358
12;2025-11-14;21;946
12;2025-11-14;22;484
12;2025-11-14;23;314
12;2025-11-15;0;81
12;2025-11-15;1;4
12;2025-11-15;2;0
12;2025-11-15;3;0
12;2025-11-15;4;2
12;2025-11-15;5;218
12;2025-11-15;6;766
12;2025-11-15;7;869
12;2025-11-15;8;999
12;2025-11-15;9;1199
12;2025-11-15;10;1462
12;2025-11-15;11;1569
12;2025-11-15;12;1580
12;2025-11-15;13;1798
12;2025-11-15;14;1641
12;2025-11-15;15;1596
12;2025-11-15;16;1668
12;2025-11-15;17;1586
12;2025-11-15;18;1560
12;2025-11-15;19;1321
12;2025-11-15;20;928
12;2025-11-15;21;696
12;2025-11-15;22;399
12;2025-11-15;23;287
12;2025-11-16;0;91
12;2025-11-16;1;5
12;2025-11-16;2;0
12;2025-11-16;3;0
12;2025-11-16;4;3
12;2025-11-16;5;137
12;2025-11-16;6;503
12;2025-11-16;7;645
12;2025-11-16;8;707
12;2025-11-16;9;917
12;2025-11-16;10;1149
12;2025-11-16;11;1294
12;2025-11-16;12;1383
12;2025-11-16;13;1609
12;2025-11-16;14;1510
12;2025-11-16;15;1489
12;2025-11-16;16;1498
12;2025-11-16;17;1527
12;2025-11-16;18;1282
12;2025-11-16;19;997
12;2025-11-16;20;754
12;2025-11-16;21;574
12;2025-11-16;22;376
12;2025-11-16;23;205
12;2025-11-17;0;53
12;2025-11-17;1;2
12;2025-11-17;2;0
12;2025-11-17;3;0
12;2025-11-17;4;6
12;2025-11-17;5;312
12;2025-11-17;6;1361
12;2025-11-17;7;2669
12;2025-11-17;8;3556
12;2025-11-17;9;2453
12;2025-11-17;10;2031
12;2025-11-17;11;1925
12;2025-11-17;12;2027
12;2025-11-17;13;2017
12;2025-11-17;14;2017
12;2025-11-17;15;2248
12;2025-11-17;16;2732
12;2025-11-17;17;3008
12;2025-11-17;18;3115
12;2025-11-17;19;2348
12;2025-11-17;20;1485
12;2025-11-17;21;897
12;2025-11-17;22;456
12;2025-11-17;23;247
12;2025-11-18;0;54
12;2025-11-18;1;2
12;2025-11-18;2;0
12;2025-11-18;3;0
12;2025-11-18;4;6
12;2025-11-18;5;318
12;2025-11-18;6;1388
12;2025-11-18;7;2722
12;2025-11-18;8;3627
12;2025-11-18;9;2502
12;2025-11-18;10;2072
12;2025-11-18;11;1963
12;2025-11-18;12;2067
12;2025-11-18;13;2057
12;2025-11-18;14;2057
12;2025-11-18;15;2293
12;2025-11-18;16;2786
12;2025-11-18;17;3067
12;2025-11-18;18;3177
12;2025-11-18;19;2394
12;2025-11-18;20;1514
12;2025-11-18;21;915
12;2025-11-18;22;465
12;2025-11-18;23;252
12;2025-11-19;0;54
12;2025-11-19;1;2
12;2025-11-19;2;0
12;2025-11-19;3;0
12;2025-11-19;4;6
12;2025-11-19;5;319
12;2025-11-19;6;1393
12;2025-11-19;7;2732
12;2025-11-19;8;3640
12;2025-11-19;9;2511
12;2025-11-19;10;2079
12;2025-11-19;11;1970
12;2025-11-19;12;2075
12;2025-11-19;13;2065
12;2025-11-19;14;2064
12;2025-11-19;15;2302
12;2025-11-19;16;2797
12;2025-11-19;17;3079
12;2025-11-19;18;3189
12;2025-11-19;19;2403
12;2025-11-19;20;1520
12;2025-11-19;21;918
12;2025-11-19;22;467
12;2025-11-19;23;253
12;2025-11-20;0;54
12;2025-11-20;1;2
12;2025-11-20;2;0
12;2025-11-20;3;0
12;2025-11-20;4;6
12;2025-11-20;5;321
12;2025-11-20;6;1401
12;2025-11-20;7;2748
12;2025-11-20;8;3661
12;2025-11-20;9;2526
12;2025-11-20;10;2092
12;2025-11-20;11;1982
12;2025-11-20;12;2087
12;2025-11-20;13;2077
12;2025-11-20;14;2076
12;2025-11-20;15;2315
12;2025-11-20;16;2813
12;2025-11-20;17;3097
12;2025-11-20;18;3207
12;2025-11-20;19;2417
12;2025-11-20;20;1529
12;2025-11-20;21;924
12;2025-11-20;22;469
12;2025-11-20;23;255
12;2025-11-21;0;57
12;2025-11-21;1;2
12;2025-11-21;2;0
12;2025-11-21;3;0
12;2025-11-21;4;4
12;2025-11-21;5;305
12;2025-11-21;6;1313
12;2025-11-21;7;2609
12;2025-11-21;8;3348
12;2025-11-21;9;2415
12;2025-11-21;10;1913
12;2025-11-21;11;1909
12;2025-11-21;12;1984
12;2025-11-21;13;2112
12;2025-11-21;14;2064
12;2025-11-21;15;2355
12;2025-11-21;16;2994
12;2025-11-21;17;2933
12;2025-11-21;18;2551
12;2025-11-21;19;2069
12;2025-11-21;20;1358
12;2025-11-21;21;946
12;2025-11-21;22;484
12;2025-11-21;23;314
12;2025-11-22;0;81
12;2025-11-22;1;4
12;2025-11-22;2;0
12;2025-11-22;3;0
12;2025-11-22;4;2
12;2025-11-22;5;218
12;2025-11-22;6;765
12;2025-11-22;7;867
12;2025-11-22;8;997
12;2025-11-22;9;1197
12;2025-11-22;10;1459
12;2025-11-22;11;1566
12;2025-11-22;12;1577
12;2025-11-22;13;1794
12;2025-11-22;14;1637
12;2025-11-22;15;1592
12;2025-11-22;16;1665
12;2025-11-22;17;1583
12;2025-11-22;18;1557
12;2025-11-22;19;1319
12;2025-11-22;20;926
12;2025-11-22;21;695
12;2025-11-22;22;398
12;2025-11-22;23;286
12;2025-11-23;0;91
12;2025-11-23;1;5
12;2025-11-23;2;0
12;2025-11-23;3;0
12;2025-11-23;4;3
12;2025-11-23;5;137
12;2025-11-23;6;502
12;2025-11-23;7;643
12;2025-11-23;8;705
12;2025-11-23;9;914
12;2025-11-23;10;1145
12;2025-11-23;11;1290
12;2025-11-23;12;1379
12;2025-11-23;13;1604
12;2025-11-23;14;1505
12;2025-11-23;15;1484
12;2025-11-23;16;1493
12;2025-11-23;17;1522
12;2025-11-23;18;1278
12;2025-11-23;19;993
12;2025-11-23;20;752
12;2025-11-23;21;572
12;2025-11-23;22;375
12;2025-11-23;23;205
12;2025-11-24;0;53
12;2025-11-24;1;2
12;2025-11-24;2;0
12;2025-11-24;3;0
12;2025-11-24;4;6
12;2025-11-24;5;312
12;2025-11-24;6;1361
12;2025-11-24;7;2669
12;2025-11-24;8;3556
12;2025-11-24;9;2453
12;2025-11-24;10;2031
12;2025-11-24;11;1925
12;2025-11-24;12;2027
12;2025-11-24;13;2017
12;2025-11-24;14;2017
12;2025-11-24;15;2248
12;2025-11-24;16;2732
12;2025-11-24;17;3008
12;2025-11-24;18;3115
12;2025-11-24;19;2348
12;2025-11-24;20;1485
12;2025-11-24;21;897
12;2025-11-24;22;456
12;2025-11-24;23;247
12;2025-11-25;0;54
12;2025-11-25;1;2
12;2025-11-25;2;0
12;2025-11-25;3;0
12;2025-11-25;4;6
12;2025-11-25;5;318
12;2025-11-25;6;1388
12;2025-11-25;7;2722
12;2025-11-25;8;3627
12;2025-11-25;9;2502
12;2025-11-25;10;2072
12;2025-11-25;11;1963
12;2025-11-25;12;2067
12;2025-11-25;13;2057
12;2025-11-25;14;2057
12;2025-11-25;15;2293
12;2025-11-25;16;2786
12;2025-11-25;17;3067
12;2025-11-25;18;3177
12;2025-11-25;19;2394
12;2025-11-25;20;1514
12;2025-11-25;21;915
12;2025-11-25;22;465
12;2025-11-25;23;252
12;2025-11-26;0;54
12;2025-11-26;1;2
12;2025-11-26;2;0
12;2025-11-26;3;0
12;2025-11-26;4;6
12;2025-11-26;5;319
12;2025-11-26;6;1393
12;2025-11-26;7;2732
12;2025-11-26;8;3640
12;2025-11-26;9;2511
12;2025-11-26;10;2079
12;2025-11-26;11;1970
12;2025-11-26;12;2075
12;2025-11-26;13;2065
12;2025-11-26;14;2064
12;2025-11-26;15;2302
12;2025-11-26;16;2797
12;2025-11-26;17;3079
12;2025-11-26;18;3189
12;2025-11-26;19;2403
12;2025-11-26;20;1520
12;2025-11-26;21;918
12;2025-11-26;22;467
12;2025-11-26;23;253
12;2025-11-27;0;54
12;2025-11-27;1;2
12;2025-11-27;2;0
12;2025-11-27;3;0
12;2025-11-27;4;6
12;2025-11-27;5;321
12;2025-11-27;6;1401
12;2025-11-27;7;2748
12;2025-11-27;8;3661
12;2025-11-27;9;2526
12;2025-11-27;10;2092
12;2025-11-27;11;1982
12;2025-11-27;12;2087
12;2025-11-27;13;2077
12;2025-11-27;14;2076
12;2025-11-27;15;2315
12;2025-11-27;16;2813
12;2025-11-27;17;3097
12;2025-11-27;18;3207
12;2025-11-27;19;2417
12;2025-11-27;20;1529
12;2025-11-27;21;924
12;2025-11-27;22;469
12;2025-11-27;23;255
12;2025-11-28;0;57
12;2025-11-28;1;2
12;2025-11-28;2;0
12;2025-11-28;3;0
12;2025-11-28;4;4
12;2025-11-28;5;305
12;2025-11-28;6;1313
12;2025-11-28;7;2609
12;2025-11-28;8;3348
12;2025-11-28;9;2415
12;2025-11-28;10;1913
12;2025-11-28;11;1909
12;2025-11-28;12;1984
12;2025-11-28;13;2112
12;2025-11-28;14;2064
12;2025-11-28;15;2355
12;2025-11-28;16;2994
12;2025-11-28;17;2933
12;2025-11-28;18;2551
12;2025-11-28;19;2069
12;2025-11-28;20;1358
12;2025-11-28;21;946
12;2025-11-28;22;484
12;2025-11-28;23;314
12;2025-11-29;0;81
12;2025-11-29;1;4
12;2025-11-29;2;0
12;2025-11-29;3;0
12;2025-11-29;4;2
12;2025-11-29;5;217
12;2025-11-29;6;763
12;2025-11-29;7;865
12;2025-11-29;8;995
12;2025-11-29;9;1194
12;2025-11-29;10;1456
12;2025-11-29;11;1563
12;2025-11-29;12;1574
12;2025-11-29;13;1791
12;2025-11-29;14;1634
12;2025-11-29;15;1589
12;2025-11-29;16;1662
12;2025-11-29;17;1580
12;2025-11-29;18;1554
12;2025-11-29;19;1316
12;2025-11-29;20;924
12;2025-11-29;21;694
12;2025-11-29;22;397
12;2025-11-29;23;286
12;2025-11-30;0;90
12;2025-11-30;1;5
12;2025-11-30;2;0
12;2025-11-30;3;0
12;2025-11-30;4;3
12;2025-11-30;5;136
12;2025-11-30;6;500
12;2025-11-30;7;641
12;2025-11-30;8;703
12;2025-11-30;9;911
12;2025-11-30;10;1142
12;2025-11-30;11;1286
12;2025-11-30;12;1374
12;2025-11-30;13;1599
12;2025-11-30;14;1500
12;2025-11-30;15;1479
12;2025-11-30;16;1488
12;2025-11-30;17;1517
12;2025-11-30;18;1274
12;2025-11-30;19;990
12;2025-11-30;20;749
12;2025-11-30;21;570
12;2025-11-30;22;373
12;2025-11-30;23;204
12;2025-12-01;0;53
12;2025-12-01;1;2
12;2025-12-01;2;0
12;2025-12-01;3;0
12;2025-12-01;4;6
12;2025-12-01;5;312
12;2025-12-01;6;1361
12;2025-12-01;7;2669
12;2025-12-01;8;3556
12;2025-12-01;9;2453
12;2025-12-01;10;2031
12;2025-12-01;11;1925
12;2025-12-01;12;2027
12;2025-12-01;13;2017
12;2025-12-01;14;2017
12;2025-12-01;15;2248
12;2025-12-01;16;2732
12;2025-12-01;17;3008
12;2025-12-01;18;3115
12;2025-12-01;19;2348
12;2025-12-01;20;1485
12;2025-12-01;21;897
12;2025-12-01;22;456
12;2025-12-01;23;247
12;2025-12-02;0;54
12;2025-12-02;1;2
12;2025-12-02;2;0
12;2025-12-02;3;0
12;2025-12-02;4;6
12;2025-12-02;5;318
12;2025-12-02;6;1388
12;2025-12-02;7;2722
12;2025-12-02;8;3627
12;2025-12-02;9;2502
12;2025-12-02;10;2072
12;2025-12-02;11;1963
12;2025-12-02;12;2067
12;2025-12-02;13;2057
12;2025-12-02;14;2057
12;2025-12-02;15;2293
12;2025-12-02;16;2786
12;2025-12-02;17;3067
12;2025-12-02;18;3177
12;2025-12-02;19;2394
12;2025-12-02;20;1514
12;2025-12-02;21;915
12;2025-12-02;22;465
12;2025-12-02;23;252
12;2025-12-03;0;54
12;2025-12-03;1;2
12;2025-12-03;2;0
12;2025-12-03;3;0
12;2025-12-03;4;6
12;2025-12-03;5;319
12;2025-12-03;6;1393
12;2025-12-03;7;2732
12;2025-12-03;8;3640
12;2025-12-03;9;2511
12;2025-12-03;10;2079
12;2025-12-03;11;1970
12;2025-12-03;12;2075
12;2025-12-03;13;2065
12;2025-12-03;14;2064
12;2025-12-03;15;2302
12;2025-12-03;16;2797
12;2025-12-03;17;3079
12;2025-12-03;18;3189
12;2025-12-03;19;2403
12;2025-12-03;20;1520
12;2025-12-03;21;918
12;2025-12-03;22;467
12;2025-12-03;23;253
12;2025-12-04;0;54
12;2025-12-04;1;2
12;2025-12-04;2;0
12;2025-12-04;3;0
12;2025-12-04;4;6
12;2025-12-04;5;321
12;2025-12-04;6;1401
12;2025-12-04;7;2748
12;2025-12-04;8;3661
12;2025-12-04;9;2526
12;2025-12-04;10;2092
12;2025-12-04;11;1982
12;2025-12-04;12;2087
12;2025-12-04;13;2077
12;2025-12-04;14;2076
12;2025-12-04;15;2315
12;2025-12-04;16;2813
12;2025-12-04;17;3097
12;2025-12-04;18;3207
12;2025-12-04;19;2417
12;2025-12-04;20;1529
12;2025-12-04;21;924
12;2025-12-04;22;469
12;2025-12-04;23;255
12;2025-12-05;0;57
12;2025-12-05;1;2
12;2025-12-05;2;0
12;2025-12-05;3;0
12;2025-12-05;4;4
12;2025-12-05;5;305
12;2025-12-05;6;1313
12;2025-12-05;7;2609
12;2025-12-05;8;3348
12;2025-12-05;9;2415
12;2025-12-05;10;1913
12;2025-12-05;11;1909
12;2025-12-05;12;1984
12;2025-12-05;13;2112
12;2025-12-05;14;2064
12;2025-12-05;15;2355
12;2025-12-05;16;2994
12;2025-12-05;17;2933
12;2025-12-05;18;2551
12;2025-12-05;19;2069
12;2025-12-05;20;1358
12;2025-12-05;21;946
12;2025-12-05;22;484
12;2025-12-05;23;314
12;2025-12-06;0;81
12;2025-12-06;1;4
12;2025-12-06;2;0
12;2025-12-06;3;0
12;2025-12-06;4;2
12;2025-12-06;5;217
12;2025-12-06;6;761
12;2025-12-06;7;863
12;2025-12-06;8;993
12;2025-12-06;9;1192
12;2025-12-06;10;1453
12;2025-12-06;11;1559
12;2025-12-06;12;1571
12;2025-12-06;13;1787
12;2025-12-06;14;1631
12;2025-12-06;15;1586
12;2025-12-06;16;1658
12;2025-12-06;17;1577
12;2025-12-06;18;1551
12;2025-12-06;19;1313
12;2025-12-06;20;922
12;2025-12-06;21;692
12;2025-12-06;22;396
12;2025-12-06;23;285
12;2025-12-07;0;90
12;2025-12-07;1;5
12;2025-12-07;2;0
12;2025-12-07;3;0
12;2025-12-07;4;3
12;2025-12-07;5;136
12;2025-12-07;6;498
12;2025-12-07;7;639
12;2025-12-07;8;700
12;2025-12-07;9;908
12;2025-12-07;10;1138
12;2025-12-07;11;1281
12;2025-12-07;12;1369
12;2025-12-07;13;1594
12;2025-12-07;14;1495
12;2025-12-07;15;1474
12;2025-12-07;16;1483
12;2025-12-07;17;1512
12;2025-12-07;18;1269
12;2025-12-07;19;987
12;2025-12-07;20;747
12;2025-12-07;21;568
12;2025-12-07;22;372
12;2025-12-07;23;203
12;2025-12-08;0;53
12;2025-12-08;1;2
12;2025-12-08;2;0
12;2025-12-08;3;0
12;2025-12-08;4;6
12;2025-12-08;5;312
12;2025-12-08;6;1361
12;2025-12-08;7;2669
12;2025-12-08;8;3556
12;2025-12-08;9;2453
12;2025-12-08;10;2031
12;2025-12-08;11;1925
12;2025-12-08;12;2027
12;2025-12-08;13;2017
12;2025-12-08;14;2017
12;2025-12-08;15;2248
12;2025-12-08;16;2732
12;2025-12-08;17;3008
12;2025-12-08;18;3115
12;2025-12-08;19;2348
12;2025-12-08;20;1485
12;2025-12-08;21;897
12;2025-12-08;22;456
12;2025-12-08;23;247
12;2025-12-09;0;54
12;2025-12-09;1;2
12;2025-12-09;2;0
12;2025-12-09;3;0
12;2025-12-09;4;6
12;2025-12-09;5;318
12;2025-12-09;6;1388
12;2025-12-09;7;2722
12;2025-12-09;8;3627
12;2025-12-09;9;2502
12;2025-12-09;10;2072
12;2025-12-09;11;1963
12;2025-12-09;12;2067
12;2025-12-09;13;2057
12;2025-12-09;14;2057
12;2025-12-09;15;2293
12;2025-12-09;16;2786
12;2025-12-09;17;3067
12;2025-12-09;18;3177
12;2025-12-09;19;2394
12;2025-12-09;20;1514
12;2025-12-09;21;915
12;2025-12-09;22;465
12;2025-12-09;23;252
12;2025-12-10;0;54
12;2025-12-10;1;2
12;2025-12-10;2;0
12;2025-12-10;3;0
12;2025-12-10;4;6
12;2025-12-10;5;319
12;2025-12-10;6;1393
12;2025-12-10;7;2732
12;2025-12-10;8;3640
12;2025-12-10;9;2511
12;2025-12-10;10;2079
12;2025-12-10;11;1970
12;2025-12-10;12;2075
12;2025-12-10;13;2065
12;2025-12-10;14;2064
12;2025-12-10;15;2302
12;2025-12-10;16;2797
12;2025-12-10;17;3079
12;2025-12-10;18;3189
12;2025-12-10;19;2403
12;2025-12-10;20;1520
12;2025-12-10;21;918
12;2025-12-10;22;467
12;2025-12-10;23;253
12;2025-12-11;0;54
12;2025-12-11;1;2
12;2025-12-11;2;0
12;2025-12-11;3;0
12;2025-12-11;4;6
12;2025-12-11;5;321
12;2025-12-11;6;1401
12;2025-12-11;7;2748
12;2025-12-11;8;3661
12;2025-12-11;9;2526
12;2025-12-11;10;2092
12;2025-12-11;11;1982
12;2025-12-11;12;2087
12;2025-12-11;13;2077
12;2025-12-11;14;2076
12;2025-12-11;15;2315
12;2025-12-11;16;2813
12;2025-12-11;17;3097
12;2025-12-11;18;3207
12;2025-12-11;19;2417
12;2025-12-11;20;1529
12;2025-12-11;21;924
12;2025-12-11;22;469
12;2025-12-11;23;255
12;2025-12-12;0;57
12;2025-12-12;1;2
12;2025-12-12;2;0
12;2025-12-12;3;0
12;2025-12-12;4;4
12;2025-12-12;5;305
12;2025-12-12;6;1313
12;2025-12-12;7;2609
12;2025-12-12;8;3348
12;2025-12-12;9;2415
12;2025-12-12;10;1913
12;2025-12-12;11;1909
12;2025-12-12;12;1984
12;2025-12-12;13;2112
12;2025-12-12;14;2064
12;2025-12-12;15;2355
12;2025-12-12;16;2994
12;2025-12-12;17;2933
12;2025-12-12;18;2551
12;2025-12-12;19;2069
12;2025-12-12;20;1358
12;2025-12-12;21;946
12;2025-12-12;22;484
12;2025-12-12;23;314
12;2025-12-13;0;80
12;2025-12-13;1;4
12;2025-12-13;2;0
12;2025-12-13;3;0
12;2025-12-13;4;2
12;2025-12-13;5;216
12;2025-12-13;6;760
12;2025-12-13;7;862
12;2025-12-13;8;991
12;2025-12-13;9;1189
12;2025-12-13;10;1450
12;2025-12-13;11;1556
12;2025-12-13;12;1567
12;2025-12-13;13;1783
12;2025-12-13;14;1627
12;2025-12-13;15;1583
12;2025-12-13;16;1655
12;2025-12-13;17;1573
12;2025-12-13;18;1547
12;2025-12-13;19;1310
12;2025-12-13;20;920
12;2025-12-13;21;691
12;2025-12-13;22;396
12;2025-12-13;23;284
12;2025-12-14;0;90
12;2025-12-14;1;5
12;2025-12-14;2;0
12;2025-12-14;3;0
12;2025-12-14;4;3
12;2025-12-14;5;135
12;2025-12-14;6;497
12;2025-12-14;7;637
12;2025-12-14;8;698
12;2025-12-14;9;905
12;2025-12-14;10;1134
12;2025-12-14;11;1277
12;2025-12-14;12;1365
12;2025-12-14;13;1588
12;2025-12-14;14;1490
12;2025-12-14;15;1469
12;2025-12-14;16;1478
12;2025-12-14;17;1507
12;2025-12-14;18;1265
12;2025-12-14;19;983
12;2025-12-14;20;744
12;2025-12-14;21;566
12;2025-12-14;22;371
12;2025-12-14;23;203
12;2025-12-15;0;53
12;2025-12-15;1;2
12;2025-12-15;2;0
12;2025-12-15;3;0
12;2025-12-15;4;6
12;2025-12-15;5;312
12;2025-12-15;6;1361
12;2025-12-15;7;2669
12;2025-12-15;8;3556
12;2025-12-15;9;2453
12;2025-12-15;10;2031
12;2025-12-15;11;1925
12;2025-12-15;12;2027
12;2025-12-15;13;2017
12;2025-12-15;14;2017
12;2025-12-15;15;2248
12;2025-12-15;16;2732
12;2025-12-15;17;3008
12;2025-12-15;18;3115
12;2025-12-15;19;2348
12;2025-12-15;20;1485
12;2025-12-15;21;897
12;2025-12-15;22;456
12;2025-12-15;23;247
12;2025-12-16;0;54
12;2025-12-16;1;2
12;2025-12-16;2;0
12;2025-12-16;3;0
12;2025-12-16;4;6
12;2025-12-16;5;318
12;2025-12-16;6;1388
12;2025-12-16;7;2722
12;2025-12-16;8;3627
12;2025-12-16;9;2502
12;2025-12-16;10;2072
12;2025-12-16;11;1963
12;2025-12-16;12;2067
12;2025-12-16;13;2057
12;2025-12-16;14;2057
12;2025-12-16;15;2293
12;2025-12-16;16;2786
12;2025-12-16;17;3067
12;2025-12-16;18;3177
12;2025-12-16;19;2394
12;2025-12-16;20;1514
12;2025-12-16;21;915
12;2025-12-16;22;465
12;2025-12-16;23;252
12;2025-12-17;0;54
12;2025-12-17;1;2
12;2025-12-17;2;0
12;2025-12-17;3;0
12;2025-12-17;4;6
12;2025-12-17;5;319
12;2025-12-17;6;1393
12;2025-12-17;7;2732
12;2025-12-17;8;3640
12;2025-12-17;9;2511
12;2025-12-17;10;2079
12;2025-12-17;11;1970
12;2025-12-17;12;2075
12;2025-12-17;13;2065
12;2025-12-17;14;2064
12;2025-12-17;15;2302
12;2025-12-17;16;2797
12;2025-12-17;17;3079
12;2025-12-17;18;3189
12;2025-12-17;19;2403
12;2025-12-17;20;1520
12;2025-12-17;21;918
12;2025-12-17;22;467
12;2025-12-17;23;253
12;2025-12-18;0;54
12;2025-12-18;1;2
12;2025-12-18;2;0
12;2025-12-18;3;0
12;2025-12-18;4;6
12;2025-12-18;5;321
12;2025-12-18;6;1401
12;2025-12-18;7;2748
12;2025-12-18;8;3661
12;2025-12-18;9;2526
12;2025-12-18;10;2092
12;2025-12-18;11;1982
12;2025-12-18;12;2087
12;2025-12-18;13;2077
12;2025-12-18;14;2076
12;2025-12-18;15;2315
12;2025-12-18;16;2813
12;2025-12-18;17;3097
12;2025-12-18;18;3207
12;2025-12-18;19;2417
12;2025-12-18;20;1529
12;2025-12-18;21;924
12;2025-12-18;22;469
12;2025-12-18;23;255
12;2025-12-19;0;57
12;2025-12-19;1;2
12;2025-12-19;2;0
12;2025-12-19;3;0
12;2025-12-19;4;4
12;2025-12-19;5;305
12;2025-12-19;6;1313
12;2025-12-19;7;2609
12;2025-12-19;8;3348
12;2025-12-19;9;2415
12;2025-12-19;10;1913
12;2025-12-19;11;1909
12;2025-12-19;12;1984
12;2025-12-19;13;2112
12;2025-12-19;14;2064
12;2025-12-19;15;2355
12;2025-12-19;16;2994
12;2025-12-19;17;2933
12;2025-12-19;18;2551
12;2025-12-19;19;2069
12;2025-12-19;20;1358
12;2025-12-19;21;946
12;2025-12-19;22;484
12;2025-12-19;23;314
12;2025-12-20;0;80
12;2025-12-20;1;4
12;2025-12-20;2;0
12;2025-12-20;3;0
12;2025-12-20;4;2
12;2025-12-20;5;216
12;2025-12-20;6;758
12;2025-12-20;7;860
12;2025-12-20;8;989
12;2025-12-20;9;1187
12;2025-12-20;10;1447
12;2025-12-20;11;1553
12;2025-12-20;12;1564
12;2025-12-20;13;1780
12;2025-12-20;14;1624
12;2025-12-20;15;1579
12;2025-12-20;16;1651
12;2025-12-20;17;1570
12;2025-12-20;18;1544
12;2025-12-20;19;1308
12;2025-12-20;20;918
12;2025-12-20;21;689
12;2025-12-20;22;395
12;2025-12-20;23;284
12;2025-12-21;0;90
12;2025-12-21;1;5
12;2025-12-21;2;0
12;2025-12-21;3;0
12;2025-12-21;4;3
12;2025-12-21;5;135
12;2025-12-21;6;495
12;2025-12-21;7;635
12;2025-12-21;8;696
12;2025-12-21;9;902
12;2025-12-21;10;1130
12;2025-12-21;11;1273
12;2025-12-21;12;1360
12;2025-12-21;13;1583
12;2025-12-21;14;1485
12;2025-12-21;15;1464
12;2025-12-21;16;1473
12;2025-12-21;17;1502
12;2025-12-21;18;1261
12;2025-12-21;19;980
12;2025-12-21;20;742
12;2025-12-21;21;565
12;2025-12-21;22;370
12;2025-12-21;23;202
12;2025-12-22;0;53
12;2025-12-22;1;2
12;2025-12-22;2;0
12;2025-12-22;3;0
12;2025-12-22;4;6
12;2025-12-22;5;312
12;2025-12-22;6;1361
12;2025-12-22;7;2669
12;2025-12-22;8;3556
12;2025-12-22;9;2453
12;2025-12-22;10;2031
12;2025-12-22;11;1925
12;2025-12-22;12;2027
12;2025-12-22;13;2017
12;2025-12-22;14;2017
12;2025-12-22;15;2248
12;2025-12-22;16;2732
12;2025-12-22;17;3008
12;2025-12-22;18;3115
12;2025-12-22;19;2348
12;2025-12-22;20;1485
12;2025-12-22;21;897
12;2025-12-22;22;456
12;2025-12-22;23;247
12;2025-12-23;0;54
12;2025-12-23;1;2
12;2025-12-23;2;0
12;2025-12-23;3;0
12;2025-12-23;4;6
12;2025-12-23;5;318
12;2025-12-23;6;1388
12;2025-12-23;7;2722
12;2025-12-23;8;3627
12;2025-12-23;9;2502
12;2025-12-23;10;2072
12;2025-12-23;11;1963
12;2025-12-23;12;2067
12;2025-12-23;13;2057
12;2025-12-23;14;2057
12;2025-12-23;15;2293
12;2025-12-23;16;2786
12;2025-12-23;17;3067
12;2025-12-23;18;3177
12;2025-12-23;19;2394
12;2025-12-23;20;1514
12;2025-12-23;21;915
12;2025-12-23;22;465
12;2025-12-23;23;252
12;2025-12-24;0;54
12;2025-12-24;1;2
12;2025-12-24;2;0
12;2025-12-24;3;0
12;2025-12-24;4;6
12;2025-12-24;5;319
12;2025-12-24;6;1393
12;2025-12-24;7;2732
12;2025-12-24;8;3640
12;2025-12-24;9;2511
12;2025-12-24;10;2079
12;2025-12-24;11;1970
12;2025-12-24;12;2075
12;2025-12-24;13;2065
12;2025-12-24;14;2064
12;2025-12-24;15;2302
12;2025-12-24;16;2797
12;2025-12-24;17;3079
12;2025-12-24;18;3189
12;2025-12-24;19;2403
12;2025-12-24;20;1520
12;2025-12-24;21;918
12;2025-12-24;22;467
12;2025-12-24;23;253
12;2025-12-25;0;54
12;2025-12-25;1;2
12;2025-12-25;2;0
12;2025-12-25;3;0
12;2025-12-25;4;6
12;2025-12-25;5;321
12;2025-12-25;6;1401
12;2025-12-25;7;2748
12;2025-12-25;8;3661
12;2025-12-25;9;2526
12;2025-12-25;10;2092
12;2025-12-25;11;1982
12;2025-12-25;12;2087
12;2025-12-25;13;2077
12;2025-12-25;14;2076
12;2025-12-25;15;2315
12;2025-12-25;16;2813
12;2025-12-25;17;3097
12;2025-12-25;18;3207
12;2025-12-25;19;2417
12;2025-12-25;20;1529
12;2025-12-25;21;924
12;2025-12-25;22;469
12;2025-12-25;23;255
12;2025-12-26;0;59
12;2025-12-26;1;2
12;2025-12-26;2;0
12;2025-12-26;3;0
12;2025-12-26;4;4
12;2025-12-26;5;314
12;2025-12-26;6;1353
12;2025-12-26;7;2687
12;2025-12-26;8;3448
12;2025-12-26;9;2488
12;2025-12-26;10;1970
12;2025-12-26;11;1967
12;2025-12-26;12;2044
12;2025-12-26;13;2175
12;2025-12-26;14;2125
12;2025-12-26;15;2425
12;2025-12-26;16;3084
12;2025-12-26;17;3021
12;2025-12-26;18;2627
12;2025-12-26;19;2131
12;2025-12-26;20;1398
12;2025-12-26;21;975
12;2025-12-26;22;498
12;2025-12-26;23;323
12;2025-12-27;0;80
12;2025-12-27;1;4
12;2025-12-27;2;0
12;2025-12-27;3;0
12;2025-12-27;4;2
12;2025-12-27;5;216
12;2025-12-27;6;757
12;2025-12-27;7;858
12;2025-12-27;8;987
12;2025-12-27;9;1184
12;2025-12-27;10;1444
12;2025-12-27;11;1550
12;2025-12-27;12;1561
12;2025-12-27;13;1776
12;2025-12-27;14;1621
12;2025-12-27;15;1576
12;2025-12-27;16;1648
12;2025-12-27;17;1567
12;2025-12-27;18;1541
12;2025-12-27;19;1305
12;2025-12-27;20;916
12;2025-12-27;21;688
12;2025-12-27;22;394
12;2025-12-27;23;283
12;2025-12-28;0;89
12;2025-12-28;1;5
12;2025-12-28;2;0
12;2025-12-28;3;0
12;2025-12-28;4;3
12;2025-12-28;5;135
12;2025-12-28;6;493
12;2025-12-28;7;633
12;2025-12-28;8;693
12;2025-12-28;9;899
12;2025-12-28;10;1127
12;2025-12-28;11;1269
12;2025-12-28;12;1356
12;2025-12-28;13;1578
12;2025-12-28;14;1480
12;2025-12-28;15;1459
12;2025-12-28;16;1468
12;2025-12-28;17;1497
12;2025-12-28;18;1257
12;2025-12-28;19;977
12;2025-12-28;20;740
12;2025-12-28;21;563
12;2025-12-28;22;368
12;2025-12-28;23;201
12;2025-12-29;0;49
12;2025-12-29;1;2
12;2025-12-29;2;0
12;2025-12-29;3;0
12;2025-12-29;4;6
12;2025-12-29;5;292
12;2025-12-29;6;1272
12;2025-12-29;7;2496
12;2025-12-29;8;3325
12;2025-12-29;9;2294
12;2025-12-29;10;1899
12;2025-12-29;11;1800
12;2025-12-29;12;1895
12;2025-12-29;13;1886
12;2025-12-29;14;1886
12;2025-12-29;15;2102
12;2025-12-29;16;2554
12;2025-12-29;17;2812
12;2025-12-29;18;2912
12;2025-12-29;19;2195
12;2025-12-29;20;1388
12;2025-12-29;21;839
12;2025-12-29;22;426
12;2025-12-29;23;231
12;2025-12-30;0;50
12;2025-12-30;1;2
12;2025-12-30;2;0
12;2025-12-30;3;0
12;2025-12-30;4;6
12;2025-12-30;5;297
12;2025-12-30;6;1297
12;2025-12-30;7;2545
12;2025-12-30;8;3391
12;2025-12-30;9;2339
12;2025-12-30;10;1937
12;2025-12-30;11;1835
12;2025-12-30;12;1932
12;2025-12-30;13;1924
12;2025-12-30;14;1923
12;2025-12-30;15;2144
12;2025-12-30;16;2605
12;2025-12-30;17;2868
12;2025-12-30;18;2970
12;2025-12-30;19;2239
12;2025-12-30;20;1416
12;2025-12-30;21;855
12;2025-12-30;22;435
12;2025-12-30;23;236
12;2025-12-31;0;87
12;2025-12-31;1;5
12;2025-12-31;2;0
12;2025-12-31;3;0
12;2025-12-31;4;3
12;2025-12-31;5;131
12;2025-12-31;6;482
12;2025-12-31;7;617
12;2025-12-31;8;677
12;2025-12-31;9;877
12;2025-12-31;10;1100
12;2025-12-31;11;1238
12;2025-12-31;12;1323
12;2025-12-31;13;1540
12;2025-12-31;14;1445
12;2025-12-31;15;1424
12;2025-12-31;16;1433
12;2025-12-31;17;1461
12;2025-12-31;18;613
12;2025-12-31;19;477
12;2025-12-31;20;361
12;2025-12-31;21;275
12;2025-12-31;22;180
12;2025-12-31;23;98
17;2025-11-01;0;135
17;2025-11-01;1;16
17;2025-11-01;2;0
17;2025-11-01;3;0
17;2025-11-01;4;24
17;2025-11-01;5;292
17;2025-11-01;6;1428
17;2025-11-01;7;3807
17;2025-11-01;8;4944
17;2025-11-01;9;3530
17;2025-11-01;10;2798
17;2025-11-01;11;2826
17;2025-11-01;12;2876
17;2025-11-01;13;2942
17;2025-11-01;14;3026
17;2025-11-01;15;3373
17;2025-11-01;16;4036
17;2025-11-01;17;4452
17;2025-11-01;18;4056
17;2025-11-01;19;2969
17;2025-11-01;20;2176
17;2025-11-01;21;1444
17;2025-11-01;22;768
17;2025-11-01;23;442
17;2025-11-02;0;189
17;2025-11-02;1;25
17;2025-11-02;2;0
17;2025-11-02;3;0
17;2025-11-02;4;4
17;2025-11-02;5;104
17;2025-11-02;6;435
17;2025-11-02;7;809
17;2025-11-02;8;1245
17;2025-11-02;9;1699
17;2025-11-02;10;1991
17;2025-11-02;11;2570
17;2025-11-02;12;2992
17;2025-11-02;13;3243
17;2025-11-02;14;3356
17;2025-11-02;15;3321
17;2025-11-02;16;3207
17;2025-11-02;17;3031
17;2025-11-02;18;2601
17;2025-11-02;19;2083
17;2025-11-02;20;1572
17;2025-11-02;21;1136
17;2025-11-02;22;702
17;2025-11-02;23;326
17;2025-11-03;0;185
17;2025-11-03;1;25
17;2025-11-03;2;0
17;2025-11-03;3;0
17;2025-11-03;4;4
17;2025-11-03;5;102
17;2025-11-03;6;425
17;2025-11-03;7;791
17;2025-11-03;8;1217
17;2025-11-03;9;1661
17;2025-11-03;10;1947
17;2025-11-03;11;2513
17;2025-11-03;12;2925
17;2025-11-03;13;3171
17;2025-11-03;14;3281
17;2025-11-03;15;3246
17;2025-11-03;16;3135
17;2025-11-03;17;2963
17;2025-11-03;18;2543
17;2025-11-03;19;2037
17;2025-11-03;20;1537
17;2025-11-03;21;1110
17;2025-11-03;22;686
17;2025-11-03;23;319
17;2025-11-04;0;185
17;2025-11-04;1;25
17;2025-11-04;2;0
17;2025-11-04;3;0
17;2025-11-04;4;4
17;2025-11-04;5;102
17;2025-11-04;6;425
17;2025-11-04;7;791
17;2025-11-04;8;1217
17;2025-11-04;9;1661
17;2025-11-04;10;1947
17;2025-11-04;11;2513
17;2025-11-04;12;2925
17;2025-11-04;13;3171
17;2025-11-04;14;3281
17;2025-11-04;15;3247
17;2025-11-04;16;3135
17;2025-11-04;17;2963
17;2025-11-04;18;2543
17;2025-11-04;19;2037
17;2025-11-04;20;1537
17;2025-11-04;21;1110
17;2025-11-04;22;686
17;2025-11-04;23;319
17;2025-11-05;0;120
17;2025-11-05;1;12
17;2025-11-05;2;0
17;2025-11-05;3;0
17;2025-11-05;4;28
17;2025-11-05;5;324
17;2025-11-05;6;1582
17;2025-11-05;7;4255
17;2025-11-05;8;5565
17;2025-11-05;9;3922
17;2025-11-05;10;3053
17;2025-11-05;11;3031
17;2025-11-05;12;3092
17;2025-11-05;13;3163
17;2025-11-05;14;3258
17;2025-11-05;15;3399
17;2025-11-05;16;3855
17;2025-11-05;17;4664
17;2025-11-05;18;4882
17;2025-11-05;19;3364
17;2025-11-05;20;2341
17;2025-11-05;21;1436
17;2025-11-05;22;734
17;2025-11-05;23;371
17;2025-11-06;0;121
17;2025-11-06;1;12
17;2025-11-06;2;0
17;2025-11-06;3;0
17;2025-11-06;4;28
17;2025-11-06;5;327
17;2025-11-06;6;1597
17;2025-11-06;7;4297
17;2025-11-06;8;5619
17;2025-11-06;9;3960
17;2025-11-06;10;3083
17;2025-11-06;11;3061
17;2025-11-06;12;3122
17;2025-11-06;13;3194
17;2025-11-06;14;3290
17;2025-11-06;15;3432
17;2025-11-06;16;3892
17;2025-11-06;17;4710
17;2025-11-06;18;4930
17;2025-11-06;19;3396
17;2025-11-06;20;2364
17;2025-11-06;21;1450
17;2025-11-06;22;741
17;2025-11-06;23;374
17;2025-11-07;0;148
17;2025-11-07;1;17
17;2025-11-07;2;0
17;2025-11-07;3;0
17;2025-11-07;4;27
17;2025-11-07;5;321
17;2025-11-07;6;1570
17;2025-11-07;7;4185
17;2025-11-07;8;5436
17;2025-11-07;9;3881
17;2025-11-07;10;3077
17;2025-11-07;11;3107
17;2025-11-07;12;3162
17;2025-11-07;13;3235
17;2025-11-07;14;3327
17;2025-11-07;15;3708
17;2025-11-07;16;4438
17;2025-11-07;17;4895
17;2025-11-07;18;4459
17;2025-11-07;19;3264
17;2025-11-07;20;2393
17;2025-11-07;21;1587
17;2025-11-07;22;844
17;2025-11-07;23;486
17;2025-11-08;0;206
17;2025-11-08;1;29
17;2025-11-08;2;0
17;2025-11-08;3;0
17;2025-11-08;4;6
17;2025-11-08;5;135
17;2025-11-08;6;576
17;2025-11-08;7;1236
17;2025-11-08;8;1782
17;2025-11-08;9;2290
17;2025-11-08;10;2548
17;2025-11-08;11;3075
17;2025-11-08;12;3478
17;2025-11-08;13;3712
17;2025-11-08;14;3762
17;2025-11-08;15;3732
17;2025-11-08;16;3744
17;2025-11-08;17;3481
17;2025-11-08;18;3069
17;2025-11-08;19;2451
17;2025-11-08;20;1923
17;2025-11-08;21;1379
17;2025-11-08;22;868
17;2025-11-08;23;467
17;2025-11-09;0;189
17;2025-11-09;1;25
17;2025-11-09;2;0
17;2025-11-09;3;0
17;2025-11-09;4;4
17;2025-11-09;5;104
17;2025-11-09;6;435
17;2025-11-09;7;809
17;2025-11-09;8;1246
17;2025-11-09;9;1700
17;2025-11-09;10;1992
17;2025-11-09;11;2571
17;2025-11-09;12;2993
17;2025-11-09;13;3245
17;2025-11-09;14;3357
17;2025-11-09;15;3322
17;2025-11-09;16;3208
17;2025-11-09;17;3032
17;2025-11-09;18;2602
17;2025-11-09;19;2084
17;2025-11-09;20;1573
17;2025-11-09;21;1136
17;2025-11-09;22;702
17;2025-11-09;23;326
17;2025-11-10;0;115
17;2025-11-10;1;11
17;2025-11-10;2;0
17;2025-11-10;3;0
17;2025-11-10;4;26
17;2025-11-10;5;310
17;2025-11-10;6;1513
17;2025-11-10;7;4070
17;2025-11-10;8;5322
17;2025-11-10;9;3751
17;2025-11-10;10;2920
17;2025-11-10;11;2899
17;2025-11-10;12;2957
17;2025-11-10;13;3025
17;2025-11-10;14;3116
17;2025-11-10;15;3251
17;2025-11-10;16;3687
17;2025-11-10;17;4461
17;2025-11-10;18;4669
17;2025-11-10;19;3217
17;2025-11-10;20;2239
17;2025-11-10;21;1373
17;2025-11-10;22;702
17;2025-11-10;23;355
17;2025-11-11;0;120
17;2025-11-11;1;12
17;2025-11-11;2;0
17;2025-11-11;3;0
17;2025-11-11;4;28
17;2025-11-11;5;324
17;2025-11-11;6;1581
17;2025-11-11;7;4254
17;2025-11-11;8;5563
17;2025-11-11;9;3921
17;2025-11-11;10;3052
17;2025-11-11;11;3030
17;2025-11-11;12;3091
17;2025-11-11;13;3162
17;2025-11-11;14;3257
17;2025-11-11;15;3398
17;2025-11-11;16;3854
17;2025-11-11;17;4663
17;2025-11-11;18;4881
17;2025-11-11;19;3363
17;2025-11-11;20;2340
17;2025-11-11;21;1435
17;2025-11-11;22;734
17;2025-11-11;23;371
17;2025-11-12;0;120
17;2025-11-12;1;12
17;2025-11-12;2;0
17;2025-11-12;3;0
17;2025-11-12;4;28
17;2025-11-12;5;324
17;2025-11-12;6;1584
17;2025-11-12;7;4261
17;2025-11-12;8;5572
17;2025-11-12;9;3927
17;2025-11-12;10;3057
17;2025-11-12;11;3035
17;2025-11-12;12;3096
17;2025-11-12;13;3167
17;2025-11-12;14;3263
17;2025-11-12;15;3404
17;2025-11-12;16;3860
17;2025-11-12;17;4670
17;2025-11-12;18;4889
17;2025-11-12;19;3368
17;2025-11-12;20;2344
17;2025-11-12;21;1438
17;2025-11-12;22;735
17;2025-11-12;23;371
17;2025-11-13;0;121
17;2025-11-13;1;12
17;2025-11-13;2;0
17;2025-11-13;3;0
17;2025-11-13;4;28
17;2025-11-13;5;327
17;2025-11-13;6;1599
17;2025-11-13;7;4303
17;2025-11-13;8;5627
17;2025-11-13;9;3966
17;2025-11-13;10;3087
17;2025-11-13;11;3065
17;2025-11-13;12;3126
17;2025-11-13;13;3198
17;2025-11-13;14;3295
17;2025-11-13;15;3437
17;2025-11-13;16;3898
17;2025-11-13;17;4716
17;2025-11-13;18;4937
17;2025-11-13;19;3401
17;2025-11-13;20;2367
17;2025-11-13;21;1452
17;2025-11-13;22;742
17;2025-11-13;23;375
17;2025-11-14;0;149
17;2025-11-14;1;17
17;2025-11-14;2;0
17;2025-11-14;3;0
17;2025-11-14;4;27
17;2025-11-14;5;321
17;2025-11-14;6;1573
17;2025-11-14;7;4191
17;2025-11-14;8;5444
17;2025-11-14;9;3886
17;2025-11-14;10;3081
17;2025-11-14;11;3111
17;2025-11-14;12;3167
17;2025-11-14;13;3240
17;2025-11-14;14;3331
17;2025-11-14;15;3713
17;2025-11-14;16;4444
17;2025-11-14;17;4901
17;2025-11-14;18;4465
17;2025-11-14;19;3269
17;2025-11-14;20;2396
17;2025-11-14;21;1590
17;2025-11-14;22;845
17;2025-11-14;23;486
17;2025-11-15;0;205
17;2025-11-15;1;29
17;2025-11-15;2;0
17;2025-11-15;3;0
17;2025-11-15;4;6
17;2025-11-15;5;135
17;2025-11-15;6;575
17;2025-11-15;7;1235
17;2025-11-15;8;1780
17;2025-11-15;9;2288
17;2025-11-15;10;2546
17;2025-11-15;11;3072
17;2025-11-15;12;3475
17;2025-11-15;13;3709
17;2025-11-15;14;3759
17;2025-11-15;15;3729
17;2025-11-15;16;3741
17;2025-11-15;17;3478
17;2025-11-15;18;3066
17;2025-11-15;19;2449
17;2025-11-15;20;1921
17;2025-11-15;21;1377
17;2025-11-15;22;868
17;2025-11-15;23;467
17;2025-11-16;0;189
17;2025-11-16;1;25
17;2025-11-16;2;0
17;2025-11-16;3;0
17;2025-11-16;4;4
17;2025-11-16;5;104
17;2025-11-16;6;435
17;2025-11-16;7;809
17;2025-11-16;8;1246
17;2025-11-16;9;1700
17;2025-11-16;10;1992
17;2025-11-16;11;2571
17;2025-11-16;12;2993
17;2025-11-16;13;3244
17;2025-11-16;14;3357
17;2025-11-16;15;3322
17;2025-11-16;16;3208
17;2025-11-16;17;3032
17;2025-11-16;18;2602
17;2025-11-16;19;2084
17;2025-11-16;20;1573
17;2025-11-16;21;1136
17;2025-11-16;22;702
17;2025-11-16;23;326
17;2025-11-17;0;115
17;2025-11-17;1;11
17;2025-11-17;2;0
17;2025-11-17;3;0
17;2025-11-17;4;26
17;2025-11-17;5;310
17;2025-11-17;6;1514
17;2025-11-17;7;4073
17;2025-11-17;8;5327
17;2025-11-17;9;3754
17;2025-11-17;10;2923
17;2025-11-17;11;2901
17;2025-11-17;12;2959
17;2025-11-17;13;3027
17;2025-11-17;14;3119
17;2025-11-17;15;3254
17;2025-11-17;16;3690
17;2025-11-17;17;4464
17;2025-11-17;18;4673
17;2025-11-17;19;3220
17;2025-11-17;20;2241
17;2025-11-17;21;1374
17;2025-11-17;22;702
17;2025-11-17;23;355
17;2025-11-18;0;120
17;2025-11-18;1;12
17;2025-11-18;2;0
17;2025-11-18;3;0
17;2025-11-18;4;28
17;2025-11-18;5;324
17;2025-11-18;6;1582
17;2025-11-18;7;4256
17;2025-11-18;8;5566
17;2025-11-18;9;3923
17;2025-11-18;10;3054
17;2025-11-18;11;3032
17;2025-11-18;12;3093
17;2025-11-18;13;3164
17;2025-11-18;14;3259
17;2025-11-18;15;3400
17;2025-11-18;16;3856
17;2025-11-18;17;4665
17;2025-11-18;18;4884
17;2025-11-18;19;3365
17;2025-11-18;20;2342
17;2025-11-18;21;1436
17;2025-11-18;22;734
17;2025-11-18;23;371
17;2025-11-19;0;120
17;2025-11-19;1;12
17;2025-11-19;2;0
17;2025-11-19;3;0
17;2025-11-19;4;28
17;2025-11-19;5;324
17;2025-11-19;6;1584
17;2025-11-19;7;4263
17;2025-11-19;8;5575
17;2025-11-19;9;3929
17;2025-11-19;10;3059
17;2025-11-19;11;3037
17;2025-11-19;12;3097
17;2025-11-19;13;3168
17;2025-11-19;14;3264
17;2025-11-19;15;3405
17;2025-11-19;16;3862
17;2025-11-19;17;4672
17;2025-11-19;18;4891
17;2025-11-19;19;3370
17;2025-11-19;20;2345
17;2025-11-19;21;1438
17;2025-11-19;22;735
17;2025-11-19;23;371
17;2025-11-20;0;121
17;2025-11-20;1;12
17;2025-11-20;2;0
17;2025-11-20;3;0
17;2025-11-20;4;28
17;2025-11-20;5;327
17;2025-11-20;6;1600
17;2025-11-20;7;4303
17;2025-11-20;8;5628
17;2025-11-20;9;3966
17;2025-11-20;10;3088
17;2025-11-20;11;3066
17;2025-11-20;12;3127
17;2025-11-20;13;3199
17;2025-11-20;14;3295
17;2025-11-20;15;3438
17;2025-11-20;16;3899
17;2025-11-20;17;4717
17;2025-11-20;18;4938
17;2025-11-20;19;3402
17;2025-11-20;20;2368
17;2025-11-20;21;1452
17;2025-11-20;22;742
17;2025-11-20;23;375
17;2025-11-21;0;149
17;2025-11-21;1;17
17;2025-11-21;2;0
17;2025-11-21;3;0
17;2025-11-21;4;27
17;2025-11-21;5;321
17;2025-11-21;6;1573
17;2025-11-21;7;4191
17;2025-11-21;8;5444
17;2025-11-21;9;3886
17;2025-11-21;10;3081
17;2025-11-21;11;3111
17;2025-11-21;12;3167
17;2025-11-21;13;3240
17;2025-11-21;14;3331
17;2025-11-21;15;3713
17;2025-11-21;16;4444
17;2025-11-21;17;4901
17;2025-11-21;18;4465
17;2025-11-21;19;3269
17;2025-11-21;20;2396
17;2025-11-21;21;1590
17;2025-11-21;22;845
17;2025-11-21;23;486
17;2025-11-22;0;205
17;2025-11-22;1;29
17;2025-11-22;2;0
17;2025-11-22;3;0
17;2025-11-22;4;6
17;2025-11-22;5;135
17;2025-11-22;6;574
17;2025-11-22;7;1232
17;2025-11-22;8;1777
17;2025-11-22;9;2283
17;2025-11-22;10;2541
17;2025-11-22;11;3066
17;2025-11-22;12;3468
17;2025-11-22;13;3701
17;2025-11-22;14;3751
17;2025-11-22;15;3721
17;2025-11-22;16;3733
17;2025-11-22;17;3470
17;2025-11-22;18;3060
17;2025-11-22;19;2444
17;2025-11-22;20;1917
17;2025-11-22;21;1375
17;2025-11-22;22;866
17;2025-11-22;23;466
17;2025-11-23;0;189
17;2025-11-23;1;25
17;2025-11-23;2;0
17;2025-11-23;3;0
17;2025-11-23;4;4
17;2025-11-23;5;104
17;2025-11-23;6;435
17;2025-11-23;7;808
17;2025-11-23;8;1244
17;2025-11-23;9;1698
17;2025-11-23;10;1990
17;2025-11-23;11;2569
17;2025-11-23;12;2990
17;2025-11-23;13;3241
17;2025-11-23;14;3353
17;2025-11-23;15;3318
17;2025-11-23;16;3204
17;2025-11-23;17;3028
17;2025-11-23;18;2599
17;2025-11-23;19;2082
17;2025-11-23;20;1571
17;2025-11-23;21;1135
17;2025-11-23;22;701
17;2025-11-23;23;326
17;2025-11-24;0;115
17;2025-11-24;1;11
17;2025-11-24;2;0
17;2025-11-24;3;0
17;2025-11-24;4;26
17;2025-11-24;5;310
17;2025-11-24;6;1514
17;2025-11-24;7;4073
17;2025-11-24;8;5327
17;2025-11-24;9;3754
17;2025-11-24;10;2923
17;2025-11-24;11;2901
17;2025-11-24;12;2959
17;2025-11-24;13;3027
17;2025-11-24;14;3119
17;2025-11-24;15;3254
17;2025-11-24;16;3690
17;2025-11-24;17;4464
17;2025-11-24;18;4673
17;2025-11-24;19;3220
17;2025-11-24;20;2241
17;2025-11-24;21;1374
17;2025-11-24;22;702
17;2025-11-24;23;355
17;2025-11-25;0;120
17;2025-11-25;1;12
17;2025-11-25;2;0
17;2025-11-25;3;0
17;2025-11-25;4;28
17;2025-11-25;5;324
17;2025-11-25;6;1582
17;2025-11-25;7;4256
17;2025-11-25;8;5566
17;2025-11-25;9;3923
17;2025-11-25;10;3054
17;2025-11-25;11;3032
17;2025-11-25;12;3093
17;2025-11-25;13;3164
17;2025-11-25;14;3259
17;2025-11-25;15;3400
17;2025-11-25;16;3856
17;2025-11-25;17;4665
17;2025-11-25;18;4884
17;2025-11-25;19;3365
17;2025-11-25;20;2342
17;2025-11-25;21;1436
17;2025-11-25;22;734
17;2025-11-25;23;371
17;2025-11-26;0;120
17;2025-11-26;1;12
17;2025-11-26;2;0
17;2025-11-26;3;0
17;2025-11-26;4;28
17;2025-11-26;5;324
17;2025-11-26;6;1584
17;2025-11-26;7;4263
17;2025-11-26;8;5575
17;2025-11-26;9;3929
17;2025-11-26;10;3059
17;2025-11-26;11;3037
17;2025-11-26;12;3097
17;2025-11-26;13;3168
17;2025-11-26;14;3264
17;2025-11-26;15;3405
17;2025-11-26;16;3862
17;2025-11-26;17;4672
17;2025-11-26;18;4891
17;2025-11-26;19;3370
17;2025-11-26;20;2345
17;2025-11-26;21;1438
17;2025-11-26;22;735
17;2025-11-26;23;371
17;2025-11-27;0;121
17;2025-11-27;1;12
17;2025-11-27;2;0
17;2025-11-27;3;0
17;2025-11-27;4;28
17;2025-11-27;5;327
17;2025-11-27;6;1600
17;2025-11-27;7;4303
17;2025-11-27;8;5628
17;2025-11-27;9;3966
17;2025-11-27;10;3088
17;2025-11-27;11;3066
17;2025-11-27;12;3127
17;2025-11-27;13;3199
17;2025-11-27;14;3295
17;2025-11-27;15;3438
17;2025-11-27;16;3899
17;2025-11-27;17;4717
17;2025-11-27;18;4938
17;2025-11-27;19;3402
17;2025-11-27;20;2368
17;2025-11-27;21;1452
17;2025-11-27;22;742
17;2025-11-27;23;375
17;2025-11-28;0;149
17;2025-11-28;1;17
17;2025-11-28;2;0
17;2025-11-28;3;0
17;2025-11-28;4;27
17;2025-11-28;5;321
17;2025-11-28;6;1573
17;2025-11-28;7;4191
17;2025-11-28;8;5444
17;2025-11-28;9;3886
17;2025-11-28;10;3081
17;2025-11-28;11;3111
17;2025-11-28;12;3167
17;2025-11-28;13;3240
17;2025-11-28;14;3331
17;2025-11-28;15;3713
17;2025-11-28;16;4444
17;2025-11-28;17;4901
17;2025-11-28;18;4465
17;2025-11-28;19;3269
17;2025-11-28;20;2396
17;2025-11-28;21;1590
17;2025-11-28;22;845
17;2025-11-28;23;486
17;2025-11-29;0;205
17;2025-11-29;1;29
17;2025-11-29;2;0
17;2025-11-29;3;0
17;2025-11-29;4;6
17;2025-11-29;5;135
17;2025-11-29;6;573
17;2025-11-29;7;1230
17;2025-11-29;8;1773
17;2025-11-29;9;2278
17;2025-11-29;10;2536
17;2025-11-29;11;3060
17;2025-11-29;12;3461
17;2025-11-29;13;3693
17;2025-11-29;14;3744
17;2025-11-29;15;3714
17;2025-11-29;16;3726
17;2025-11-29;17;3463
17;2025-11-29;18;3054
17;2025-11-29;19;2439
17;2025-11-29;20;1913
17;2025-11-29;21;1372
17;2025-11-29;22;864
17;2025-11-29;23;465
17;2025-11-30;0;189
17;2025-11-30;1;25
17;2025-11-30;2;0
17;2025-11-30;3;0
17;2025-11-30;4;4
17;2025-11-30;5;104
17;2025-11-30;6;434
17;2025-11-30;7;807
17;2025-11-30;8;1243
17;2025-11-30;9;1696
17;2025-11-30;10;1988
17;2025-11-30;11;2566
17;2025-11-30;12;2987
17;2025-11-30;13;3238
17;2025-11-30;14;3350
17;2025-11-30;15;3315
17;2025-11-30;16;3201
17;2025-11-30;17;3025
17;2025-11-30;18;2596
17;2025-11-30;19;2080
17;2025-11-30;20;1570
17;2025-11-30;21;1134
17;2025-11-30;22;701
17;2025-11-30;23;325
17;2025-12-01;0;115
17;2025-12-01;1;11
17;2025-12-01;2;0
17;2025-12-01;3;0
17;2025-12-01;4;26
17;2025-12-01;5;310
17;2025-12-01;6;1514
17;2025-12-01;7;4073
17;2025-12-01;8;5327
17;2025-12-01;9;3754
17;2025-12-01;10;2923
17;2025-12-01;11;2901
17;2025-12-01;12;2959
17;2025-12-01;13;3027
17;2025-12-01;14;3119
17;2025-12-01;15;3254
17;2025-12-01;16;3690
17;2025-12-01;17;4464
17;2025-12-01;18;4673
17;2025-12-01;19;3220
17;2025-12-01;20;2241
17;2025-12-01;21;1374
17;2025-12-01;22;702
17;2025-12-01;23;355
17;2025-12-02;0;120
17;2025-12-02;1;12
17;2025-12-02;2;0
17;2025-12-02;3;0
17;2025-12-02;4;28
17;2025-12-02;5;324
17;2025-12-02;6;1582
17;2025-12-02;7;4256
17;2025-12-02;8;5566
17;2025-12-02;9;3923
17;2025-12-02;10;3054
17;2025-12-02;11;3032
17;2025-12-02;12;3093
17;2025-12-02;13;3164
17;2025-12-02;14;3259
17;2025-12-02;15;3400
17;2025-12-02;16;3856
17;2025-12-02;17;4665
17;2025-12-02;18;4884
17;2025-12-02;19;3365
17;2025-12-02;20;2342
17;2025-12-02;21;1436
17;2025-12-02;22;734
17;2025-12-02;23;371
17;2025-12-03;0;120
17;2025-12-03;1;12
17;2025-12-03;2;0
17;2025-12-03;3;0
17;2025-12-03;4;28
17;2025-12-03;5;324
17;2025-12-03;6;1584
17;2025-12-03;7;4263
17;2025-12-03;8;5575
17;2025-12-03;9;3929
17;2025-12-03;10;3059
17;2025-12-03;11;3037
17;2025-12-03;12;3097
17;2025-12-03;13;3168
17;2025-12-03;14;3264
17;2025-12-03;15;3405
17;2025-12-03;16;3862
17;2025-12-03;17;4672
17;2025-12-03;18;4891
17;2025-12-03;19;3370
17;2025-12-03;20;2345
17;2025-12-03;21;1438
17;2025-12-03;22;735
17;2025-12-03;23;371
17;2025-12-04;0;121
17;2025-12-04;1;12
17;2025-12-04;2;0
17;2025-12-04;3;0
17;2025-12-04;4;28
17;2025-12-04;5;327
17;2025-12-04;6;1600
17;2025-12-04;7;4303
17;2025-12-04;8;5628
17;2025-12-04;9;3966
17;2025-12-04;10;3088
17;2025-12-04;11;3066
17;2025-12-04;12;3127
17;2025-12-04;13;3199
17;2025-12-04;14;3295
17;2025-12-04;15;3438
17;2025-12-04;16;3899
17;2025-12-04;17;4717
17;2025-12-04;18;4938
17;2025-12-04;19;3402
17;2025-12-04;20;2368
17;2025-12-04;21;1452
17;2025-12-04;22;742
17;2025-12-04;23;375
17;2025-12-05;0;149
17;2025-12-05;1;17
17;2025-12-05;2;0
17;2025-12-05;3;0
17;2025-12-05;4;27
17;2025-12-05;5;321
17;2025-12-05;6;1573
17;2025-12-05;7;4191
17;2025-12-05;8;5444
17;2025-12-05;9;3886
17;2025-12-05;10;3081
17;2025-12-05;11;3111
17;2025-12-05;12;3167
17;2025-12-05;13;3240
17;2025-12-05;14;3331
17;2025-12-05;15;3713
17;2025-12-05;16;4444
17;2025-12-05;17;4901
17;2025-12-05;18;4465
17;2025-12-05;19;3269
17;2025-12-05;20;2396
17;2025-12-05;21;1590
17;2025-12-05;22;845
17;2025-12-05;23;486
17;2025-12-06;0;204
17;2025-12-06;1;29
17;2025-12-06;2;0
17;2025-12-06;3;0
17;2025-12-06;4;6
17;2025-12-06;5;134
17;2025-12-06;6;572
17;2025-12-06;7;1227
17;2025-12-06;8;1769
17;2025-12-06;9;2274
17;2025-12-06;10;2530
17;2025-12-06;11;3053
17;2025-12-06;12;3454
17;2025-12-06;13;3686
17;2025-12-06;14;3736
17;2025-12-06;15;3706
17;2025-12-06;16;3718
17;2025-12-06;17;3456
17;2025-12-06;18;3047
17;2025-12-06;19;2434
17;2025-12-06;20;1909
17;2025-12-06;21;1369
17;2025-12-06;22;862
17;2025-12-06;23;464
17;2025-12-07;0;189
17;2025-12-07;1;25
17;2025-12-07;2;0
17;2025-12-07;3;0
17;2025-12-07;4;4
17;2025-12-07;5;104
17;2025-12-07;6;434
17;2025-12-07;7;807
17;2025-12-07;8;1242
17;2025-12-07;9;1695
17;2025-12-07;10;1986
17;2025-12-07;11;2563
17;2025-12-07;12;2984
17;2025-12-07;13;3234
17;2025-12-07;14;3346
17;2025-12-07;15;3312
17;2025-12-07;16;3198
17;2025-12-07;17;3022
17;2025-12-07;18;2594
17;2025-12-07;19;2077
17;2025-12-07;20;1568
17;2025-12-07;21;1133
17;2025-12-07;22;700
17;2025-12-07;23;325
17;2025-12-08;0;115
17;2025-12-08;1;11
17;2025-12-08;2;0
17;2025-12-08;3;0
17;2025-12-08;4;26
17;2025-12-08;5;310
17;2025-12-08;6;1514
17;2025-12-08;7;4073
17;2025-12-08;8;5327
17;2025-12-08;9;3754
17;2025-12-08;10;2923
17;2025-12-08;11;2901
17;2025-12-08;12;2959
17;2025-12-08;13;3027
17;2025-12-08;14;3119
17;2025-12-08;15;3254
17;2025-12-08;16;3690
17;2025-12-08;17;4464
17;2025-12-08;18;4673
17;2025-12-08;19;3220
17;2025-12-08;20;2241
17;2025-12-08;21;1374
17;2025-12-08;22;702
17;2025-12-08;23;355
17;2025-12-09;0;120
17;2025-12-09;1;12
17;2025-12-09;2;0
17;2025-12-09;3;0
17;2025-12-09;4;28
17;2025-12-09;5;324
17;2025-12-09;6;1582
17;2025-12-09;7;4256
17;2025-12-09;8;5566
17;2025-12-09;9;3923
17;2025-12-09;10;3054
17;2025-12-09;11;3032
17;2025-12-09;12;3093
17;2025-12-09;13;3164
17;2025-12-09;14;3259
17;2025-12-09;15;3400
17;2025-12-09;16;3856
17;2025-12-09;17;4665
17;2025-12-09;18;4884
17;2025-12-09;19;3365
17;2025-12-09;20;2342
17;2025-12-09;21;1436
17;2025-12-09;22;734
17;2025-12-09;23;371
17;2025-12-10;0;120
17;2025-12-10;1;12
17;2025-12-10;2;0
17;2025-12-10;3;0
17;2025-12-10;4;28
17;2025-12-10;5;324
17;2025-12-10;6;1584
17;2025-12-10;7;4263
17;2025-12-10;8;5575
17;2025-12-10;9;3929
17;2025-12-10;10;3059
17;2025-12-10;11;3037
17;2025-12-10;12;3097
17;2025-12-10;13;3168
17;2025-12-10;14;3264
17;2025-12-10;15;3405
17;2025-12-10;16;3862
17;2025-12-10;17;4672
17;2025-12-10;18;4891
17;2025-12-10;19;3370
17;2025-12-10;20;2345
17;2025-12-10;21;1438
17;2025-12-10;22;735
17;2025-12-10;23;371
17;2025-12-11;0;121
17;2025-12-11;1;12
17;2025-12-11;2;0
17;2025-12-11;3;0
17;2025-12-11;4;28
17;2025-12-11;5;327
17;2025-12-11;6;1600
17;2025-12-11;7;4303
17;2025-12-11;8;5628
17;2025-12-11;9;3966
17;2025-12-11;10;3088
17;2025-12-11;11;3066
17;2025-12-11;12;3127
17;2025-12-11;13;3199
17;2025-12-11;14;3295
17;2025-12-11;15;3438
17;2025-12-11;16;3899
17;2025-12-11;17;4717
17;2025-12-11;18;4938
17;2025-12-11;19;3402
17;2025-12-11;20;2368
17;2025-12-11;21;1452
17;2025-12-11;22;742
17;2025-12-11;23;375
17;2025-12-12;0;149
17;2025-12-12;1;17
17;2025-12-12;2;0
17;2025-12-12;3;0
17;2025-12-12;4;27
17;2025-12-12;5;321
17;2025-12-12;6;1573
17;2025-12-12;7;4191
17;2025-12-12;8;5444
17;2025-12-12;9;3886
17;2025-12-12;10;3081
17;2025-12-12;11;3111
17;2025-12-12;12;3167
17;2025-12-12;13;3240
17;2025-12-12;14;3331
17;2025-12-12;15;3713
17;2025-12-12;16;4444
17;2025-12-12;17;4901
17;2025-12-12;18;4465
17;2025-12-12;19;3269
17;2025-12-12;20;2396
17;2025-12-12;21;1590
17;2025-12-12;22;845
17;2025-12-12;23;486
17;2025-12-13;0;204
17;2025-12-13;1;29
17;2025-12-13;2;0
17;2025-12-13;3;0
17;2025-12-13;4;6
17;2025-12-13;5;134
17;2025-12-13;6;571
17;2025-12-13;7;1225
17;2025-12-13;8;1766
17;2025-12-13;9;2269
17;2025-12-13;10;2525
17;2025-12-13;11;3047
17;2025-12-13;12;3447
17;2025-12-13;13;3678
17;2025-12-13;14;3728
17;2025-12-13;15;3698
17;2025-12-13;16;3710
17;2025-12-13;17;3449
17;2025-12-13;18;3041
17;2025-12-13;19;2429
17;2025-12-13;20;1905
17;2025-12-13;21;1366
17;2025-12-13;22;860
17;2025-12-13;23;463
17;2025-12-14;0;188
17;2025-12-14;1;25
17;2025-12-14;2;0
17;2025-12-14;3;0
17;2025-12-14;4;4
17;2025-12-14;5;104
17;2025-12-14;6;433
17;2025-12-14;7;806
17;2025-12-14;8;1241
17;2025-12-14;9;1693
17;2025-12-14;10;1984
17;2025-12-14;11;2561
17;2025-12-14;12;2981
17;2025-12-14;13;3231
17;2025-12-14;14;3343
17;2025-12-14;15;3308
17;2025-12-14;16;3194
17;2025-12-14;17;3019
17;2025-12-14;18;2591
17;2025-12-14;19;2075
17;2025-12-14;20;1566
17;2025-12-14;21;1131
17;2025-12-14;22;699
17;2025-12-14;23;325
17;2025-12-15;0;115
17;2025-12-15;1;11
17;2025-12-15;2;0
17;2025-12-15;3;0
17;2025-12-15;4;26
17;2025-12-15;5;310
17;2025-12-15;6;1514
17;2025-12-15;7;4073
17;2025-12-15;8;5327
17;2025-12-15;9;3754
17;2025-12-15;10;2923
17;2025-12-15;11;2901
17;2025-12-15;12;2959
17;2025-12-15;13;3027
17;2025-12-15;14;3119
17;2025-12-15;15;3254
17;2025-12-15;16;3690
17;2025-12-15;17;4464
17;2025-12-15;18;4673
17;2025-12-15;19;3220
17;2025-12-15;20;2241
17;2025-12-15;21;1374
17;2025-12-15;22;702
17;2025-12-15;23;355
17;2025-12-16;0;120
17;2025-12-16;1;12
17;2025-12-16;2;0
17;2025-12-16;3;0
17;2025-12-16;4;28
17;2025-12-16;5;324
17;2025-12-16;6;1582
17;2025-12-16;7;4256
17;2025-12-16;8;5566
17;2025-12-16;9;3923
17;2025-12-16;10;3054
17;2025-12-16;11;3032
17;2025-12-16;12;3093
17;2025-12-16;13;3164
17;2025-12-16;14;3259
17;2025-12-16;15;3400
17;2025-12-16;16;3856
17;2025-12-16;17;4665
17;2025-12-16;18;4884
17;2025-12-16;19;3365
17;2025-12-16;20;2342
17;2025-12-16;21;1436
17;2025-12-16;22;734
17;2025-12-16;23;371
17;2025-12-17;0;120
17;2025-12-17;1;12
17;2025-12-17;2;0
17;2025-12-17;3;0
17;2025-12-17;4;28
17;2025-12-17;5;324
17;2025-12-17;6;1584
17;2025-12-17;7;4263
17;2025-12-17;8;5575
17;2025-12-17;9;3929
17;2025-12-17;10;3059
17;2025-12-17;11;3037
17;2025-12-17;12;3097
17;2025-12-17;13;3168
17;2025-12-17;14;3264
17;2025-12-17;15;3405
17;2025-12-17;16;3862
17;2025-12-17;17;4672
17;2025-12-17;18;4891
17;2025-12-17;19;3370
17;2025-12-17;20;2345
17;2025-12-17;21;1438
17;2025-12-17;22;735
17;2025-12-17;23;371
17;2025-12-18;0;121
17;2025-12-18;1;12
17;2025-12-18;2;0
17;2025-12-18;3;0
17;2025-12-18;4;28
17;2025-12-18;5;327
17;2025-12-18;6;1600
17;2025-12-18;7;4303
17;2025-12-18;8;5628
17;2025-12-18;9;3966
17;2025-12-18;10;3088
17;2025-12-18;11;3066
17;2025-12-18;12;3127
17;2025-12-18;13;3199
17;2025-12-18;14;3295
17;2025-12-18;15;3438
17;2025-12-18;16;3899
17;2025-12-18;17;4717
17;2025-12-18;18;4938
17;2025-12-18;19;3402
17;2025-12-18;20;2368
17;2025-12-18;21;1452
17;2025-12-18;22;742
17;2025-12-18;23;375
17;2025-12-19;0;149
17;2025-12-19;1;17
17;2025-12-19;2;0
17;2025-12-19;3;0
17;2025-12-19;4;27
17;2025-12-19;5;321
17;2025-12-19;6;1573
17;2025-12-19;7;4191
17;2025-12-19;8;5444
17;2025-12-19;9;3886
17;2025-12-19;10;3081
17;2025-12-19;11;3111
17;2025-12-19;12;3167
17;2025-12-19;13;3240
17;2025-12-19;14;3331
17;2025-12-19;15;3713
17;2025-12-19;16;4444
17;2025-12-19;17;4901
17;2025-12-19;18;4465
17;2025-12-19;19;3269
17;2025-12-19;20;2396
17;2025-12-19;21;1590
17;2025-12-19;22;845
17;2025-12-19;23;486
17;2025-12-20;0;203
17;2025-12-20;1;29
17;2025-12-20;2;0
17;2025-12-20;3;0
17;2025-12-20;4;6
17;2025-12-20;5;134
17;2025-12-20;6;569
17;2025-12-20;7;1222
17;2025-12-20;8;1762
17;2025-12-20;9;2264
17;2025-12-20;10;2520
17;2025-12-20;11;3041
17;2025-12-20;12;3440
17;2025-12-20;13;3671
17;2025-12-20;14;3720
17;2025-12-20;15;3691
17;2025-12-20;16;3703
17;2025-12-20;17;3442
17;2025-12-20;18;3035
17;2025-12-20;19;2424
17;2025-12-20;20;1901
17;2025-12-20;21;1363
17;2025-12-20;22;859
17;2025-12-20;23;462
17;2025-12-21;0;188
17;2025-12-21;1;25
17;2025-12-21;2;0
17;2025-12-21;3;0
17;2025-12-21;4;4
17;2025-12-21;5;104
17;2025-12-21;6;433
17;2025-12-21;7;805
17;2025-12-21;8;1239
17;2025-12-21;9;1691
17;2025-12-21;10;1981
17;2025-12-21;11;2558
17;2025-12-21;12;2978
17;2025-12-21;13;3228
17;2025-12-21;14;3339
17;2025-12-21;15;3305
17;2025-12-21;16;3191
17;2025-12-21;17;3016
17;2025-12-21;18;2588
17;2025-12-21;19;2073
17;2025-12-21;20;1565
17;2025-12-21;21;1130
17;2025-12-21;22;699
17;2025-12-21;23;324
17;2025-12-22;0;115
17;2025-12-22;1;11
17;2025-12-22;2;0
17;2025-12-22;3;0
17;2025-12-22;4;26
17;2025-12-22;5;310
17;2025-12-22;6;1514
17;2025-12-22;7;4073
17;2025-12-22;8;5327
17;2025-12-22;9;3754
17;2025-12-22;10;2923
17;2025-12-22;11;2901
17;2025-12-22;12;2959
17;2025-12-22;13;3027
17;2025-12-22;14;3119
17;2025-12-22;15;3254
17;2025-12-22;16;3690
17;2025-12-22;17;4464
17;2025-12-22;18;4673
17;2025-12-22;19;3220
17;2025-12-22;20;2241
17;2025-12-22;21;1374
17;2025-12-22;22;702
17;2025-12-22;23;355
17;2025-12-23;0;120
17;2025-12-23;1;12
17;2025-12-23;2;0
17;2025-12-23;3;0
17;2025-12-23;4;28
17;2025-12-23;5;324
17;2025-12-23;6;1582
17;2025-12-23;7;4256
17;2025-12-23;8;5566
17;2025-12-23;9;3923
17;2025-12-23;10;3054
17;2025-12-23;11;3032
17;2025-12-23;12;3093
17;2025-12-23;13;3164
17;2025-12-23;14;3259
17;2025-12-23;15;3400
17;2025-12-23;16;3856
17;2025-12-23;17;4665
17;2025-12-23;18;4884
17;2025-12-23;19;3365
17;2025-12-23;20;2342
17;2025-12-23;21;1436
17;2025-12-23;22;734
17;2025-12-23;23;371
17;2025-12-24;0;120
17;2025-12-24;1;12
17;2025-12-24;2;0
17;2025-12-24;3;0
17;2025-12-24;4;28
17;2025-12-24;5;324
17;2025-12-24;6;1584
17;2025-12-24;7;4263
17;2025-12-24;8;5575
17;2025-12-24;9;3929
17;2025-12-24;10;3059
17;2025-12-24;11;3037
17;2025-12-24;12;3097
17;2025-12-24;13;3168
17;2025-12-24;14;3264
17;2025-12-24;15;3405
17;2025-12-24;16;3862
17;2025-12-24;17;4672
17;2025-12-24;18;4891
17;2025-12-24;19;3370
17;2025-12-24;20;2345
17;2025-12-24;21;1438
17;2025-12-24;22;735
17;2025-12-24;23;371
17;2025-12-25;0;121
17;2025-12-25;1;12
17;2025-12-25;2;0
17;2025-12-25;3;0
17;2025-12-25;4;28
17;2025-12-25;5;327
17;2025-12-25;6;1600
17;2025-12-25;7;4303
17;2025-12-25;8;5628
17;2025-12-25;9;3966
17;2025-12-25;10;3088
17;2025-12-25;11;3066
17;2025-12-25;12;3127
17;2025-12-25;13;3199
17;2025-12-25;14;3295
17;2025-12-25;15;3438
17;2025-12-25;16;3899
17;2025-12-25;17;4717
17;2025-12-25;18;4938
17;2025-12-25;19;3402
17;2025-12-25;20;2368
17;2025-12-25;21;1452
17;2025-12-25;22;742
17;2025-12-25;23;375
17;2025-12-26;0;153
17;2025-12-26;1;18
17;2025-12-26;2;0
17;2025-12-26;3;0
17;2025-12-26;4;27
17;2025-12-26;5;331
17;2025-12-26;6;1620
17;2025-12-26;7;4317
17;2025-12-26;8;5607
17;2025-12-26;9;4003
17;2025-12-26;10;3174
17;2025-12-26;11;3204
17;2025-12-26;12;3262
17;2025-12-26;13;3337
17;2025-12-26;14;3431
17;2025-12-26;15;3824
17;2025-12-26;16;4577
17;2025-12-26;17;5048
17;2025-12-26;18;4599
17;2025-12-26;19;3367
17;2025-12-26;20;2468
17;2025-12-26;21;1637
17;2025-12-26;22;871
17;2025-12-26;23;501
17;2025-12-27;0;203
17;2025-12-27;1;29
17;2025-12-27;2;0
17;2025-12-27;3;0
17;2025-12-27;4;6
17;2025-12-27;5;133
17;2025-12-27;6;568
17;2025-12-27;7;1220
17;2025-12-27;8;1758
17;2025-12-27;9;2260
17;2025-12-27;10;2515
17;2025-12-27;11;3035
17;2025-12-27;12;3433
17;2025-12-27;13;3663
17;2025-12-27;14;3713
17;2025-12-27;15;3683
17;2025-12-27;16;3695
17;2025-12-27;17;3435
17;2025-12-27;18;3029
17;2025-12-27;19;2419
17;2025-12-27;20;1897
17;2025-12-27;21;1361
17;2025-12-27;22;857
17;2025-12-27;23;461
17;2025-12-28;0;188
17;2025-12-28;1;25
17;2025-12-28;2;0
17;2025-12-28;3;0
17;2025-12-28;4;4
17;2025-12-28;5;104
17;2025-12-28;6;432
17;2025-12-28;7;804
17;2025-12-28;8;1238
17;2025-12-28;9;1689
17;2025-12-28;10;1979
17;2025-12-28;11;2555
17;2025-12-28;12;2975
17;2025-12-28;13;3224
17;2025-12-28;14;3336
17;2025-12-28;15;3301
17;2025-12-28;16;3188
17;2025-12-28;17;3013
17;2025-12-28;18;2586
17;2025-12-28;19;2071
17;2025-12-28;20;1563
17;2025-12-28;21;1129
17;2025-12-28;22;698
17;2025-12-28;23;324
17;2025-12-29;0;107
17;2025-12-29;1;11
17;2025-12-29;2;0
17;2025-12-29;3;0
17;2025-12-29;4;25
17;2025-12-29;5;290
17;2025-12-29;6;1416
17;2025-12-29;7;3808
17;2025-12-29;8;4980
17;2025-12-29;9;3510
17;2025-12-29;10;2733
17;2025-12-29;11;2713
17;2025-12-29;12;2767
17;2025-12-29;13;2831
17;2025-12-29;14;2916
17;2025-12-29;15;3042
17;2025-12-29;16;3450
17;2025-12-29;17;4174
17;2025-12-29;18;4369
17;2025-12-29;19;3010
17;2025-12-29;20;2095
17;2025-12-29;21;1285
17;2025-12-29;22;657
17;2025-12-29;23;332
17;2025-12-30;0;112
17;2025-12-30;1;11
17;2025-12-30;2;0
17;2025-12-30;3;0
17;2025-12-30;4;26
17;2025-12-30;5;303
17;2025-12-30;6;1479
17;2025-12-30;7;3980
17;2025-12-30;8;5205
17;2025-12-30;9;3668
17;2025-12-30;10;2856
17;2025-12-30;11;2835
17;2025-12-30;12;2892
17;2025-12-30;13;2958
17;2025-12-30;14;3048
17;2025-12-30;15;3179
17;2025-12-30;16;3605
17;2025-12-30;17;4362
17;2025-12-30;18;4566
17;2025-12-30;19;3146
17;2025-12-30;20;2190
17;2025-12-30;21;1343
17;2025-12-30;22;686
17;2025-12-30;23;347
17;2025-12-31;0;184
17;2025-12-31;1;24
17;2025-12-31;2;0
17;2025-12-31;3;0
17;2025-12-31;4;4
17;2025-12-31;5;101
17;2025-12-31;6;422
17;2025-12-31;7;786
17;2025-12-31;8;1210
17;2025-12-31;9;1651
17;2025-12-31;10;1934
17;2025-12-31;11;2497
17;2025-12-31;12;2907
17;2025-12-31;13;3151
17;2025-12-31;14;3260
17;2025-12-31;15;3226
17;2025-12-31;16;3115
17;2025-12-31;17;2944
17;2025-12-31;18;1263
17;2025-12-31;19;1012
17;2025-12-31;20;764
17;2025-12-31;21;552
17;2025-12-31;22;341
17;2025-12-31;23;158
25;2025-11-01;0;0
25;2025-11-01;1;0
25;2025-11-01;2;0
25;2025-11-01;3;0
25;2025-11-01;4;0
25;2025-11-01;5;9
25;2025-11-01;6;214
25;2025-11-01;7;527
25;2025-11-01;8;827
25;2025-11-01;9;408
25;2025-11-01;10;357
25;2025-11-01;11;388
25;2025-11-01;12;400
25;2025-11-01;13;487
25;2025-11-01;14;445
25;2025-11-01;15;589
25;2025-11-01;16;756
25;2025-11-01;17;748
25;2025-11-01;18;637
25;2025-11-01;19;515
25;2025-11-01;20;305
25;2025-11-01;21;192
25;2025-11-01;22;114
25;2025-11-01;23;14
25;2025-11-02;0;19
25;2025-11-02;1;0
25;2025-11-02;2;0
25;2025-11-02;3;0
25;2025-11-02;4;0
25;2025-11-02;5;6
25;2025-11-02;6;86
25;2025-11-02;7;105
25;2025-11-02;8;200
25;2025-11-02;9;224
25;2025-11-02;10;226
25;2025-11-02;11;319
25;2025-11-02;12;395
25;2025-11-02;13;481
25;2025-11-02;14;544
25;2025-11-02;15;624
25;2025-11-02;16;540
25;2025-11-02;17;512
25;2025-11-02;18;416
25;2025-11-02;19;306
25;2025-11-02;20;226
25;2025-11-02;21;170
25;2025-11-02;22;100
25;2025-11-02;23;40
25;2025-11-03;0;18
25;2025-11-03;1;0
25;2025-11-03;2;0
25;2025-11-03;3;0
25;2025-11-03;4;0
25;2025-11-03;5;6
25;2025-11-03;6;84
25;2025-11-03;7;102
25;2025-11-03;8;195
25;2025-11-03;9;218
25;2025-11-03;10;221
25;2025-11-03;11;312
25;2025-11-03;12;386
25;2025-11-03;13;470
25;2025-11-03;14;532
25;2025-11-03;15;610
25;2025-11-03;16;527
25;2025-11-03;17;500
25;2025-11-03;18;406
25;2025-11-03;19;299
25;2025-11-03;20;221
25;2025-11-03;21;166
25;2025-11-03;22;98
25;2025-11-03;23;39
25;2025-11-04;0;18
25;2025-11-04;1;0
25;2025-11-04;2;0
25;2025-11-04;3;0
25;2025-11-04;4;0
25;2025-11-04;5;6
25;2025-11-04;6;84
25;2025-11-04;7;102
25;2025-11-04;8;195
25;2025-11-04;9;218
25;2025-11-04;10;221
25;2025-11-04;11;312
25;2025-11-04;12;385
25;2025-11-04;13;469
25;2025-11-04;14;531
25;2025-11-04;15;610
25;2025-11-04;16;527
25;2025-11-04;17;500
25;2025-11-04;18;406
25;2025-11-04;19;299
25;2025-11-04;20;221
25;2025-11-04;21;166
25;2025-11-04;22;98
25;2025-11-04;23;39
25;2025-11-05;0;4
25;2025-11-05;1;0
25;2025-11-05;2;0
25;2025-11-05;3;0
25;2025-11-05;4;0
25;2025-11-05;5;14
25;2025-11-05;6;243
25;2025-11-05;7;591
25;2025-11-05;8;985
25;2025-11-05;9;509
25;2025-11-05;10;387
25;2025-11-05;11;444
25;2025-11-05;12;450
25;2025-11-05;13;547
25;2025-11-05;14;489
25;2025-11-05;15;588
25;2025-11-05;16;749
25;2025-11-05;17;840
25;2025-11-05;18;851
25;2025-11-05;19;588
25;2025-11-05;20;330
25;2025-11-05;21;217
25;2025-11-05;22;109
25;2025-11-05;23;9
25;2025-11-06;0;4
25;2025-11-06;1;0
25;2025-11-06;2;0
25;2025-11-06;3;0
25;2025-11-06;4;0
25;2025-11-06;5;13
25;2025-11-06;6;233
25;2025-11-06;7;567
25;2025-11-06;8;945
25;2025-11-06;9;488
25;2025-11-06;10;371
25;2025-11-06;11;426
25;2025-11-06;12;432
25;2025-11-06;13;525
25;2025-11-06;14;469
25;2025-11-06;15;564
25;2025-11-06;16;719
25;2025-11-06;17;806
25;2025-11-06;18;816
25;2025-11-06;19;564
25;2025-11-06;20;316
25;2025-11-06;21;209
25;2025-11-06;22;105
25;2025-11-06;23;9
25;2025-11-07;0;0
25;2025-11-07;1;0
25;2025-11-07;2;0
25;2025-11-07;3;0
25;2025-11-07;4;0
25;2025-11-07;5;10
25;2025-11-07;6;235
25;2025-11-07;7;580
25;2025-11-07;8;911
25;2025-11-07;9;450
25;2025-11-07;10;393
25;2025-11-07;11;428
25;2025-11-07;12;440
25;2025-11-07;13;537
25;2025-11-07;14;490
25;2025-11-07;15;649
25;2025-11-07;16;833
25;2025-11-07;17;824
25;2025-11-07;18;702
25;2025-11-07;19;567
25;2025-11-07;20;336
25;2025-11-07;21;212
25;2025-11-07;22;126
25;2025-11-07;23;15
25;2025-11-08;0;6
25;2025-11-08;1;0
25;2025-11-08;2;0
25;2025-11-08;3;0
25;2025-11-08;4;0
25;2025-11-08;5;13
25;2025-11-08;6;108
25;2025-11-08;7;145
25;2025-11-08;8;320
25;2025-11-08;9;294
25;2025-11-08;10;313
25;2025-11-08;11;395
25;2025-11-08;12;438
25;2025-11-08;13;637
25;2025-11-08;14;640
25;2025-11-08;15;755
25;2025-11-08;16;691
25;2025-11-08;17;578
25;2025-11-08;18;504
25;2025-11-08;19;437
25;2025-11-08;20;261
25;2025-11-08;21;213
25;2025-11-08;22;130
25;2025-11-08;23;56
25;2025-11-09;0;19
25;2025-11-09;1;0
25;2025-11-09;2;0
25;2025-11-09;3;0
25;2025-11-09;4;0
25;2025-11-09;5;6
25;2025-11-09;6;86
25;2025-11-09;7;104
25;2025-11-09;8;199
25;2025-11-09;9;223
25;2025-11-09;10;225
25;2025-11-09;11;318
25;2025-11-09;12;393
25;2025-11-09;13;479
25;2025-11-09;14;542
25;2025-11-09;15;621
25;2025-11-09;16;537
25;2025-11-09;17;509
25;2025-11-09;18;414
25;2025-11-09;19;305
25;2025-11-09;20;225
25;2025-11-09;21;169
25;2025-11-09;22;100
25;2025-11-09;23;40
25;2025-11-10;0;4
25;2025-11-10;1;0
25;2025-11-10;2;0
25;2025-11-10;3;0
25;2025-11-10;4;0
25;2025-11-10;5;13
25;2025-11-10;6;231
25;2025-11-10;7;562
25;2025-11-10;8;937
25;2025-11-10;9;484
25;2025-11-10;10;368
25;2025-11-10;11;422
25;2025-11-10;12;428
25;2025-11-10;13;520
25;2025-11-10;14;464
25;2025-11-10;15;559
25;2025-11-10;16;712
25;2025-11-10;17;799
25;2025-11-10;18;809
25;2025-11-10;19;559
25;2025-11-10;20;314
25;2025-11-10;21;207
25;2025-11-10;22;104
25;2025-11-10;23;9
25;2025-11-11;0;4
25;2025-11-11;1;0
25;2025-11-11;2;0
25;2025-11-11;3;0
25;2025-11-11;4;0
25;2025-11-11;5;13
25;2025-11-11;6;235
25;2025-11-11;7;570
25;2025-11-11;8;951
25;2025-11-11;9;491
25;2025-11-11;10;373
25;2025-11-11;11;428
25;2025-11-11;12;435
25;2025-11-11;13;528
25;2025-11-11;14;471
25;2025-11-11;15;567
25;2025-11-11;16;723
25;2025-11-11;17;811
25;2025-11-11;18;821
25;2025-11-11;19;568
25;2025-11-11;20;318
25;2025-11-11;21;210
25;2025-11-11;22;105
25;2025-11-11;23;9
25;2025-11-12;0;4
25;2025-11-12;1;0
25;2025-11-12;2;0
25;2025-11-12;3;0
25;2025-11-12;4;0
25;2025-11-12;5;14
25;2025-11-12;6;244
25;2025-11-12;7;593
25;2025-11-12;8;989
25;2025-11-12;9;511
25;2025-11-12;10;388
25;2025-11-12;11;445
25;2025-11-12;12;452
25;2025-11-12;13;549
25;2025-11-12;14;490
25;2025-11-12;15;590
25;2025-11-12;16;752
25;2025-11-12;17;844
25;2025-11-12;18;854
25;2025-11-12;19;590
25;2025-11-12;20;331
25;2025-11-12;21;218
25;2025-11-12;22;109
25;2025-11-12;23;9
25;2025-11-13;0;4
25;2025-11-13;1;0
25;2025-11-13;2;0
25;2025-11-13;3;0
25;2025-11-13;4;0
25;2025-11-13;5;13
25;2025-11-13;6;234
25;2025-11-13;7;569
25;2025-11-13;8;949
25;2025-11-13;9;490
25;2025-11-13;10;373
25;2025-11-13;11;427
25;2025-11-13;12;434
25;2025-11-13;13;527
25;2025-11-13;14;471
25;2025-11-13;15;566
25;2025-11-13;16;722
25;2025-11-13;17;810
25;2025-11-13;18;819
25;2025-11-13;19;566
25;2025-11-13;20;318
25;2025-11-13;21;210
25;2025-11-13;22;105
25;2025-11-13;23;9
25;2025-11-14;0;0
25;2025-11-14;1;0
25;2025-11-14;2;0
25;2025-11-14;3;0
25;2025-11-14;4;0
25;2025-11-14;5;10
25;2025-11-14;6;236
25;2025-11-14;7;582
25;2025-11-14;8;914
25;2025-11-14;9;452
25;2025-11-14;10;395
25;2025-11-14;11;429
25;2025-11-14;12;442
25;2025-11-14;13;539
25;2025-11-14;14;492
25;2025-11-14;15;652
25;2025-11-14;16;836
25;2025-11-14;17;827
25;2025-11-14;18;705
25;2025-11-14;19;569
25;2025-11-14;20;337
25;2025-11-14;21;213
25;2025-11-14;22;126
25;2025-11-14;23;15
25;2025-11-15;0;6
25;2025-11-15;1;0
25;2025-11-15;2;0
25;2025-11-15;3;0
25;2025-11-15;4;0
25;2025-11-15;5;13
25;2025-11-15;6;107
25;2025-11-15;7;144
25;2025-11-15;8;318
25;2025-11-15;9;292
25;2025-11-15;10;311
25;2025-11-15;11;393
25;2025-11-15;12;436
25;2025-11-15;13;633
25;2025-11-15;14;637
25;2025-11-15;15;751
25;2025-11-15;16;687
25;2025-11-15;17;574
25;2025-11-15;18;501
25;2025-11-15;19;434
25;2025-11-15;20;260
25;2025-11-15;21;212
25;2025-11-15;22;129
25;2025-11-15;23;56
25;2025-11-16;0;19
25;2025-11-16;1;0
25;2025-11-16;2;0
25;2025-11-16;3;0
25;2025-11-16;4;0
25;2025-11-16;5;6
25;2025-11-16;6;85
25;2025-11-16;7;104
25;2025-11-16;8;197
25;2025-11-16;9;221
25;2025-11-16;10;224
25;2025-11-16;11;316
25;2025-11-16;12;391
25;2025-11-16;13;476
25;2025-11-16;14;539
25;2025-11-16;15;618
25;2025-11-16;16;534
25;2025-11-16;17;506
25;2025-11-16;18;411
25;2025-11-16;19;303
25;2025-11-16;20;224
25;2025-11-16;21;168
25;2025-11-16;22;99
25;2025-11-16;23;40
25;2025-11-17;0;4
25;2025-11-17;1;0
25;2025-11-17;2;0
25;2025-11-17;3;0
25;2025-11-17;4;0
25;2025-11-17;5;13
25;2025-11-17;6;232
25;2025-11-17;7;563
25;2025-11-17;8;939
25;2025-11-17;9;485
25;2025-11-17;10;368
25;2025-11-17;11;423
25;2025-11-17;12;429
25;2025-11-17;13;521
25;2025-11-17;14;465
25;2025-11-17;15;560
25;2025-11-17;16;714
25;2025-11-17;17;801
25;2025-11-17;18;810
25;2025-11-17;19;560
25;2025-11-17;20;314
25;2025-11-17;21;207
25;2025-11-17;22;104
25;2025-11-17;23;9
25;2025-11-18;0;4
25;2025-11-18;1;0
25;2025-11-18;2;0
25;2025-11-18;3;0
25;2025-11-18;4;0
25;2025-11-18;5;13
25;2025-11-18;6;235
25;2025-11-18;7;571
25;2025-11-18;8;952
25;2025-11-18;9;492
25;2025-11-18;10;374
25;2025-11-18;11;429
25;2025-11-18;12;435
25;2025-11-18;13;529
25;2025-11-18;14;472
25;2025-11-18;15;568
25;2025-11-18;16;724
25;2025-11-18;17;812
25;2025-11-18;18;822
25;2025-11-18;19;568
25;2025-11-18;20;319
25;2025-11-18;21;210
25;2025-11-18;22;105
25;2025-11-18;23;9
25;2025-11-19;0;4
25;2025-11-19;1;0
25;2025-11-19;2;0
25;2025-11-19;3;0
25;2025-11-19;4;0
25;2025-11-19;5;14
25;2025-11-19;6;244
25;2025-11-19;7;594
25;2025-11-19;8;990
25;2025-11-19;9;511
25;2025-11-19;10;389
25;2025-11-19;11;446
25;2025-11-19;12;453
25;2025-11-19;13;550
25;2025-11-19;14;491
25;2025-11-19;15;590
25;2025-11-19;16;753
25;2025-11-19;17;845
25;2025-11-19;18;855
25;2025-11-19;19;591
25;2025-11-19;20;331
25;2025-11-19;21;219
25;2025-11-19;22;109
25;2025-11-19;23;9
25;2025-11-20;0;4
25;2025-11-20;1;0
25;2025-11-20;2;0
25;2025-11-20;3;0
25;2025-11-20;4;0
25;2025-11-20;5;13
25;2025-11-20;6;234
25;2025-11-20;7;569
25;2025-11-20;8;949
25;2025-11-20;9;490
25;2025-11-20;10;373
25;2025-11-20;11;427
25;2025-11-20;12;434
25;2025-11-20;13;527
25;2025-11-20;14;471
25;2025-11-20;15;566
25;2025-11-20;16;722
25;2025-11-20;17;810
25;2025-11-20;18;820
25;2025-11-20;19;567
25;2025-11-20;20;318
25;2025-11-20;21;210
25;2025-11-20;22;105
25;2025-11-20;23;9
25;2025-11-21;0;0
25;2025-11-21;1;0
25;2025-11-21;2;0
25;2025-11-21;3;0
25;2025-11-21;4;0
25;2025-11-21;5;10
25;2025-11-21;6;236
25;2025-11-21;7;582
25;2025-11-21;8;914
25;2025-11-21;9;452
25;2025-11-21;10;395
25;2025-11-21;11;429
25;2025-11-21;12;442
25;2025-11-21;13;539
25;2025-11-21;14;492
25;2025-11-21;15;652
25;2025-11-21;16;836
25;2025-11-21;17;827
25;2025-11-21;18;705
25;2025-11-21;19;569
25;2025-11-21;20;337
25;2025-11-21;21;213
25;2025-11-21;22;126
25;2025-11-21;23;15
25;2025-11-22;0;6
25;2025-11-22;1;0
25;2025-11-22;2;0
25;2025-11-22;3;0
25;2025-11-22;4;0
25;2025-11-22;5;13
25;2025-11-22;6;106
25;2025-11-22;7;142
25;2025-11-22;8;315
25;2025-11-22;9;289
25;2025-11-22;10;309
25;2025-11-22;11;389
25;2025-11-22;12;432
25;2025-11-22;13;628
25;2025-11-22;14;631
25;2025-11-22;15;744
25;2025-11-22;16;681
25;2025-11-22;17;569
25;2025-11-22;18;497
25;2025-11-22;19;431
25;2025-11-22;20;258
25;2025-11-22;21;210
25;2025-11-22;22;128
25;2025-11-22;23;56
25;2025-11-23;0;18
25;2025-11-23;1;0
25;2025-11-23;2;0
25;2025-11-23;3;0
25;2025-11-23;4;0
25;2025-11-23;5;6
25;2025-11-23;6;84
25;2025-11-23;7;103
25;2025-11-23;8;196
25;2025-11-23;9;219
25;2025-11-23;10;222
25;2025-11-23;11;313
25;2025-11-23;12;387
25;2025-11-23;13;472
25;2025-11-23;14;534
25;2025-11-23;15;612
25;2025-11-23;16;529
25;2025-11-23;17;502
25;2025-11-23;18;408
25;2025-11-23;19;300
25;2025-11-23;20;222
25;2025-11-23;21;166
25;2025-11-23;22;98
25;2025-11-23;23;40
25;2025-11-24;0;4
25;2025-11-24;1;0
25;2025-11-24;2;0
25;2025-11-24;3;0
25;2025-11-24;4;0
25;2025-11-24;5;13
25;2025-11-24;6;232
25;2025-11-24;7;563
25;2025-11-24;8;939
25;2025-11-24;9;485
25;2025-11-24;10;368
25;2025-11-24;11;423
25;2025-11-24;12;429
25;2025-11-24;13;521
25;2025-11-24;14;465
25;2025-11-24;15;560
25;2025-11-24;16;714
25;2025-11-24;17;801
25;2025-11-24;18;810
25;2025-11-24;19;560
25;2025-11-24;20;314
25;2025-11-24;21;207
25;2025-11-24;22;104
25;2025-11-24;23;9
25;2025-11-25;0;4
25;2025-11-25;1;0
25;2025-11-25;2;0
25;2025-11-25;3;0
25;2025-11-25;4;0
25;2025-11-25;5;13
25;2025-11-25;6;235
25;2025-11-25;7;571
25;2025-11-25;8;952
25;2025-11-25;9;492
25;2025-11-25;10;374
25;2025-11-25;11;429
25;2025-11-25;12;435
25;2025-11-25;13;529
25;2025-11-25;14;472
25;2025-11-25;15;568
25;2025-11-25;16;724
25;2025-11-25;17;812
25;2025-11-25;18;822
25;2025-11-25;19;568
25;2025-11-25;20;319
25;2025-11-25;21;210
25;2025-11-25;22;105
25;2025-11-25;23;9
25;2025-11-26;0;4
25;2025-11-26;1;0
25;2025-11-26;2;0
25;2025-11-26;3;0
25;2025-11-26;4;0
25;2025-11-26;5;14
25;2025-11-26;6;244
25;2025-11-26;7;594
25;2025-11-26;8;990
25;2025-11-26;9;511
25;2025-11-26;10;389
25;2025-11-26;11;446
25;2025-11-26;12;453
25;2025-11-26;13;550
25;2025-11-26;14;491
25;2025-11-26;15;590
25;2025-11-26;16;753
25;2025-11-26;17;845
25;2025-11-26;18;855
25;2025-11-26;19;591
25;2025-11-26;20;331
25;2025-11-26;21;219
25;2025-11-26;22;109
25;2025-11-26;23;9
25;2025-11-27;0;4
25;2025-11-27;1;0
25;2025-11-27;2;0
25;2025-11-27;3;0
25;2025-11-27;4;0
25;2025-11-27;5;13
25;2025-11-27;6;234
25;2025-11-27;7;569
25;2025-11-27;8;949
25;2025-11-27;9;490
25;2025-11-27;10;373
25;2025-11-27;11;427
25;2025-11-27;12;434
25;2025-11-27;13;527
25;2025-11-27;14;471
25;2025-11-27;15;566
25;2025-11-27;16;722
25;2025-11-27;17;810
25;2025-11-27;18;820
25;2025-11-27;19;567
25;2025-11-27;20;318
25;2025-11-27;21;210
25;2025-11-27;22;105
25;2025-11-27;23;9
25;2025-11-28;0;0
25;2025-11-28;1;0
25;2025-11-28;2;0
25;2025-11-28;3;0
25;2025-11-28;4;0
25;2025-11-28;5;10
25;2025-11-28;6;236
25;2025-11-28;7;582
25;2025-11-28;8;914
25;2025-11-28;9;452
25;2025-11-28;10;395
25;2025-11-28;11;429
25;2025-11-28;12;442
25;2025-11-28;13;539
25;2025-11-28;14;492
25;2025-11-28;15;652
25;2025-11-28;16;836
25;2025-11-28;17;827
25;2025-11-28;18;705
25;2025-11-28;19;569
25;2025-11-28;20;337
25;2025-11-28;21;213
25;2025-11-28;22;126
25;2025-11-28;23;15
25;2025-11-29;0;6
25;2025-11-29;1;0
25;2025-11-29;2;0
25;2025-11-29;3;0
25;2025-11-29;4;0
25;2025-11-29;5;13
25;2025-11-29;6;105
25;2025-11-29;7;141
25;2025-11-29;8;312
25;2025-11-29;9;287
25;2025-11-29;10;306
25;2025-11-29;11;386
25;2025-11-29;12;428
25;2025-11-29;13;622
25;2025-11-29;14;625
25;2025-11-29;15;737
25;2025-11-29;16;675
25;2025-11-29;17;564
25;2025-11-29;18;492
25;2025-11-29;19;427
25;2025-11-29;20;255
25;2025-11-29;21;208
25;2025-11-29;22;127
25;2025-11-29;23;55
25;2025-11-30;0;18
25;2025-11-30;1;0
25;2025-11-30;2;0
25;2025-11-30;3;0
25;2025-11-30;4;0
25;2025-11-30;5;6
25;2025-11-30;6;84
25;2025-11-30;7;102
25;2025-11-30;8;194
25;2025-11-30;9;217
25;2025-11-30;10;220
25;2025-11-30;11;310
25;2025-11-30;12;384
25;2025-11-30;13;467
25;2025-11-30;14;529
25;2025-11-30;15;607
25;2025-11-30;16;525
25;2025-11-30;17;497
25;2025-11-30;18;404
25;2025-11-30;19;298
25;2025-11-30;20;220
25;2025-11-30;21;165
25;2025-11-30;22;97
25;2025-11-30;23;39
25;2025-12-01;0;4
25;2025-12-01;1;0
25;2025-12-01;2;0
25;2025-12-01;3;0
25;2025-12-01;4;0
25;2025-12-01;5;13
25;2025-12-01;6;232
25;2025-12-01;7;563
25;2025-12-01;8;939
25;2025-12-01;9;485
25;2025-12-01;10;368
25;2025-12-01;11;423
25;2025-12-01;12;429
25;2025-12-01;13;521
25;2025-12-01;14;465
25;2025-12-01;15;560
25;2025-12-01;16;714
25;2025-12-01;17;801
25;2025-12-01;18;810
25;2025-12-01;19;560
25;2025-12-01;20;314
25;2025-12-01;21;207
25;2025-12-01;22;104
25;2025-12-01;23;9
25;2025-12-02;0;4
25;2025-12-02;1;0
25;2025-12-02;2;0
25;2025-12-02;3;0
25;2025-12-02;4;0
25;2025-12-02;5;13
25;2025-12-02;6;235
25;2025-12-02;7;571
25;2025-12-02;8;952
25;2025-12-02;9;492
25;2025-12-02;10;374
25;2025-12-02;11;429
25;2025-12-02;12;435
25;2025-12-02;13;529
25;2025-12-02;14;472
25;2025-12-02;15;568
25;2025-12-02;16;724
25;2025-12-02;17;812
25;2025-12-02;18;822
25;2025-12-02;19;568
25;2025-12-02;20;319
25;2025-12-02;21;210
25;2025-12-02;22;105
25;2025-12-02;23;9
25;2025-12-03;0;4
25;2025-12-03;1;0
25;2025-12-03;2;0
25;2025-12-03;3;0
25;2025-12-03;4;0
25;2025-12-03;5;14
25;2025-12-03;6;244
25;2025-12-03;7;594
25;2025-12-03;8;990
25;2025-12-03;9;511
25;2025-12-03;10;389
25;2025-12-03;11;446
25;2025-12-03;12;453
25;2025-12-03;13;550
25;2025-12-03;14;491
25;2025-12-03;15;590
25;2025-12-03;16;753
25;2025-12-03;17;845
25;2025-12-03;18;855
25;2025-12-03;19;591
25;2025-12-03;20;331
25;2025-12-03;21;219
25;2025-12-03;22;109
25;2025-12-03;23;9
25;2025-12-04;0;4
25;2025-12-04;1;0
25;2025-12-04;2;0
25;2025-12-04;3;0
25;2025-12-04;4;0
25;2025-12-04;5;13
25;2025-12-04;6;234
25;2025-12-04;7;569
25;2025-12-04;8;949
25;2025-12-04;9;490
25;2025-12-04;10;373
25;2025-12-04;11;427
25;2025-12-04;12;434
25;2025-12-04;13;527
25;2025-12-04;14;471
25;2025-12-04;15;566
25;2025-12-04;16;722
25;2025-12-04;17;810
25;2025-12-04;18;820
25;2025-12-04;19;567
25;2025-12-04;20;318
25;2025-12-04;21;210
25;2025-12-04;22;105
25;2025-12-04;23;9
25;2025-12-05;0;0
25;2025-12-05;1;0
25;2025-12-05;2;0
25;2025-12-05;3;0
25;2025-12-05;4;0
25;2025-12-05;5;10
25;2025-12-05;6;236
25;2025-12-05;7;582
25;2025-12-05;8;914
25;2025-12-05;9;452
25;2025-12-05;10;395
25;2025-12-05;11;429
25;2025-12-05;12;442
25;2025-12-05;13;539
25;2025-12-05;14;492
25;2025-12-05;15;652
25;2025-12-05;16;836
25;2025-12-05;17;827
25;2025-12-05;18;705
25;2025-12-05;19;569
25;2025-12-05;20;337
25;2025-12-05;21;213
25;2025-12-05;22;126
25;2025-12-05;23;15
25;2025-12-06;0;6
25;2025-12-06;1;0
25;2025-12-06;2;0
25;2025-12-06;3;0
25;2025-12-06;4;0
25;2025-12-06;5;12
25;2025-12-06;6;104
25;2025-12-06;7;140
25;2025-12-06;8;309
25;2025-12-06;9;284
25;2025-12-06;10;303
25;2025-12-06;11;382
25;2025-12-06;12;424
25;2025-12-06;13;616
25;2025-12-06;14;620
25;2025-12-06;15;730
25;2025-12-06;16;669
25;2025-12-06;17;559
25;2025-12-06;18;488
25;2025-12-06;19;423
25;2025-12-06;20;253
25;2025-12-06;21;206
25;2025-12-06;22;126
25;2025-12-06;23;55
25;2025-12-07;0;18
25;2025-12-07;1;0
25;2025-12-07;2;0
25;2025-12-07;3;0
25;2025-12-07;4;0
25;2025-12-07;5;6
25;2025-12-07;6;83
25;2025-12-07;7;101
25;2025-12-07;8;192
25;2025-12-07;9;215
25;2025-12-07;10;218
25;2025-12-07;11;307
25;2025-12-07;12;380
25;2025-12-07;13;463
25;2025-12-07;14;525
25;2025-12-07;15;602
25;2025-12-07;16;520
25;2025-12-07;17;493
25;2025-12-07;18;401
25;2025-12-07;19;295
25;2025-12-07;20;218
25;2025-12-07;21;164
25;2025-12-07;22;97
25;2025-12-07;23;39
25;2025-12-08;0;4
25;2025-12-08;1;0
25;2025-12-08;2;0
25;2025-12-08;3;0
25;2025-12-08;4;0
25;2025-12-08;5;13
25;2025-12-08;6;232
25;2025-12-08;7;563
25;2025-12-08;8;939
25;2025-12-08;9;485
25;2025-12-08;10;368
25;2025-12-08;11;423
25;2025-12-08;12;429
25;2025-12-08;13;521
25;2025-12-08;14;465
25;2025-12-08;15;560
25;2025-12-08;16;714
25;2025-12-08;17;801
25;2025-12-08;18;810
25;2025-12-08;19;560
25;2025-12-08;20;314
25;2025-12-08;21;207
25;2025-12-08;22;104
25;2025-12-08;23;9
25;2025-12-09;0;4
25;2025-12-09;1;0
25;2025-12-09;2;0
25;2025-12-09;3;0
25;2025-12-09;4;0
25;2025-12-09;5;13
25;2025-12-09;6;235
25;2025-12-09;7;571
25;2025-12-09;8;952
25;2025-12-09;9;492
25;2025-12-09;10;374
25;2025-12-09;11;429
25;2025-12-09;12;435
25;2025-12-09;13;529
25;2025-12-09;14;472
25;2025-12-09;15;568
25;2025-12-09;16;724
25;2025-12-09;17;812
25;2025-12-09;18;822
25;2025-12-09;19;568
25;2025-12-09;20;319
25;2025-12-09;21;210
25;2025-12-09;22;105
25;2025-12-09;23;9
25;2025-12-10;0;4
25;2025-12-10;1;0
25;2025-12-10;2;0
25;2025-12-10;3;0
25;2025-12-10;4;0
25;2025-12-10;5;14
25;2025-12-10;6;244
25;2025-12-10;7;594
25;2025-12-10;8;990
25;2025-12-10;9;511
25;2025-12-10;10;389
25;2025-12-10;11;446
25;2025-12-10;12;453
25;2025-12-10;13;550
25;2025-12-10;14;491
25;2025-12-10;15;590
25;2025-12-10;16;753
25;2025-12-10;17;845
25;2025-12-10;18;855
25;2025-12-10;19;591
25;2025-12-10;20;331
25;2025-12-10;21;219
25;2025-12-10;22;109
25;2025-12-10;23;9
25;2025-12-11;0;4
25;2025-12-11;1;0
25;2025-12-11;2;0
25;2025-12-11;3;0
25;2025-12-11;4;0
25;2025-12-11;5;13
25;2025-12-11;6;234
25;2025-12-11;7;569
25;2025-12-11;8;949
25;2025-12-11;9;490
25;2025-12-11;10;373
25;2025-12-11;11;427
25;2025-12-11;12;434
25;2025-12-11;13;527
25;2025-12-11;14;471
25;2025-12-11;15;566
25;2025-12-11;16;722
25;2025-12-11;17;810
25;2025-12-11;18;820
25;2025-12-11;19;567
25;2025-12-11;20;318
25;2025-12-11;21;210
25;2025-12-11;22;105
25;2025-12-11;23;9
25;2025-12-12;0;0
25;2025-12-12;1;0
25;2025-12-12;2;0
25;2025-12-12;3;0
25;2025-12-12;4;0
25;2025-12-12;5;10
25;2025-12-12;6;236
25;2025-12-12;7;582
25;2025-12-12;8;914
25;2025-12-12;9;452
25;2025-12-12;10;395
25;2025-12-12;11;429
25;2025-12-12;12;442
25;2025-12-12;13;539
25;2025-12-12;14;492
25;2025-12-12;15;652
25;2025-12-12;16;836
25;2025-12-12;17;827
25;2025-12-12;18;705
25;2025-12-12;19;569
25;2025-12-12;20;337
25;2025-12-12;21;213
25;2025-12-12;22;126
25;2025-12-12;23;15
25;2025-12-13;0;6
25;2025-12-13;1;0
25;2025-12-13;2;0
25;2025-12-13;3;0
25;2025-12-13;4;0
25;2025-12-13;5;12
25;2025-12-13;6;103
25;2025-12-13;7;139
25;2025-12-13;8;307
25;2025-12-13;9;282
25;2025-12-13;10;300
25;2025-12-13;11;378
25;2025-12-13;12;420
25;2025-12-13;13;611
25;2025-12-13;14;614
25;2025-12-13;15;724
25;2025-12-13;16;662
25;2025-12-13;17;554
25;2025-12-13;18;483
25;2025-12-13;19;419
25;2025-12-13;20;251
25;2025-12-13;21;204
25;2025-12-13;22;125
25;2025-12-13;23;54
25;2025-12-14;0;18
25;2025-12-14;1;0
25;2025-12-14;2;0
25;2025-12-14;3;0
25;2025-12-14;4;0
25;2025-12-14;5;6
25;2025-12-14;6;82
25;2025-12-14;7;100
25;2025-12-14;8;191
25;2025-12-14;9;214
25;2025-12-14;10;216
25;2025-12-14;11;305
25;2025-12-14;12;377
25;2025-12-14;13;459
25;2025-12-14;14;520
25;2025-12-14;15;596
25;2025-12-14;16;515
25;2025-12-14;17;489
25;2025-12-14;18;397
25;2025-12-14;19;292
25;2025-12-14;20;216
25;2025-12-14;21;162
25;2025-12-14;22;96
25;2025-12-14;23;39
25;2025-12-15;0;4
25;2025-12-15;1;0
25;2025-12-15;2;0
25;2025-12-15;3;0
25;2025-12-15;4;0
25;2025-12-15;5;13
25;2025-12-15;6;232
25;2025-12-15;7;563
25;2025-12-15;8;939
25;2025-12-15;9;485
25;2025-12-15;10;368
25;2025-12-15;11;423
25;2025-12-15;12;429
25;2025-12-15;13;521
25;2025-12-15;14;465
25;2025-12-15;15;560
25;2025-12-15;16;714
25;2025-12-15;17;801
25;2025-12-15;18;810
25;2025-12-15;19;560
25;2025-12-15;20;314
25;2025-12-15;21;207
25;2025-12-15;22;104
25;2025-12-15;23;9
25;2025-12-16;0;4
25;2025-12-16;1;0
25;2025-12-16;2;0
25;2025-12-16;3;0
25;2025-12-16;4;0
25;2025-12-16;5;13
25;2025-12-16;6;235
25;2025-12-16;7;571
25;2025-12-16;8;952
25;2025-12-16;9;492
25;2025-12-16;10;374
25;2025-12-16;11;429
25;2025-12-16;12;435
25;2025-12-16;13;529
25;2025-12-16;14;472
25;2025-12-16;15;568
25;2025-12-16;16;724
25;2025-12-16;17;812
25;2025-12-16;18;822
25;2025-12-16;19;568
25;2025-12-16;20;319
25;2025-12-16;21;210
25;2025-12-16;22;105
25;2025-12-16;23;9
25;2025-12-17;0;4
25;2025-12-17;1;0
25;2025-12-17;2;0
25;2025-12-17;3;0
25;2025-12-17;4;0
25;2025-12-17;5;14
25;2025-12-17;6;244
25;2025-12-17;7;594
25;2025-12-17;8;990
25;2025-12-17;9;511
25;2025-12-17;10;389
25;2025-12-17;11;446
25;2025-12-17;12;453
25;2025-12-17;13;550
25;2025-12-17;14;491
25;2025-12-17;15;590
25;2025-12-17;16;753
25;2025-12-17;17;845
25;2025-12-17;18;855
25;2025-12-17;19;591
25;2025-12-17;20;331
25;2025-12-17;21;219
25;2025-12-17;22;109
25;2025-12-17;23;9
25;2025-12-18;0;4
25;2025-12-18;1;0
25;2025-12-18;2;0
25;2025-12-18;3;0
25;2025-12-18;4;0
25;2025-12-18;5;13
25;2025-12-18;6;234
25;2025-12-18;7;569
25;2025-12-18;8;949
25;2025-12-18;9;490
25;2025-12-18;10;373
25;2025-12-18;11;427
25;2025-12-18;12;434
25;2025-12-18;13;527
25;2025-12-18;14;471
25;2025-12-18;15;566
25;2025-12-18;16;722
25;2025-12-18;17;810
25;2025-12-18;18;820
25;2025-12-18;19;567
25;2025-12-18;20;318
25;2025-12-18;21;210
25;2025-12-18;22;105
25;2025-12-18;23;9
25;2025-12-19;0;0
25;2025-12-19;1;0
25;2025-12-19;2;0
25;2025-12-19;3;0
25;2025-12-19;4;0
25;2025-12-19;5;10
25;2025-12-19;6;236
25;2025-12-19;7;582
25;2025-12-19;8;914
25;2025-12-19;9;452
25;2025-12-19;10;395
25;2025-12-19;11;429
25;2025-12-19;12;442
25;2025-12-19;13;539
25;2025-12-19;14;492
25;2025-12-19;15;652
25;2025-12-19;16;836
25;2025-12-19;17;827
25;2025-12-19;18;705
25;2025-12-19;19;569
25;2025-12-19;20;337
25;2025-12-19;21;213
25;2025-12-19;22;126
25;2025-12-19;23;15
25;2025-12-20;0;6
25;2025-12-20;1;0
25;2025-12-20;2;0
25;2025-12-20;3;0
25;2025-12-20;4;0
25;2025-12-20;5;12
25;2025-12-20;6;102
25;2025-12-20;7;137
25;2025-12-20;8;304
25;2025-12-20;9;279
25;2025-12-20;10;297
25;2025-12-20;11;375
25;2025-12-20;12;416
25;2025-12-20;13;605
25;2025-12-20;14;608
25;2025-12-20;15;717
25;2025-12-20;16;656
25;2025-12-20;17;548
25;2025-12-20;18;479
25;2025-12-20;19;415
25;2025-12-20;20;248
25;2025-12-20;21;202
25;2025-12-20;22;123
25;2025-12-20;23;54
25;2025-12-21;0;18
25;2025-12-21;1;0
25;2025-12-21;2;0
25;2025-12-21;3;0
25;2025-12-21;4;0
25;2025-12-21;5;6
25;2025-12-21;6;81
25;2025-12-21;7;99
25;2025-12-21;8;189
25;2025-12-21;9;212
25;2025-12-21;10;214
25;2025-12-21;11;302
25;2025-12-21;12;373
25;2025-12-21;13;455
25;2025-12-21;14;515
25;2025-12-21;15;591
25;2025-12-21;16;511
25;2025-12-21;17;484
25;2025-12-21;18;394
25;2025-12-21;19;290
25;2025-12-21;20;214
25;2025-12-21;21;161
25;2025-12-21;22;95
25;2025-12-21;23;38
25;2025-12-22;0;4
25;2025-12-22;1;0
25;2025-12-22;2;0
25;2025-12-22;3;0
25;2025-12-22;4;0
25;2025-12-22;5;13
25;2025-12-22;6;232
25;2025-12-22;7;563
25;2025-12-22;8;939
25;2025-12-22;9;485
25;2025-12-22;10;368
25;2025-12-22;11;423
25;2025-12-22;12;429
25;2025-12-22;13;521
25;2025-12-22;14;465
25;2025-12-22;15;560
25;2025-12-22;16;714
25;2025-12-22;17;801
25;2025-12-22;18;810
25;2025-12-22;19;560
25;2025-12-22;20;314
25;2025-12-22;21;207
25;2025-12-22;22;104
25;2025-12-22;23;9
25;2025-12-23;0;4
25;2025-12-23;1;0
25;2025-12-23;2;0
25;2025-12-23;3;0
25;2025-12-23;4;0
25;2025-12-23;5;13
25;2025-12-23;6;235
25;2025-12-23;7;571
25;2025-12-23;8;952
25;2025-12-23;9;492
25;2025-12-23;10;374
25;2025-12-23;11;429
25;2025-12-23;12;435
25;2025-12-23;13;529
25;2025-12-23;14;472
25;2025-12-23;15;568
25;2025-12-23;16;724
25;2025-12-23;17;812
25;2025-12-23;18;822
25;2025-12-23;19;568
25;2025-12-23;20;319
25;2025-12-23;21;210
25;2025-12-23;22;105
25;2025-12-23;23;9
25;2025-12-24;0;4
25;2025-12-24;1;0
25;2025-12-24;2;0
25;2025-12-24;3;0
25;2025-12-24;4;0
25;2025-12-24;5;14
25;2025-12-24;6;244
25;2025-12-24;7;594
25;2025-12-24;8;990
25;2025-12-24;9;511
25;2025-12-24;10;389
25;2025-12-24;11;446
25;2025-12-24;12;453
25;2025-12-24;13;550
25;2025-12-24;14;491
25;2025-12-24;15;590
25;2025-12-24;16;753
25;2025-12-24;17;845
25;2025-12-24;18;855
25;2025-12-24;19;591
25;2025-12-24;20;331
25;2025-12-24;21;219
25;2025-12-24;22;109
25;2025-12-24;23;9
25;2025-12-25;0;4
25;2025-12-25;1;0
25;2025-12-25;2;0
25;2025-12-25;3;0
25;2025-12-25;4;0
25;2025-12-25;5;13
25;2025-12-25;6;234
25;2025-12-25;7;569
25;2025-12-25;8;949
25;2025-12-25;9;490
25;2025-12-25;10;373
25;2025-12-25;11;427
25;2025-12-25;12;434
25;2025-12-25;13;527
25;2025-12-25;14;471
25;2025-12-25;15;566
25;2025-12-25;16;722
25;2025-12-25;17;810
25;2025-12-25;18;820
25;2025-12-25;19;567
25;2025-12-25;20;318
25;2025-12-25;21;210
25;2025-12-25;22;105
25;2025-12-25;23;9
25;2025-12-26;0;0
25;2025-12-26;1;0
25;2025-12-26;2;0
25;2025-12-26;3;0
25;2025-12-26;4;0
25;2025-12-26;5;10
25;2025-12-26;6;243
25;2025-12-26;7;600
25;2025-12-26;8;942
25;2025-12-26;9;465
25;2025-12-26;10;406
25;2025-12-26;11;442
25;2025-12-26;12;455
25;2025-12-26;13;555
25;2025-12-26;14;507
25;2025-12-26;15;672
25;2025-12-26;16;861
25;2025-12-26;17;852
25;2025-12-26;18;726
25;2025-12-26;19;586
25;2025-12-26;20;347
25;2025-12-26;21;219
25;2025-12-26;22;130
25;2025-12-26;23;16
25;2025-12-27;0;6
25;2025-12-27;1;0
25;2025-12-27;2;0
25;2025-12-27;3;0
25;2025-12-27;4;0
25;2025-12-27;5;12
25;2025-12-27;6;101
25;2025-12-27;7;136
25;2025-12-27;8;301
25;2025-12-27;9;276
25;2025-12-27;10;295
25;2025-12-27;11;371
25;2025-12-27;12;412
25;2025-12-27;13;599
25;2025-12-27;14;602
25;2025-12-27;15;710
25;2025-12-27;16;650
25;2025-12-27;17;543
25;2025-12-27;18;474
25;2025-12-27;19;411
25;2025-12-27;20;246
25;2025-12-27;21;200
25;2025-12-27;22;122
25;2025-12-27;23;53
25;2025-12-28;0;18
25;2025-12-28;1;0
25;2025-12-28;2;0
25;2025-12-28;3;0
25;2025-12-28;4;0
25;2025-12-28;5;6
25;2025-12-28;6;81
25;2025-12-28;7;98
25;2025-12-28;8;187
25;2025-12-28;9;210
25;2025-12-28;10;212
25;2025-12-28;11;299
25;2025-12-28;12;370
25;2025-12-28;13;451
25;2025-12-28;14;510
25;2025-12-28;15;585
25;2025-12-28;16;506
25;2025-12-28;17;480
25;2025-12-28;18;390
25;2025-12-28;19;287
25;2025-12-28;20;212
25;2025-12-28;21;159
25;2025-12-28;22;94
25;2025-12-28;23;38
25;2025-12-29;0;3
25;2025-12-29;1;0
25;2025-12-29;2;0
25;2025-12-29;3;0
25;2025-12-29;4;0
25;2025-12-29;5;12
25;2025-12-29;6;217
25;2025-12-29;7;526
25;2025-12-29;8;878
25;2025-12-29;9;453
25;2025-12-29;10;344
25;2025-12-29;11;395
25;2025-12-29;12;401
25;2025-12-29;13;487
25;2025-12-29;14;435
25;2025-12-29;15;523
25;2025-12-29;16;667
25;2025-12-29;17;749
25;2025-12-29;18;758
25;2025-12-29;19;524
25;2025-12-29;20;294
25;2025-12-29;21;194
25;2025-12-29;22;97
25;2025-12-29;23;8
25;2025-12-30;0;3
25;2025-12-30;1;0
25;2025-12-30;2;0
25;2025-12-30;3;0
25;2025-12-30;4;0
25;2025-12-30;5;13
25;2025-12-30;6;220
25;2025-12-30;7;534
25;2025-12-30;8;890
25;2025-12-30;9;460
25;2025-12-30;10;350
25;2025-12-30;11;401
25;2025-12-30;12;407
25;2025-12-30;13;495
25;2025-12-30;14;442
25;2025-12-30;15;531
25;2025-12-30;16;677
25;2025-12-30;17;760
25;2025-12-30;18;769
25;2025-12-30;19;532
25;2025-12-30;20;298
25;2025-12-30;21;197
25;2025-12-30;22;98
25;2025-12-30;23;8
25;2025-12-31;0;17
25;2025-12-31;1;0
25;2025-12-31;2;0
25;2025-12-31;3;0
25;2025-12-31;4;0
25;2025-12-31;5;6
25;2025-12-31;6;78
25;2025-12-31;7;96
25;2025-12-31;8;182
25;2025-12-31;9;204
25;2025-12-31;10;207
25;2025-12-31;11;291
25;2025-12-31;12;360
25;2025-12-31;13;439
25;2025-12-31;14;497
25;2025-12-31;15;570
25;2025-12-31;16;493
25;2025-12-31;17;467
25;2025-12-31;18;190
25;2025-12-31;19;140
25;2025-12-31;20;103
25;2025-12-31;21;77
25;2025-12-31;22;46
25;2025-12-31;23;18
26;2025-11-01;0;28
26;2025-11-01;1;1
26;2025-11-01;2;0
26;2025-11-01;3;0
26;2025-11-01;4;1
26;2025-11-01;5;80
26;2025-11-01;6;456
26;2025-11-01;7;940
26;2025-11-01;8;1933
26;2025-11-01;9;1292
26;2025-11-01;10;1115
26;2025-11-01;11;1007
26;2025-11-01;12;1039
26;2025-11-01;13;1076
26;2025-11-01;14;1187
26;2025-11-01;15;1293
26;2025-11-01;16;1516
26;2025-11-01;17;1599
26;2025-11-01;18;1254
26;2025-11-01;19;971
26;2025-11-01;20;630
26;2025-11-01;21;403
26;2025-11-01;22;187
26;2025-11-01;23;138
26;2025-11-02;0;49
26;2025-11-02;1;4
26;2025-11-02;2;0
26;2025-11-02;3;0
26;2025-11-02;4;2
26;2025-11-02;5;25
26;2025-11-02;6;156
26;2025-11-02;7;245
26;2025-11-02;8;376
26;2025-11-02;9;516
26;2025-11-02;10;583
26;2025-11-02;11;808
26;2025-11-02;12;842
26;2025-11-02;13;897
26;2025-11-02;14;858
26;2025-11-02;15;798
26;2025-11-02;16;769
26;2025-11-02;17;793
26;2025-11-02;18;698
26;2025-11-02;19;522
26;2025-11-02;20;392
26;2025-11-02;21;273
26;2025-11-02;22;173
26;2025-11-02;23;107
26;2025-11-03;0;48
26;2025-11-03;1;4
26;2025-11-03;2;0
26;2025-11-03;3;0
26;2025-11-03;4;2
26;2025-11-03;5;25
26;2025-11-03;6;153
26;2025-11-03;7;240
26;2025-11-03;8;368
26;2025-11-03;9;505
26;2025-11-03;10;570
26;2025-11-03;11;790
26;2025-11-03;12;823
26;2025-11-03;13;877
26;2025-11-03;14;839
26;2025-11-03;15;780
26;2025-11-03;16;752
26;2025-11-03;17;775
26;2025-11-03;18;683
26;2025-11-03;19;511
26;2025-11-03;20;384
26;2025-11-03;21;267
26;2025-11-03;22;169
26;2025-11-03;23;105
26;2025-11-04;0;48
26;2025-11-04;1;4
26;2025-11-04;2;0
26;2025-11-04;3;0
26;2025-11-04;4;2
26;2025-11-04;5;25
26;2025-11-04;6;153
26;2025-11-04;7;240
26;2025-11-04;8;368
26;2025-11-04;9;505
26;2025-11-04;10;570
26;2025-11-04;11;790
26;2025-11-04;12;823
26;2025-11-04;13;877
26;2025-11-04;14;839
26;2025-11-04;15;780
26;2025-11-04;16;752
26;2025-11-04;17;775
26;2025-11-04;18;683
26;2025-11-04;19;511
26;2025-11-04;20;384
26;2025-11-04;21;267
26;2025-11-04;22;169
26;2025-11-04;23;105
26;2025-11-05;0;33
26;2025-11-05;1;2
26;2025-11-05;2;0
26;2025-11-05;3;0
26;2025-11-05;4;2
26;2025-11-05;5;98
26;2025-11-05;6;499
26;2025-11-05;7;1138
26;2025-11-05;8;2254
26;2025-11-05;9;1522
26;2025-11-05;10;1258
26;2025-11-05;11;1135
26;2025-11-05;12;1190
26;2025-11-05;13;1228
26;2025-11-05;14;1309
26;2025-11-05;15;1408
26;2025-11-05;16;1538
26;2025-11-05;17;1780
26;2025-11-05;18;1918
26;2025-11-05;19;1283
26;2025-11-05;20;768
26;2025-11-05;21;477
26;2025-11-05;22;212
26;2025-11-05;23;122
26;2025-11-06;0;32
26;2025-11-06;1;2
26;2025-11-06;2;0
26;2025-11-06;3;0
26;2025-11-06;4;2
26;2025-11-06;5;97
26;2025-11-06;6;494
26;2025-11-06;7;1126
26;2025-11-06;8;2230
26;2025-11-06;9;1506
26;2025-11-06;10;1245
26;2025-11-06;11;1123
26;2025-11-06;12;1178
26;2025-11-06;13;1215
26;2025-11-06;14;1295
26;2025-11-06;15;1393
26;2025-11-06;16;1522
26;2025-11-06;17;1762
26;2025-11-06;18;1898
26;2025-11-06;19;1269
26;2025-11-06;20;760
26;2025-11-06;21;472
26;2025-11-06;22;210
26;2025-11-06;23;121
26;2025-11-07;0;31
26;2025-11-07;1;1
26;2025-11-07;2;0
26;2025-11-07;3;0
26;2025-11-07;4;1
26;2025-11-07;5;88
26;2025-11-07;6;501
26;2025-11-07;7;1033
26;2025-11-07;8;2124
26;2025-11-07;9;1419
26;2025-11-07;10;1225
26;2025-11-07;11;1107
26;2025-11-07;12;1142
26;2025-11-07;13;1182
26;2025-11-07;14;1304
26;2025-11-07;15;1421
26;2025-11-07;16;1666
26;2025-11-07;17;1757
26;2025-11-07;18;1378
26;2025-11-07;19;1067
26;2025-11-07;20;693
26;2025-11-07;21;443
26;2025-11-07;22;206
26;2025-11-07;23;151
26;2025-11-08;0;49
26;2025-11-08;1;3
26;2025-11-08;2;0
26;2025-11-08;3;0
26;2025-11-08;4;2
26;2025-11-08;5;48
26;2025-11-08;6;252
26;2025-11-08;7;369
26;2025-11-08;8;599
26;2025-11-08;9;693
26;2025-11-08;10;823
26;2025-11-08;11;1018
26;2025-11-08;12;1095
26;2025-11-08;13;1075
26;2025-11-08;14;1112
26;2025-11-08;15;1008
26;2025-11-08;16;1035
26;2025-11-08;17;961
26;2025-11-08;18;897
26;2025-11-08;19;769
26;2025-11-08;20;545
26;2025-11-08;21;360
26;2025-11-08;22;213
26;2025-11-08;23;153
26;2025-11-09;0;49
26;2025-11-09;1;4
26;2025-11-09;2;0
26;2025-11-09;3;0
26;2025-11-09;4;2
26;2025-11-09;5;25
26;2025-11-09;6;156
26;2025-11-09;7;246
26;2025-11-09;8;377
26;2025-11-09;9;517
26;2025-11-09;10;584
26;2025-11-09;11;809
26;2025-11-09;12;843
26;2025-11-09;13;898
26;2025-11-09;14;859
26;2025-11-09;15;799
26;2025-11-09;16;770
26;2025-11-09;17;794
26;2025-11-09;18;699
26;2025-11-09;19;523
26;2025-11-09;20;393
26;2025-11-09;21;273
26;2025-11-09;22;173
26;2025-11-09;23;107
26;2025-11-10;0;32
26;2025-11-10;1;2
26;2025-11-10;2;0
26;2025-11-10;3;0
26;2025-11-10;4;2
26;2025-11-10;5;95
26;2025-11-10;6;482
26;2025-11-10;7;1098
26;2025-11-10;8;2176
26;2025-11-10;9;1469
26;2025-11-10;10;1214
26;2025-11-10;11;1096
26;2025-11-10;12;1149
26;2025-11-10;13;1186
26;2025-11-10;14;1264
26;2025-11-10;15;1359
26;2025-11-10;16;1485
26;2025-11-10;17;1718
26;2025-11-10;18;1852
26;2025-11-10;19;1238
26;2025-11-10;20;741
26;2025-11-10;21;461
26;2025-11-10;22;205
26;2025-11-10;23;118
26;2025-11-11;0;33
26;2025-11-11;1;2
26;2025-11-11;2;0
26;2025-11-11;3;0
26;2025-11-11;4;2
26;2025-11-11;5;98
26;2025-11-11;6;495
26;2025-11-11;7;1129
26;2025-11-11;8;2238
26;2025-11-11;9;1511
26;2025-11-11;10;1249
26;2025-11-11;11;1127
26;2025-11-11;12;1182
26;2025-11-11;13;1220
26;2025-11-11;14;1300
26;2025-11-11;15;1398
26;2025-11-11;16;1527
26;2025-11-11;17;1767
26;2025-11-11;18;1904
26;2025-11-11;19;1273
26;2025-11-11;20;762
26;2025-11-11;21;474
26;2025-11-11;22;211
26;2025-11-11;23;121
26;2025-11-12;0;33
26;2025-11-12;1;2
26;2025-11-12;2;0
26;2025-11-12;3;0
26;2025-11-12;4;2
26;2025-11-12;5;98
26;2025-11-12;6;499
26;2025-11-12;7;1138
26;2025-11-12;8;2256
26;2025-11-12;9;1523
26;2025-11-12;10;1259
26;2025-11-12;11;1136
26;2025-11-12;12;1191
26;2025-11-12;13;1229
26;2025-11-12;14;1310
26;2025-11-12;15;1409
26;2025-11-12;16;1539
26;2025-11-12;17;1782
26;2025-11-12;18;1919
26;2025-11-12;19;1283
26;2025-11-12;20;768
26;2025-11-12;21;477
26;2025-11-12;22;213
26;2025-11-12;23;122
26;2025-11-13;0;33
26;2025-11-13;1;2
26;2025-11-13;2;0
26;2025-11-13;3;0
26;2025-11-13;4;2
26;2025-11-13;5;97
26;2025-11-13;6;494
26;2025-11-13;7;1126
26;2025-11-13;8;2232
26;2025-11-13;9;1507
26;2025-11-13;10;1246
26;2025-11-13;11;1124
26;2025-11-13;12;1178
26;2025-11-13;13;1216
26;2025-11-13;14;1296
26;2025-11-13;15;1394
26;2025-11-13;16;1523
26;2025-11-13;17;1763
26;2025-11-13;18;1899
26;2025-11-13;19;1270
26;2025-11-13;20;760
26;2025-11-13;21;472
26;2025-11-13;22;210
26;2025-11-13;23;121
26;2025-11-14;0;31
26;2025-11-14;1;1
26;2025-11-14;2;0
26;2025-11-14;3;0
26;2025-11-14;4;1
26;2025-11-14;5;88
26;2025-11-14;6;501
26;2025-11-14;7;1034
26;2025-11-14;8;2126
26;2025-11-14;9;1420
26;2025-11-14;10;1226
26;2025-11-14;11;1107
26;2025-11-14;12;1143
26;2025-11-14;13;1183
26;2025-11-14;14;1305
26;2025-11-14;15;1422
26;2025-11-14;16;1667
26;2025-11-14;17;1758
26;2025-11-14;18;1379
26;2025-11-14;19;1067
26;2025-11-14;20;693
26;2025-11-14;21;443
26;2025-11-14;22;206
26;2025-11-14;23;151
26;2025-11-15;0;49
26;2025-11-15;1;3
26;2025-11-15;2;0
26;2025-11-15;3;0
26;2025-11-15;4;2
26;2025-11-15;5;49
26;2025-11-15;6;252
26;2025-11-15;7;370
26;2025-11-15;8;599
26;2025-11-15;9;694
26;2025-11-15;10;824
26;2025-11-15;11;1019
26;2025-11-15;12;1097
26;2025-11-15;13;1076
26;2025-11-15;14;1113
26;2025-11-15;15;1010
26;2025-11-15;16;1037
26;2025-11-15;17;962
26;2025-11-15;18;898
26;2025-11-15;19;770
26;2025-11-15;20;546
26;2025-11-15;21;361
26;2025-11-15;22;213
26;2025-11-15;23;153
26;2025-11-16;0;49
26;2025-11-16;1;4
26;2025-11-16;2;0
26;2025-11-16;3;0
26;2025-11-16;4;2
26;2025-11-16;5;26
26;2025-11-16;6;156
26;2025-11-16;7;246
26;2025-11-16;8;378
26;2025-11-16;9;518
26;2025-11-16;10;585
26;2025-11-16;11;810
26;2025-11-16;12;844
26;2025-11-16;13;899
26;2025-11-16;14;860
26;2025-11-16;15;800
26;2025-11-16;16;771
26;2025-11-16;17;795
26;2025-11-16;18;700
26;2025-11-16;19;524
26;2025-11-16;20;393
26;2025-11-16;21;274
26;2025-11-16;22;173
26;2025-11-16;23;107
26;2025-11-17;0;32
26;2025-11-17;1;2
26;2025-11-17;2;0
26;2025-11-17;3;0
26;2025-11-17;4;2
26;2025-11-17;5;95
26;2025-11-17;6;482
26;2025-11-17;7;1099
26;2025-11-17;8;2177
26;2025-11-17;9;1469
26;2025-11-17;10;1215
26;2025-11-17;11;1096
26;2025-11-17;12;1149
26;2025-11-17;13;1186
26;2025-11-17;14;1264
26;2025-11-17;15;1359
26;2025-11-17;16;1485
26;2025-11-17;17;1719
26;2025-11-17;18;1852
26;2025-11-17;19;1239
26;2025-11-17;20;741
26;2025-11-17;21;461
26;2025-11-17;22;205
26;2025-11-17;23;118
26;2025-11-18;0;33
26;2025-11-18;1;2
26;2025-11-18;2;0
26;2025-11-18;3;0
26;2025-11-18;4;2
26;2025-11-18;5;98
26;2025-11-18;6;496
26;2025-11-18;7;1130
26;2025-11-18;8;2239
26;2025-11-18;9;1511
26;2025-11-18;10;1249
26;2025-11-18;11;1128
26;2025-11-18;12;1182
26;2025-11-18;13;1220
26;2025-11-18;14;1300
26;2025-11-18;15;1398
26;2025-11-18;16;1527
26;2025-11-18;17;1768
26;2025-11-18;18;1905
26;2025-11-18;19;1274
26;2025-11-18;20;762
26;2025-11-18;21;474
26;2025-11-18;22;211
26;2025-11-18;23;121
26;2025-11-19;0;33
26;2025-11-19;1;2
26;2025-11-19;2;0
26;2025-11-19;3;0
26;2025-11-19;4;2
26;2025-11-19;5;98
26;2025-11-19;6;499
26;2025-11-19;7;1139
26;2025-11-19;8;2256
26;2025-11-19;9;1523
26;2025-11-19;10;1259
26;2025-11-19;11;1136
26;2025-11-19;12;1191
26;2025-11-19;13;1229
26;2025-11-19;14;1310
26;2025-11-19;15;1409
26;2025-11-19;16;1539
26;2025-11-19;17;1782
26;2025-11-19;18;1920
26;2025-11-19;19;1284
26;2025-11-19;20;768
26;2025-11-19;21;477
26;2025-11-19;22;213
26;2025-11-19;23;122
26;2025-11-20;0;33
26;2025-11-20;1;2
26;2025-11-20;2;0
26;2025-11-20;3;0
26;2025-11-20;4;2
26;2025-11-20;5;97
26;2025-11-20;6;494
26;2025-11-20;7;1127
26;2025-11-20;8;2232
26;2025-11-20;9;1507
26;2025-11-20;10;1246
26;2025-11-20;11;1124
26;2025-11-20;12;1179
26;2025-11-20;13;1216
26;2025-11-20;14;1296
26;2025-11-20;15;1394
26;2025-11-20;16;1523
26;2025-11-20;17;1763
26;2025-11-20;18;1899
26;2025-11-20;19;1270
26;2025-11-20;20;760
26;2025-11-20;21;472
26;2025-11-20;22;210
26;2025-11-20;23;121
26;2025-11-21;0;31
26;2025-11-21;1;1
26;2025-11-21;2;0
26;2025-11-21;3;0
26;2025-11-21;4;1
26;2025-11-21;5;88
26;2025-11-21;6;501
26;2025-11-21;7;1034
26;2025-11-21;8;2126
26;2025-11-21;9;1420
26;2025-11-21;10;1226
26;2025-11-21;11;1107
26;2025-11-21;12;1143
26;2025-11-21;13;1183
26;2025-11-21;14;1305
26;2025-11-21;15;1422
26;2025-11-21;16;1667
26;2025-11-21;17;1758
26;2025-11-21;18;1379
26;2025-11-21;19;1067
26;2025-11-21;20;693
26;2025-11-21;21;443
26;2025-11-21;22;206
26;2025-11-21;23;151
26;2025-11-22;0;49
26;2025-11-22;1;3
26;2025-11-22;2;0
26;2025-11-22;3;0
26;2025-11-22;4;2
26;2025-11-22;5;49
26;2025-11-22;6;252
26;2025-11-22;7;370
26;2025-11-22;8;600
26;2025-11-22;9;695
26;2025-11-22;10;824
26;2025-11-22;11;1020
26;2025-11-22;12;1097
26;2025-11-22;13;1077
26;2025-11-22;14;1114
26;2025-11-22;15;1010
26;2025-11-22;16;1037
26;2025-11-22;17;963
26;2025-11-22;18;898
26;2025-11-22;19;771
26;2025-11-22;20;546
26;2025-11-22;21;361
26;2025-11-22;22;213
26;2025-11-22;23;153
26;2025-11-23;0;49
26;2025-11-23;1;4
26;2025-11-23;2;0
26;2025-11-23;3;0
26;2025-11-23;4;2
26;2025-11-23;5;26
26;2025-11-23;6;157
26;2025-11-23;7;246
26;2025-11-23;8;378
26;2025-11-23;9;518
26;2025-11-23;10;585
26;2025-11-23;11;810
26;2025-11-23;12;845
26;2025-11-23;13;900
26;2025-11-23;14;861
26;2025-11-23;15;801
26;2025-11-23;16;772
26;2025-11-23;17;795
26;2025-11-23;18;701
26;2025-11-23;19;524
26;2025-11-23;20;394
26;2025-11-23;21;274
26;2025-11-23;22;174
26;2025-11-23;23;108
26;2025-11-24;0;32
26;2025-11-24;1;2
26;2025-11-24;2;0
26;2025-11-24;3;0
26;2025-11-24;4;2
26;2025-11-24;5;95
26;2025-11-24;6;482
26;2025-11-24;7;1099
26;2025-11-24;8;2177
26;2025-11-24;9;1469
26;2025-11-24;10;1215
26;2025-11-24;11;1096
26;2025-11-24;12;1149
26;2025-11-24;13;1186
26;2025-11-24;14;1264
26;2025-11-24;15;1359
26;2025-11-24;16;1485
26;2025-11-24;17;1719
26;2025-11-24;18;1852
26;2025-11-24;19;1239
26;2025-11-24;20;741
26;2025-11-24;21;461
26;2025-11-24;22;205
26;2025-11-24;23;118
26;2025-11-25;0;33
26;2025-11-25;1;2
26;2025-11-25;2;0
26;2025-11-25;3;0
26;2025-11-25;4;2
26;2025-11-25;5;98
26;2025-11-25;6;496
26;2025-11-25;7;1130
26;2025-11-25;8;2239
26;2025-11-25;9;1511
26;2025-11-25;10;1249
26;2025-11-25;11;1128
26;2025-11-25;12;1182
26;2025-11-25;13;1220
26;2025-11-25;14;1300
26;2025-11-25;15;1398
26;2025-11-25;16;1527
26;2025-11-25;17;1768
26;2025-11-25;18;1905
26;2025-11-25;19;1274
26;2025-11-25;20;762
26;2025-11-25;21;474
26;2025-11-25;22;211
26;2025-11-25;23;121
26;2025-11-26;0;33
26;2025-11-26;1;2
26;2025-11-26;2;0
26;2025-11-26;3;0
26;2025-11-26;4;2
26;2025-11-26;5;98
26;2025-11-26;6;499
26;2025-11-26;7;1139
26;2025-11-26;8;2256
26;2025-11-26;9;1523
26;2025-11-26;10;1259
26;2025-11-26;11;1136
26;2025-11-26;12;1191
26;2025-11-26;13;1229
26;2025-11-26;14;1310
26;2025-11-26;15;1409
26;2025-11-26;16;1539
26;2025-11-26;17;1782
26;2025-11-26;18;1920
26;2025-11-26;19;1284
26;2025-11-26;20;768
26;2025-11-26;21;477
26;2025-11-26;22;213
26;2025-11-26;23;122
26;2025-11-27;0;33
26;2025-11-27;1;2
26;2025-11-27;2;0
26;2025-11-27;3;0
26;2025-11-27;4;2
26;2025-11-27;5;97
26;2025-11-27;6;494
26;2025-11-27;7;1127
26;2025-11-27;8;2232
26;2025-11-27;9;1507
26;2025-11-27;10;1246
26;2025-11-27;11;1124
26;2025-11-27;12;1179
26;2025-11-27;13;1216
26;2025-11-27;14;1296
26;2025-11-27;15;1394
26;2025-11-27;16;1523
26;2025-11-27;17;1763
26;2025-11-27;18;1899
26;2025-11-27;19;1270
26;2025-11-27;20;760
26;2025-11-27;21;472
26;2025-11-27;22;210
26;2025-11-27;23;121
26;2025-11-28;0;31
26;2025-11-28;1;1
26;2025-11-28;2;0
26;2025-11-28;3;0
26;2025-11-28;4;1
26;2025-11-28;5;88
26;2025-11-28;6;501
26;2025-11-28;7;1034
26;2025-11-28;8;2126
26;2025-11-28;9;1420
26;2025-11-28;10;1226
26;2025-11-28;11;1107
26;2025-11-28;12;1143
26;2025-11-28;13;1183
26;2025-11-28;14;1305
26;2025-11-28;15;1422
26;2025-11-28;16;1667
26;2025-11-28;17;1758
26;2025-11-28;18;1379
26;2025-11-28;19;1067
26;2025-11-28;20;693
26;2025-11-28;21;443
26;2025-11-28;22;206
26;2025-11-28;23;151
26;2025-11-29;0;49
26;2025-11-29;1;3
26;2025-11-29;2;0
26;2025-11-29;3;0
26;2025-11-29;4;2
26;2025-11-29;5;49
26;2025-11-29;6;252
26;2025-11-29;7;370
26;2025-11-29;8;600
26;2025-11-29;9;695
26;2025-11-29;10;825
26;2025-11-29;11;1021
26;2025-11-29;12;1098
26;2025-11-29;13;1078
26;2025-11-29;14;1115
26;2025-11-29;15;1011
26;2025-11-29;16;1038
26;2025-11-29;17;963
26;2025-11-29;18;899
26;2025-11-29;19;771
26;2025-11-29;20;547
26;2025-11-29;21;361
26;2025-11-29;22;213
26;2025-11-29;23;153
26;2025-11-30;0;49
26;2025-11-30;1;4
26;2025-11-30;2;0
26;2025-11-30;3;0
26;2025-11-30;4;2
26;2025-11-30;5;26
26;2025-11-30;6;157
26;2025-11-30;7;247
26;2025-11-30;8;378
26;2025-11-30;9;519
26;2025-11-30;10;586
26;2025-11-30;11;811
26;2025-11-30;12;845
26;2025-11-30;13;901
26;2025-11-30;14;862
26;2025-11-30;15;801
26;2025-11-30;16;772
26;2025-11-30;17;796
26;2025-11-30;18;701
26;2025-11-30;19;525
26;2025-11-30;20;394
26;2025-11-30;21;274
26;2025-11-30;22;174
26;2025-11-30;23;108
26;2025-12-01;0;32
26;2025-12-01;1;2
26;2025-12-01;2;0
26;2025-12-01;3;0
26;2025-12-01;4;2
26;2025-12-01;5;95
26;2025-12-01;6;482
26;2025-12-01;7;1099
26;2025-12-01;8;2177
26;2025-12-01;9;1469
26;2025-12-01;10;1215
26;2025-12-01;11;1096
26;2025-12-01;12;1149
26;2025-12-01;13;1186
26;2025-12-01;14;1264
26;2025-12-01;15;1359
26;2025-12-01;16;1485
26;2025-12-01;17;1719
26;2025-12-01;18;1852
26;2025-12-01;19;1239
26;2025-12-01;20;741
26;2025-12-01;21;461
26;2025-12-01;22;205
26;2025-12-01;23;118
26;2025-12-02;0;33
26;2025-12-02;1;2
26;2025-12-02;2;0
26;2025-12-02;3;0
26;2025-12-02;4;2
26;2025-12-02;5;98
26;2025-12-02;6;496
26;2025-12-02;7;1130
26;2025-12-02;8;2239
26;2025-12-02;9;1511
26;2025-12-02;10;1249
26;2025-12-02;11;1128
26;2025-12-02;12;1182
26;2025-12-02;13;1220
26;2025-12-02;14;1300
26;2025-12-02;15;1398
26;2025-12-02;16;1527
26;2025-12-02;17;1768
26;2025-12-02;18;1905
26;2025-12-02;19;1274
26;2025-12-02;20;762
26;2025-12-02;21;474
26;2025-12-02;22;211
26;2025-12-02;23;121
26;2025-12-03;0;33
26;2025-12-03;1;2
26;2025-12-03;2;0
26;2025-12-03;3;0
26;2025-12-03;4;2
26;2025-12-03;5;98
26;2025-12-03;6;499
26;2025-12-03;7;1139
26;2025-12-03;8;2256
26;2025-12-03;9;1523
26;2025-12-03;10;1259
26;2025-12-03;11;1136
26;2025-12-03;12;1191
26;2025-12-03;13;1229
26;2025-12-03;14;1310
26;2025-12-03;15;1409
26;2025-12-03;16;1539
26;2025-12-03;17;1782
26;2025-12-03;18;1920
26;2025-12-03;19;1284
26;2025-12-03;20;768
26;2025-12-03;21;477
26;2025-12-03;22;213
26;2025-12-03;23;122
26;2025-12-04;0;33
26;2025-12-04;1;2
26;2025-12-04;2;0
26;2025-12-04;3;0
26;2025-12-04;4;2
26;2025-12-04;5;97
26;2025-12-04;6;494
26;2025-12-04;7;1127
26;2025-12-04;8;2232
26;2025-12-04;9;1507
26;2025-12-04;10;1246
26;2025-12-04;11;1124
26;2025-12-04;12;1179
26;2025-12-04;13;1216
26;2025-12-04;14;1296
26;2025-12-04;15;1394
26;2025-12-04;16;1523
26;2025-12-04;17;1763
26;2025-12-04;18;1899
26;2025-12-04;19;1270
26;2025-12-04;20;760
26;2025-12-04;21;472
26;2025-12-04;22;210
26;2025-12-04;23;121
26;2025-12-05;0;31
26;2025-12-05;1;1
26;2025-12-05;2;0
26;2025-12-05;3;0
26;2025-12-05;4;1
26;2025-12-05;5;88
26;2025-12-05;6;501
26;2025-12-05;7;1034
26;2025-12-05;8;2126
26;2025-12-05;9;1420
26;2025-12-05;10;1226
26;2025-12-05;11;1107
26;2025-12-05;12;1143
26;2025-12-05;13;1183
26;2025-12-05;14;1305
26;2025-12-05;15;1422
26;2025-12-05;16;1667
26;2025-12-05;17;1758
26;2025-12-05;18;1379
26;2025-12-05;19;1067
26;2025-12-05;20;693
26;2025-12-05;21;443
26;2025-12-05;22;206
26;2025-12-05;23;151
26;2025-12-06;0;49
26;2025-12-06;1;3
26;2025-12-06;2;0
26;2025-12-06;3;0
26;2025-12-06;4;2
26;2025-12-06;5;49
26;2025-12-06;6;252
26;2025-12-06;7;370
26;2025-12-06;8;601
26;2025-12-06;9;696
26;2025-12-06;10;826
26;2025-12-06;11;1022
26;2025-12-06;12;1099
26;2025-12-06;13;1079
26;2025-12-06;14;1116
26;2025-12-06;15;1012
26;2025-12-06;16;1039
26;2025-12-06;17;964
26;2025-12-06;18;900
26;2025-12-06;19;772
26;2025-12-06;20;547
26;2025-12-06;21;362
26;2025-12-06;22;213
26;2025-12-06;23;153
26;2025-12-07;0;49
26;2025-12-07;1;4
26;2025-12-07;2;0
26;2025-12-07;3;0
26;2025-12-07;4;2
26;2025-12-07;5;26
26;2025-12-07;6;157
26;2025-12-07;7;247
26;2025-12-07;8;378
26;2025-12-07;9;519
26;2025-12-07;10;586
26;2025-12-07;11;812
26;2025-12-07;12;846
26;2025-12-07;13;901
26;2025-12-07;14;862
26;2025-12-07;15;802
26;2025-12-07;16;773
26;2025-12-07;17;797
26;2025-12-07;18;702
26;2025-12-07;19;525
26;2025-12-07;20;394
26;2025-12-07;21;274
26;2025-12-07;22;174
26;2025-12-07;23;108
26;2025-12-08;0;32
26;2025-12-08;1;2
26;2025-12-08;2;0
26;2025-12-08;3;0
26;2025-12-08;4;2
26;2025-12-08;5;95
26;2025-12-08;6;482
26;2025-12-08;7;1099
26;2025-12-08;8;2177
26;2025-12-08;9;1469
26;2025-12-08;10;1215
26;2025-12-08;11;1096
26;2025-12-08;12;1149
26;2025-12-08;13;1186
26;2025-12-08;14;1264
26;2025-12-08;15;1359
26;2025-12-08;16;1485
26;2025-12-08;17;1719
26;2025-12-08;18;1852
26;2025-12-08;19;1239
26;2025-12-08;20;741
26;2025-12-08;21;461
26;2025-12-08;22;205
26;2025-12-08;23;118
26;2025-12-09;0;33
26;2025-12-09;1;2
26;2025-12-09;2;0
26;2025-12-09;3;0
26;2025-12-09;4;2
26;2025-12-09;5;98
26;2025-12-09;6;496
26;2025-12-09;7;1130
26;2025-12-09;8;2239
26;2025-12-09;9;1511
26;2025-12-09;10;1249
26;2025-12-09;11;1128
26;2025-12-09;12;1182
26;2025-12-09;13;1220
26;2025-12-09;14;1300
26;2025-12-09;15;1398
26;2025-12-09;16;1527
26;2025-12-09;17;1768
26;2025-12-09;18;1905
26;2025-12-09;19;1274
26;2025-12-09;20;762
26;2025-12-09;21;474
26;2025-12-09;22;211
26;2025-12-09;23;121
26;2025-12-10;0;33
26;2025-12-10;1;2
26;2025-12-10;2;0
26;2025-12-10;3;0
26;2025-12-10;4;2
26;2025-12-10;5;98
26;2025-12-10;6;499
26;2025-12-10;7;1139
26;2025-12-10;8;2256
26;2025-12-10;9;1523
26;2025-12-10;10;1259
26;2025-12-10;11;1136
26;2025-12-10;12;1191
26;2025-12-10;13;1229
26;2025-12-10;14;1310
26;2025-12-10;15;1409
26;2025-12-10;16;1539
26;2025-12-10;17;1782
26;2025-12-10;18;1920
26;2025-12-10;19;1284
26;2025-12-10;20;768
26;2025-12-10;21;477
26;2025-12-10;22;213
26;2025-12-10;23;122
26;2025-12-11;0;33
26;2025-12-11;1;2
26;2025-12-11;2;0
26;2025-12-11;3;0
26;2025-12-11;4;2
26;2025-12-11;5;97
26;2025-12-11;6;494
26;2025-12-11;7;1127
26;2025-12-11;8;2232
26;2025-12-11;9;1507
26;2025-12-11;10;1246
26;2025-12-11;11;1124
26;2025-12-11;12;1179
26;2025-12-11;13;1216
26;2025-12-11;14;1296
26;2025-12-11;15;1394
26;2025-12-11;16;1523
26;2025-12-11;17;1763
26;2025-12-11;18;1899
26;2025-12-11;19;1270
26;2025-12-11;20;760
26;2025-12-11;21;472
26;2025-12-11;22;210
26;2025-12-11;23;121
26;2025-12-12;0;31
26;2025-12-12;1;1
26;2025-12-12;2;0
26;2025-12-12;3;0
26;2025-12-12;4;1
26;2025-12-12;5;88
26;2025-12-12;6;501
26;2025-12-12;7;1034
26;2025-12-12;8;2126
26;2025-12-12;9;1420
26;2025-12-12;10;1226
26;2025-12-12;11;1107
26;2025-12-12;12;1143
26;2025-12-12;13;1183
26;2025-12-12;14;1305
26;2025-12-12;15;1422
26;2025-12-12;16;1667
26;2025-12-12;17;1758
26;2025-12-12;18;1379
26;2025-12-12;19;1067
26;2025-12-12;20;693
26;2025-12-12;21;443
26;2025-12-12;22;206
26;2025-12-12;23;151
26;2025-12-13;0;49
26;2025-12-13;1;3
26;2025-12-13;2;0
26;2025-12-13;3;0
26;2025-12-13;4;2
26;2025-12-13;5;49
26;2025-12-13;6;253
26;2025-12-13;7;371
26;2025-12-13;8;601
26;2025-12-13;9;696
26;2025-12-13;10;826
26;2025-12-13;11;1022
26;2025-12-13;12;1100
26;2025-12-13;13;1080
26;2025-12-13;14;1117
26;2025-12-13;15;1013
26;2025-12-13;16;1040
26;2025-12-13;17;965
26;2025-12-13;18;900
26;2025-12-13;19;773
26;2025-12-13;20;547
26;2025-12-13;21;362
26;2025-12-13;22;214
26;2025-12-13;23;153
26;2025-12-14;0;49
26;2025-12-14;1;4
26;2025-12-14;2;0
26;2025-12-14;3;0
26;2025-12-14;4;2
26;2025-12-14;5;26
26;2025-12-14;6;157
26;2025-12-14;7;247
26;2025-12-14;8;379
26;2025-12-14;9;519
26;2025-12-14;10;587
26;2025-12-14;11;812
26;2025-12-14;12;847
26;2025-12-14;13;902
26;2025-12-14;14;863
26;2025-12-14;15;803
26;2025-12-14;16;774
26;2025-12-14;17;797
26;2025-12-14;18;702
26;2025-12-14;19;526
26;2025-12-14;20;395
26;2025-12-14;21;274
26;2025-12-14;22;174
26;2025-12-14;23;108
26;2025-12-15;0;32
26;2025-12-15;1;2
26;2025-12-15;2;0
26;2025-12-15;3;0
26;2025-12-15;4;2
26;2025-12-15;5;95
26;2025-12-15;6;482
26;2025-12-15;7;1099
26;2025-12-15;8;2177
26;2025-12-15;9;1469
26;2025-12-15;10;1215
26;2025-12-15;11;1096
26;2025-12-15;12;1149
26;2025-12-15;13;1186
26;2025-12-15;14;1264
26;2025-12-15;15;1359
26;2025-12-15;16;1485
26;2025-12-15;17;1719
26;2025-12-15;18;1852
26;2025-12-15;19;1239
26;2025-12-15;20;741
26;2025-12-15;21;461
26;2025-12-15;22;205
26;2025-12-15;23;118
26;2025-12-16;0;33
26;2025-12-16;1;2
26;2025-12-16;2;0
26;2025-12-16;3;0
26;2025-12-16;4;2
26;2025-12-16;5;98
26;2025-12-16;6;496
26;2025-12-16;7;1130
26;2025-12-16;8;2239
26;2025-12-16;9;1511
26;2025-12-16;10;1249
26;2025-12-16;11;1128
26;2025-12-16;12;1182
26;2025-12-16;13;1220
26;2025-12-16;14;1300
26;2025-12-16;15;1398
26;2025-12-16;16;1527
26;2025-12-16;17;1768
26;2025-12-16;18;1905
26;2025-12-16;19;1274
26;2025-12-16;20;762
26;2025-12-16;21;474
26;2025-12-16;22;211
26;2025-12-16;23;121
26;2025-12-17;0;33
26;2025-12-17;1;2
26;2025-12-17;2;0
26;2025-12-17;3;0
26;2025-12-17;4;2
26;2025-12-17;5;98
26;2025-12-17;6;499
26;2025-12-17;7;1139
26;2025-12-17;8;2256
26;2025-12-17;9;1523
26;2025-12-17;10;1259
26;2025-12-17;11;1136
26;2025-12-17;12;1191
26;2025-12-17;13;1229
26;2025-12-17;14;1310
26;2025-12-17;15;1409
26;2025-12-17;16;1539
26;2025-12-17;17;1782
26;2025-12-17;18;1920
26;2025-12-17;19;1284
26;2025-12-17;20;768
26;2025-12-17;21;477
26;2025-12-17;22;213
26;2025-12-17;23;122
26;2025-12-18;0;33
26;2025-12-18;1;2
26;2025-12-18;2;0
26;2025-12-18;3;0
26;2025-12-18;4;2
26;2025-12-18;5;97
26;2025-12-18;6;494
26;2025-12-18;7;1127
26;2025-12-18;8;2232
26;2025-12-18;9;1507
26;2025-12-18;10;1246
26;2025-12-18;11;1124
26;2025-12-18;12;1179
26;2025-12-18;13;1216
26;2025-12-18;14;1296
26;2025-12-18;15;1394
26;2025-12-18;16;1523
26;2025-12-18;17;1763
26;2025-12-18;18;1899
26;2025-12-18;19;1270
26;2025-12-18;20;760
26;2025-12-18;21;472
26;2025-12-18;22;210
26;2025-12-18;23;121
26;2025-12-19;0;31
26;2025-12-19;1;1
26;2025-12-19;2;0
26;2025-12-19;3;0
26;2025-12-19;4;1
26;2025-12-19;5;88
26;2025-12-19;6;501
26;2025-12-19;7;1034
26;2025-12-19;8;2126
26;2025-12-19;9;1420
26;2025-12-19;10;1226
26;2025-12-19;11;1107
26;2025-12-19;12;1143
26;2025-12-19;13;1183
26;2025-12-19;14;1305
26;2025-12-19;15;1422
26;2025-12-19;16;1667
26;2025-12-19;17;1758
26;2025-12-19;18;1379
26;2025-12-19;19;1067
26;2025-12-19;20;693
26;2025-12-19;21;443
26;2025-12-19;22;206
26;2025-12-19;23;151
26;2025-12-20;0;49
26;2025-12-20;1;3
26;2025-12-20;2;0
26;2025-12-20;3;0
26;2025-12-20;4;2
26;2025-12-20;5;49
26;2025-12-20;6;253
26;2025-12-20;7;371
26;2025-12-20;8;602
26;2025-12-20;9;697
26;2025-12-20;10;827
26;2025-12-20;11;1023
26;2025-12-20;12;1101
26;2025-12-20;13;1080
26;2025-12-20;14;1118
26;2025-12-20;15;1014
26;2025-12-20;16;1041
26;2025-12-20;17;966
26;2025-12-20;18;901
26;2025-12-20;19;773
26;2025-12-20;20;548
26;2025-12-20;21;362
26;2025-12-20;22;214
26;2025-12-20;23;153
26;2025-12-21;0;49
26;2025-12-21;1;4
26;2025-12-21;2;0
26;2025-12-21;3;0
26;2025-12-21;4;2
26;2025-12-21;5;26
26;2025-12-21;6;157
26;2025-12-21;7;247
26;2025-12-21;8;379
26;2025-12-21;9;520
26;2025-12-21;10;587
26;2025-12-21;11;813
26;2025-12-21;12;847
26;2025-12-21;13;903
26;2025-12-21;14;864
26;2025-12-21;15;803
26;2025-12-21;16;774
26;2025-12-21;17;798
26;2025-12-21;18;703
26;2025-12-21;19;526
26;2025-12-21;20;395
26;2025-12-21;21;275
26;2025-12-21;22;174
26;2025-12-21;23;108
26;2025-12-22;0;32
26;2025-12-22;1;2
26;2025-12-22;2;0
26;2025-12-22;3;0
26;2025-12-22;4;2
26;2025-12-22;5;95
26;2025-12-22;6;482
26;2025-12-22;7;1099
26;2025-12-22;8;2177
26;2025-12-22;9;1469
26;2025-12-22;10;1215
26;2025-12-22;11;1096
26;2025-12-22;12;1149
26;2025-12-22;13;1186
26;2025-12-22;14;1264
26;2025-12-22;15;1359
26;2025-12-22;16;1485
26;2025-12-22;17;1719
26;2025-12-22;18;1852
26;2025-12-22;19;1239
26;2025-12-22;20;741
26;2025-12-22;21;461
26;2025-12-22;22;205
26;2025-12-22;23;118
26;2025-12-23;0;33
26;2025-12-23;1;2
26;2025-12-23;2;0
26;2025-12-23;3;0
26;2025-12-23;4;2
26;2025-12-23;5;98
26;2025-12-23;6;496
26;2025-12-23;7;1130
26;2025-12-23;8;2239
26;2025-12-23;9;1511
26;2025-12-23;10;1249
26;2025-12-23;11;1128
26;2025-12-23;12;1182
26;2025-12-23;13;1220
26;2025-12-23;14;1300
26;2025-12-23;15;1398
26;2025-12-23;16;1527
26;2025-12-23;17;1768
26;2025-12-23;18;1905
26;2025-12-23;19;1274
26;2025-12-23;20;762
26;2025-12-23;21;474
26;2025-12-23;22;211
26;2025-12-23;23;121
26;2025-12-24;0;33
26;2025-12-24;1;2
26;2025-12-24;2;0
26;2025-12-24;3;0
26;2025-12-24;4;2
26;2025-12-24;5;98
26;2025-12-24;6;499
26;2025-12-24;7;1139
26;2025-12-24;8;2256
26;2025-12-24;9;1523
26;2025-12-24;10;1259
26;2025-12-24;11;1136
26;2025-12-24;12;1191
26;2025-12-24;13;1229
26;2025-12-24;14;1310
26;2025-12-24;15;1409
26;2025-12-24;16;1539
26;2025-12-24;17;1782
26;2025-12-24;18;1920
26;2025-12-24;19;1284
26;2025-12-24;20;768
26;2025-12-24;21;477
26;2025-12-24;22;213
26;2025-12-24;23;122
26;2025-12-25;0;33
26;2025-12-25;1;2
26;2025-12-25;2;0
26;2025-12-25;3;0
26;2025-12-25;4;2
26;2025-12-25;5;97
26;2025-12-25;6;494
26;2025-12-25;7;1127
26;2025-12-25;8;2232
26;2025-12-25;9;1507
26;2025-12-25;10;1246
26;2025-12-25;11;1124
26;2025-12-25;12;1179
26;2025-12-25;13;1216
26;2025-12-25;14;1296
26;2025-12-25;15;1394
26;2025-12-25;16;1523
26;2025-12-25;17;1763
26;2025-12-25;18;1899
26;2025-12-25;19;1270
26;2025-12-25;20;760
26;2025-12-25;21;472
26;2025-12-25;22;210
26;2025-12-25;23;121
26;2025-12-26;0;32
26;2025-12-26;1;1
26;2025-12-26;2;0
26;2025-12-26;3;0
26;2025-12-26;4;1
26;2025-12-26;5;91
26;2025-12-26;6;517
26;2025-12-26;7;1065
26;2025-12-26;8;2190
26;2025-12-26;9;1463
26;2025-12-26;10;1263
26;2025-12-26;11;1141
26;2025-12-26;12;1177
26;2025-12-26;13;1218
26;2025-12-26;14;1344
26;2025-12-26;15;1465
26;2025-12-26;16;1717
26;2025-12-26;17;1811
26;2025-12-26;18;1420
26;2025-12-26;19;1099
26;2025-12-26;20;714
26;2025-12-26;21;456
26;2025-12-26;22;212
26;2025-12-26;23;156
26;2025-12-27;0;49
26;2025-12-27;1;3
26;2025-12-27;2;0
26;2025-12-27;3;0
26;2025-12-27;4;2
26;2025-12-27;5;49
26;2025-12-27;6;253
26;2025-12-27;7;371
26;2025-12-27;8;602
26;2025-12-27;9;697
26;2025-12-27;10;828
26;2025-12-27;11;1024
26;2025-12-27;12;1102
26;2025-12-27;13;1081
26;2025-12-27;14;1119
26;2025-12-27;15;1014
26;2025-12-27;16;1041
26;2025-12-27;17;966
26;2025-12-27;18;902
26;2025-12-27;19;774
26;2025-12-27;20;548
26;2025-12-27;21;362
26;2025-12-27;22;214
26;2025-12-27;23;154
26;2025-12-28;0;49
26;2025-12-28;1;4
26;2025-12-28;2;0
26;2025-12-28;3;0
26;2025-12-28;4;2
26;2025-12-28;5;26
26;2025-12-28;6;157
26;2025-12-28;7;247
26;2025-12-28;8;379
26;2025-12-28;9;520
26;2025-12-28;10;588
26;2025-12-28;11;814
26;2025-12-28;12;848
26;2025-12-28;13;903
26;2025-12-28;14;865
26;2025-12-28;15;804
26;2025-12-28;16;775
26;2025-12-28;17;799
26;2025-12-28;18;704
26;2025-12-28;19;526
26;2025-12-28;20;395
26;2025-12-28;21;275
26;2025-12-28;22;174
26;2025-12-28;23;108
26;2025-12-29;0;30
26;2025-12-29;1;1
26;2025-12-29;2;0
26;2025-12-29;3;0
26;2025-12-29;4;2
26;2025-12-29;5;89
26;2025-12-29;6;451
26;2025-12-29;7;1027
26;2025-12-29;8;2035
26;2025-12-29;9;1374
26;2025-12-29;10;1136
26;2025-12-29;11;1025
26;2025-12-29;12;1075
26;2025-12-29;13;1109
26;2025-12-29;14;1182
26;2025-12-29;15;1271
26;2025-12-29;16;1389
26;2025-12-29;17;1607
26;2025-12-29;18;1732
26;2025-12-29;19;1158
26;2025-12-29;20;693
26;2025-12-29;21;431
26;2025-12-29;22;192
26;2025-12-29;23;110
26;2025-12-30;0;30
26;2025-12-30;1;2
26;2025-12-30;2;0
26;2025-12-30;3;0
26;2025-12-30;4;2
26;2025-12-30;5;91
26;2025-12-30;6;463
26;2025-12-30;7;1056
26;2025-12-30;8;2093
26;2025-12-30;9;1413
26;2025-12-30;10;1168
26;2025-12-30;11;1054
26;2025-12-30;12;1105
26;2025-12-30;13;1141
26;2025-12-30;14;1216
26;2025-12-30;15;1307
26;2025-12-30;16;1428
26;2025-12-30;17;1653
26;2025-12-30;18;1781
26;2025-12-30;19;1191
26;2025-12-30;20;713
26;2025-12-30;21;443
26;2025-12-30;22;197
26;2025-12-30;23;113
26;2025-12-31;0;48
26;2025-12-31;1;4
26;2025-12-31;2;0
26;2025-12-31;3;0
26;2025-12-31;4;2
26;2025-12-31;5;25
26;2025-12-31;6;154
26;2025-12-31;7;242
26;2025-12-31;8;371
26;2025-12-31;9;509
26;2025-12-31;10;575
26;2025-12-31;11;796
26;2025-12-31;12;829
26;2025-12-31;13;883
26;2025-12-31;14;845
26;2025-12-31;15;786
26;2025-12-31;16;758
26;2025-12-31;17;781
26;2025-12-31;18;344
26;2025-12-31;19;257
26;2025-12-31;20;193
26;2025-12-31;21;134
26;2025-12-31;22;85
26;2025-12-31;23;53
28;2025-11-01;0;2
28;2025-11-01;1;0
28;2025-11-01;2;0
28;2025-11-01;3;0
28;2025-11-01;4;1
28;2025-11-01;5;71
28;2025-11-01;6;248
28;2025-11-01;7;774
28;2025-11-01;8;1175
28;2025-11-01;9;775
28;2025-11-01;10;592
28;2025-11-01;11;538
28;2025-11-01;12;686
28;2025-11-01;13;687
28;2025-11-01;14;673
28;2025-11-01;15;702
28;2025-11-01;16;925
28;2025-11-01;17;927
28;2025-11-01;18;789
28;2025-11-01;19;584
28;2025-11-01;20;418
28;2025-11-01;21;286
28;2025-11-01;22;120
28;2025-11-01;23;19
28;2025-11-02;0;2
28;2025-11-02;1;0
28;2025-11-02;2;0
28;2025-11-02;3;0
28;2025-11-02;4;0
28;2025-11-02;5;29
28;2025-11-02;6;81
28;2025-11-02;7;154
28;2025-11-02;8;255
28;2025-11-02;9;340
28;2025-11-02;10;391
28;2025-11-02;11;421
28;2025-11-02;12;469
28;2025-11-02;13;554
28;2025-11-02;14;522
28;2025-11-02;15;534
28;2025-11-02;16;485
28;2025-11-02;17;510
28;2025-11-02;18;435
28;2025-11-02;19;373
28;2025-11-02;20;294
28;2025-11-02;21;231
28;2025-11-02;22;103
28;2025-11-02;23;12
28;2025-11-03;0;2
28;2025-11-03;1;0
28;2025-11-03;2;0
28;2025-11-03;3;0
28;2025-11-03;4;0
28;2025-11-03;5;29
28;2025-11-03;6;79
28;2025-11-03;7;151
28;2025-11-03;8;250
28;2025-11-03;9;332
28;2025-11-03;10;382
28;2025-11-03;11;411
28;2025-11-03;12;458
28;2025-11-03;13;542
28;2025-11-03;14;510
28;2025-11-03;15;522
28;2025-11-03;16;474
28;2025-11-03;17;499
28;2025-11-03;18;425
28;2025-11-03;19;365
28;2025-11-03;20;288
28;2025-11-03;21;226
28;2025-11-03;22;101
28;2025-11-03;23;12
28;2025-11-04;0;2
28;2025-11-04;1;0
28;2025-11-04;2;0
28;2025-11-04;3;0
28;2025-11-04;4;0
28;2025-11-04;5;29
28;2025-11-04;6;79
28;2025-11-04;7;151
28;2025-11-04;8;250
28;2025-11-04;9;333
28;2025-11-04;10;382
28;2025-11-04;11;412
28;2025-11-04;12;458
28;2025-11-04;13;542
28;2025-11-04;14;511
28;2025-11-04;15;522
28;2025-11-04;16;474
28;2025-11-04;17;499
28;2025-11-04;18;425
28;2025-11-04;19;365
28;2025-11-04;20;288
28;2025-11-04;21;226
28;2025-11-04;22;101
28;2025-11-04;23;12
28;2025-11-05;0;3
28;2025-11-05;1;1
28;2025-11-05;2;0
28;2025-11-05;3;0
28;2025-11-05;4;2
28;2025-11-05;5;83
28;2025-11-05;6;272
28;2025-11-05;7;854
28;2025-11-05;8;1340
28;2025-11-05;9;898
28;2025-11-05;10;667
28;2025-11-05;11;590
28;2025-11-05;12;729
28;2025-11-05;13;742
28;2025-11-05;14;697
28;2025-11-05;15;742
28;2025-11-05;16;935
28;2025-11-05;17;1085
28;2025-11-05;18;1058
28;2025-11-05;19;781
28;2025-11-05;20;540
28;2025-11-05;21;327
28;2025-11-05;22;131
28;2025-11-05;23;20
28;2025-11-06;0;3
28;2025-11-06;1;1
28;2025-11-06;2;0
28;2025-11-06;3;0
28;2025-11-06;4;2
28;2025-11-06;5;83
28;2025-11-06;6;274
28;2025-11-06;7;861
28;2025-11-06;8;1350
28;2025-11-06;9;905
28;2025-11-06;10;672
28;2025-11-06;11;594
28;2025-11-06;12;735
28;2025-11-06;13;747
28;2025-11-06;14;702
28;2025-11-06;15;748
28;2025-11-06;16;943
28;2025-11-06;17;1094
28;2025-11-06;18;1066
28;2025-11-06;19;787
28;2025-11-06;20;545
28;2025-11-06;21;329
28;2025-11-06;22;132
28;2025-11-06;23;20
28;2025-11-07;0;2
28;2025-11-07;1;0
28;2025-11-07;2;0
28;2025-11-07;3;0
28;2025-11-07;4;1
28;2025-11-07;5;78
28;2025-11-07;6;273
28;2025-11-07;7;853
28;2025-11-07;8;1294
28;2025-11-07;9;854
28;2025-11-07;10;652
28;2025-11-07;11;592
28;2025-11-07;12;756
28;2025-11-07;13;757
28;2025-11-07;14;741
28;2025-11-07;15;774
28;2025-11-07;16;1019
28;2025-11-07;17;1021
28;2025-11-07;18;868
28;2025-11-07;19;643
28;2025-11-07;20;461
28;2025-11-07;21;315
28;2025-11-07;22;132
28;2025-11-07;23;21
28;2025-11-08;0;2
28;2025-11-08;1;0
28;2025-11-08;2;0
28;2025-11-08;3;0
28;2025-11-08;4;1
28;2025-11-08;5;36
28;2025-11-08;6;103
28;2025-11-08;7;224
28;2025-11-08;8;379
28;2025-11-08;9;467
28;2025-11-08;10;499
28;2025-11-08;11;490
28;2025-11-08;12;592
28;2025-11-08;13;625
28;2025-11-08;14;605
28;2025-11-08;15;595
28;2025-11-08;16;611
28;2025-11-08;17;583
28;2025-11-08;18;510
28;2025-11-08;19;397
28;2025-11-08;20;293
28;2025-11-08;21;261
28;2025-11-08;22;110
28;2025-11-08;23;15
28;2025-11-09;0;2
28;2025-11-09;1;0
28;2025-11-09;2;0
28;2025-11-09;3;0
28;2025-11-09;4;0
28;2025-11-09;5;29
28;2025-11-09;6;81
28;2025-11-09;7;154
28;2025-11-09;8;256
28;2025-11-09;9;340
28;2025-11-09;10;391
28;2025-11-09;11;421
28;2025-11-09;12;469
28;2025-11-09;13;555
28;2025-11-09;14;523
28;2025-11-09;15;534
28;2025-11-09;16;486
28;2025-11-09;17;510
28;2025-11-09;18;435
28;2025-11-09;19;373
28;2025-11-09;20;295
28;2025-11-09;21;231
28;2025-11-09;22;103
28;2025-11-09;23;12
28;2025-11-10;0;3
28;2025-11-10;1;0
28;2025-11-10;2;0
28;2025-11-10;3;0
28;2025-11-10;4;2
28;2025-11-10;5;77
28;2025-11-10;6;252
28;2025-11-10;7;794
28;2025-11-10;8;1245
28;2025-11-10;9;835
28;2025-11-10;10;620
28;2025-11-10;11;548
28;2025-11-10;12;677
28;2025-11-10;13;689
28;2025-11-10;14;647
28;2025-11-10;15;690
28;2025-11-10;16;869
28;2025-11-10;17;1008
28;2025-11-10;18;983
28;2025-11-10;19;725
28;2025-11-10;20;502
28;2025-11-10;21;304
28;2025-11-10;22;122
28;2025-11-10;23;19
28;2025-11-11;0;3
28;2025-11-11;1;1
28;2025-11-11;2;0
28;2025-11-11;3;0
28;2025-11-11;4;2
28;2025-11-11;5;79
28;2025-11-11;6;261
28;2025-11-11;7;820
28;2025-11-11;8;1286
28;2025-11-11;9;862
28;2025-11-11;10;640
28;2025-11-11;11;566
28;2025-11-11;12;700
28;2025-11-11;13;712
28;2025-11-11;14;669
28;2025-11-11;15;713
28;2025-11-11;16;898
28;2025-11-11;17;1042
28;2025-11-11;18;1016
28;2025-11-11;19;749
28;2025-11-11;20;519
28;2025-11-11;21;314
28;2025-11-11;22;126
28;2025-11-11;23;19
28;2025-11-12;0;3
28;2025-11-12;1;1
28;2025-11-12;2;0
28;2025-11-12;3;0
28;2025-11-12;4;2
28;2025-11-12;5;83
28;2025-11-12;6;273
28;2025-11-12;7;857
28;2025-11-12;8;1344
28;2025-11-12;9;901
28;2025-11-12;10;669
28;2025-11-12;11;592
28;2025-11-12;12;731
28;2025-11-12;13;744
28;2025-11-12;14;699
28;2025-11-12;15;745
28;2025-11-12;16;939
28;2025-11-12;17;1089
28;2025-11-12;18;1062
28;2025-11-12;19;783
28;2025-11-12;20;542
28;2025-11-12;21;328
28;2025-11-12;22;131
28;2025-11-12;23;20
28;2025-11-13;0;3
28;2025-11-13;1;1
28;2025-11-13;2;0
28;2025-11-13;3;0
28;2025-11-13;4;2
28;2025-11-13;5;84
28;2025-11-13;6;275
28;2025-11-13;7;864
28;2025-11-13;8;1355
28;2025-11-13;9;908
28;2025-11-13;10;675
28;2025-11-13;11;596
28;2025-11-13;12;737
28;2025-11-13;13;750
28;2025-11-13;14;704
28;2025-11-13;15;751
28;2025-11-13;16;946
28;2025-11-13;17;1097
28;2025-11-13;18;1070
28;2025-11-13;19;789
28;2025-11-13;20;546
28;2025-11-13;21;330
28;2025-11-13;22;132
28;2025-11-13;23;20
28;2025-11-14;0;2
28;2025-11-14;1;0
28;2025-11-14;2;0
28;2025-11-14;3;0
28;2025-11-14;4;1
28;2025-11-14;5;78
28;2025-11-14;6;274
28;2025-11-14;7;856
28;2025-11-14;8;1298
28;2025-11-14;9;857
28;2025-11-14;10;654
28;2025-11-14;11;594
28;2025-11-14;12;758
28;2025-11-14;13;759
28;2025-11-14;14;744
28;2025-11-14;15;776
28;2025-11-14;16;1023
28;2025-11-14;17;1025
28;2025-11-14;18;871
28;2025-11-14;19;645
28;2025-11-14;20;462
28;2025-11-14;21;316
28;2025-11-14;22;132
28;2025-11-14;23;21
28;2025-11-15;0;2
28;2025-11-15;1;0
28;2025-11-15;2;0
28;2025-11-15;3;0
28;2025-11-15;4;1
28;2025-11-15;5;36
28;2025-11-15;6;103
28;2025-11-15;7;224
28;2025-11-15;8;379
28;2025-11-15;9;468
28;2025-11-15;10;499
28;2025-11-15;11;491
28;2025-11-15;12;593
28;2025-11-15;13;625
28;2025-11-15;14;606
28;2025-11-15;15;596
28;2025-11-15;16;611
28;2025-11-15;17;583
28;2025-11-15;18;510
28;2025-11-15;19;397
28;2025-11-15;20;293
28;2025-11-15;21;261
28;2025-11-15;22;110
28;2025-11-15;23;15
28;2025-11-16;0;2
28;2025-11-16;1;0
28;2025-11-16;2;0
28;2025-11-16;3;0
28;2025-11-16;4;0
28;2025-11-16;5;29
28;2025-11-16;6;81
28;2025-11-16;7;154
28;2025-11-16;8;256
28;2025-11-16;9;340
28;2025-11-16;10;391
28;2025-11-16;11;421
28;2025-11-16;12;469
28;2025-11-16;13;555
28;2025-11-16;14;523
28;2025-11-16;15;534
28;2025-11-16;16;486
28;2025-11-16;17;510
28;2025-11-16;18;435
28;2025-11-16;19;373
28;2025-11-16;20;295
28;2025-11-16;21;231
28;2025-11-16;22;103
28;2025-11-16;23;12
28;2025-11-17;0;3
28;2025-11-17;1;1
28;2025-11-17;2;0
28;2025-11-17;3;0
28;2025-11-17;4;2
28;2025-11-17;5;77
28;2025-11-17;6;253
28;2025-11-17;7;795
28;2025-11-17;8;1247
28;2025-11-17;9;836
28;2025-11-17;10;621
28;2025-11-17;11;549
28;2025-11-17;12;679
28;2025-11-17;13;690
28;2025-11-17;14;649
28;2025-11-17;15;691
28;2025-11-17;16;871
28;2025-11-17;17;1010
28;2025-11-17;18;985
28;2025-11-17;19;727
28;2025-11-17;20;503
28;2025-11-17;21;304
28;2025-11-17;22;122
28;2025-11-17;23;19
28;2025-11-18;0;3
28;2025-11-18;1;1
28;2025-11-18;2;0
28;2025-11-18;3;0
28;2025-11-18;4;2
28;2025-11-18;5;79
28;2025-11-18;6;261
28;2025-11-18;7;821
28;2025-11-18;8;1288
28;2025-11-18;9;864
28;2025-11-18;10;641
28;2025-11-18;11;567
28;2025-11-18;12;701
28;2025-11-18;13;713
28;2025-11-18;14;670
28;2025-11-18;15;714
28;2025-11-18;16;899
28;2025-11-18;17;1043
28;2025-11-18;18;1017
28;2025-11-18;19;750
28;2025-11-18;20;519
28;2025-11-18;21;314
28;2025-11-18;22;126
28;2025-11-18;23;19
28;2025-11-19;0;3
28;2025-11-19;1;1
28;2025-11-19;2;0
28;2025-11-19;3;0
28;2025-11-19;4;2
28;2025-11-19;5;83
28;2025-11-19;6;273
28;2025-11-19;7;858
28;2025-11-19;8;1345
28;2025-11-19;9;902
28;2025-11-19;10;670
28;2025-11-19;11;592
28;2025-11-19;12;732
28;2025-11-19;13;745
28;2025-11-19;14;700
28;2025-11-19;15;745
28;2025-11-19;16;939
28;2025-11-19;17;1090
28;2025-11-19;18;1063
28;2025-11-19;19;784
28;2025-11-19;20;543
28;2025-11-19;21;328
28;2025-11-19;22;131
28;2025-11-19;23;20
28;2025-11-20;0;3
28;2025-11-20;1;1
28;2025-11-20;2;0
28;2025-11-20;3;0
28;2025-11-20;4;2
28;2025-11-20;5;84
28;2025-11-20;6;275
28;2025-11-20;7;864
28;2025-11-20;8;1355
28;2025-11-20;9;909
28;2025-11-20;10;675
28;2025-11-20;11;597
28;2025-11-20;12;738
28;2025-11-20;13;750
28;2025-11-20;14;705
28;2025-11-20;15;751
28;2025-11-20;16;946
28;2025-11-20;17;1098
28;2025-11-20;18;1070
28;2025-11-20;19;790
28;2025-11-20;20;547
28;2025-11-20;21;330
28;2025-11-20;22;132
28;2025-11-20;23;20
28;2025-11-21;0;2
28;2025-11-21;1;0
28;2025-11-21;2;0
28;2025-11-21;3;0
28;2025-11-21;4;1
28;2025-11-21;5;78
28;2025-11-21;6;274
28;2025-11-21;7;856
28;2025-11-21;8;1298
28;2025-11-21;9;857
28;2025-11-21;10;654
28;2025-11-21;11;594
28;2025-11-21;12;758
28;2025-11-21;13;759
28;2025-11-21;14;744
28;2025-11-21;15;776
28;2025-11-21;16;1023
28;2025-11-21;17;1025
28;2025-11-21;18;871
28;2025-11-21;19;645
28;2025-11-21;20;462
28;2025-11-21;21;316
28;2025-11-21;22;132
28;2025-11-21;23;21
28;2025-11-22;0;2
28;2025-11-22;1;0
28;2025-11-22;2;0
28;2025-11-22;3;0
28;2025-11-22;4;1
28;2025-11-22;5;36
28;2025-11-22;6;103
28;2025-11-22;7;224
28;2025-11-22;8;378
28;2025-11-22;9;467
28;2025-11-22;10;498
28;2025-11-22;11;489
28;2025-11-22;12;591
28;2025-11-22;13;624
28;2025-11-22;14;604
28;2025-11-22;15;594
28;2025-11-22;16;610
28;2025-11-22;17;582
28;2025-11-22;18;509
28;2025-11-22;19;396
28;2025-11-22;20;292
28;2025-11-22;21;261
28;2025-11-22;22;110
28;2025-11-22;23;15
28;2025-11-23;0;2
28;2025-11-23;1;0
28;2025-11-23;2;0
28;2025-11-23;3;0
28;2025-11-23;4;0
28;2025-11-23;5;29
28;2025-11-23;6;80
28;2025-11-23;7;154
28;2025-11-23;8;255
28;2025-11-23;9;340
28;2025-11-23;10;390
28;2025-11-23;11;420
28;2025-11-23;12;468
28;2025-11-23;13;554
28;2025-11-23;14;521
28;2025-11-23;15;533
28;2025-11-23;16;485
28;2025-11-23;17;509
28;2025-11-23;18;434
28;2025-11-23;19;373
28;2025-11-23;20;294
28;2025-11-23;21;231
28;2025-11-23;22;103
28;2025-11-23;23;12
28;2025-11-24;0;3
28;2025-11-24;1;1
28;2025-11-24;2;0
28;2025-11-24;3;0
28;2025-11-24;4;2
28;2025-11-24;5;77
28;2025-11-24;6;253
28;2025-11-24;7;795
28;2025-11-24;8;1247
28;2025-11-24;9;836
28;2025-11-24;10;621
28;2025-11-24;11;549
28;2025-11-24;12;679
28;2025-11-24;13;690
28;2025-11-24;14;649
28;2025-11-24;15;691
28;2025-11-24;16;871
28;2025-11-24;17;1010
28;2025-11-24;18;985
28;2025-11-24;19;727
28;2025-11-24;20;503
28;2025-11-24;21;304
28;2025-11-24;22;122
28;2025-11-24;23;19
28;2025-11-25;0;3
28;2025-11-25;1;1
28;2025-11-25;2;0
28;2025-11-25;3;0
28;2025-11-25;4;2
28;2025-11-25;5;79
28;2025-11-25;6;261
28;2025-11-25;7;821
28;2025-11-25;8;1288
28;2025-11-25;9;864
28;2025-11-25;10;641
28;2025-11-25;11;567
28;2025-11-25;12;701
28;2025-11-25;13;713
28;2025-11-25;14;670
28;2025-11-25;15;714
28;2025-11-25;16;899
28;2025-11-25;17;1043
28;2025-11-25;18;1017
28;2025-11-25;19;750
28;2025-11-25;20;519
28;2025-11-25;21;314
28;2025-11-25;22;126
28;2025-11-25;23;19
28;2025-11-26;0;3
28;2025-11-26;1;1
28;2025-11-26;2;0
28;2025-11-26;3;0
28;2025-11-26;4;2
28;2025-11-26;5;83
28;2025-11-26;6;273
28;2025-11-26;7;858
28;2025-11-26;8;1345
28;2025-11-26;9;902
28;2025-11-26;10;670
28;2025-11-26;11;592
28;2025-11-26;12;732
28;2025-11-26;13;745
28;2025-11-26;14;700
28;2025-11-26;15;745
28;2025-11-26;16;939
28;2025-11-26;17;1090
28;2025-11-26;18;1063
28;2025-11-26;19;784
28;2025-11-26;20;543
28;2025-11-26;21;328
28;2025-11-26;22;131
28;2025-11-26;23;20
28;2025-11-27;0;3
28;2025-11-27;1;1
28;2025-11-27;2;0
28;2025-11-27;3;0
28;2025-11-27;4;2
28;2025-11-27;5;84
28;2025-11-27;6;275
28;2025-11-27;7;864
28;2025-11-27;8;1355
28;2025-11-27;9;909
28;2025-11-27;10;675
28;2025-11-27;11;597
28;2025-11-27;12;738
28;2025-11-27;13;750
28;2025-11-27;14;705
28;2025-11-27;15;751
28;2025-11-27;16;946
28;2025-11-27;17;1098
28;2025-11-27;18;1070
28;2025-11-27;19;790
28;2025-11-27;20;547
28;2025-11-27;21;330
28;2025-11-27;22;132
28;2025-11-27;23;20
28;2025-11-28;0;2
28;2025-11-28;1;0
28;2025-11-28;2;0
28;2025-11-28;3;0
28;2025-11-28;4;1
28;2025-11-28;5;78
28;2025-11-28;6;274
28;2025-11-28;7;856
28;2025-11-28;8;1298
28;2025-11-28;9;857
28;2025-11-28;10;654
28;2025-11-28;11;594
28;2025-11-28;12;758
28;2025-11-28;13;759
28;2025-11-28;14;744
28;2025-11-28;15;776
28;2025-11-28;16;1023
28;2025-11-28;17;1025
28;2025-11-28;18;871
28;2025-11-28;19;645
28;2025-11-28;20;462
28;2025-11-28;21;316
28;2025-11-28;22;132
28;2025-11-28;23;21
28;2025-11-29;0;2
28;2025-11-29;1;0
28;2025-11-29;2;0
28;2025-11-29;3;0
28;2025-11-29;4;1
28;2025-11-29;5;36
28;2025-11-29;6;103
28;2025-11-29;7;223
28;2025-11-29;8;377
28;2025-11-29;9;465
28;2025-11-29;10;497
28;2025-11-29;11;488
28;2025-11-29;12;590
28;2025-11-29;13;622
28;2025-11-29;14;603
28;2025-11-29;15;593
28;2025-11-29;16;608
28;2025-11-29;17;580
28;2025-11-29;18;508
28;2025-11-29;19;395
28;2025-11-29;20;292
28;2025-11-29;21;260
28;2025-11-29;22;109
28;2025-11-29;23;15
28;2025-11-30;0;2
28;2025-11-30;1;0
28;2025-11-30;2;0
28;2025-11-30;3;0
28;2025-11-30;4;0
28;2025-11-30;5;29
28;2025-11-30;6;80
28;2025-11-30;7;154
28;2025-11-30;8;254
28;2025-11-30;9;339
28;2025-11-30;10;389
28;2025-11-30;11;419
28;2025-11-30;12;467
28;2025-11-30;13;552
28;2025-11-30;14;520
28;2025-11-30;15;532
28;2025-11-30;16;483
28;2025-11-30;17;508
28;2025-11-30;18;433
28;2025-11-30;19;372
28;2025-11-30;20;293
28;2025-11-30;21;230
28;2025-11-30;22;103
28;2025-11-30;23;12
28;2025-12-01;0;3
28;2025-12-01;1;1
28;2025-12-01;2;0
28;2025-12-01;3;0
28;2025-12-01;4;2
28;2025-12-01;5;77
28;2025-12-01;6;253
28;2025-12-01;7;795
28;2025-12-01;8;1247
28;2025-12-01;9;836
28;2025-12-01;10;621
28;2025-12-01;11;549
28;2025-12-01;12;679
28;2025-12-01;13;690
28;2025-12-01;14;649
28;2025-12-01;15;691
28;2025-12-01;16;871
28;2025-12-01;17;1010
28;2025-12-01;18;985
28;2025-12-01;19;727
28;2025-12-01;20;503
28;2025-12-01;21;304
28;2025-12-01;22;122
28;2025-12-01;23;19
28;2025-12-02;0;3
28;2025-12-02;1;1
28;2025-12-02;2;0
28;2025-12-02;3;0
28;2025-12-02;4;2
28;2025-12-02;5;79
28;2025-12-02;6;261
28;2025-12-02;7;821
28;2025-12-02;8;1288
28;2025-12-02;9;864
28;2025-12-02;10;641
28;2025-12-02;11;567
28;2025-12-02;12;701
28;2025-12-02;13;713
28;2025-12-02;14;670
28;2025-12-02;15;714
28;2025-12-02;16;899
28;2025-12-02;17;1043
28;2025-12-02;18;1017
28;2025-12-02;19;750
28;2025-12-02;20;519
28;2025-12-02;21;314
28;2025-12-02;22;126
28;2025-12-02;23;19
28;2025-12-03;0;3
28;2025-12-03;1;1
28;2025-12-03;2;0
28;2025-12-03;3;0
28;2025-12-03;4;2
28;2025-12-03;5;83
28;2025-12-03;6;273
28;2025-12-03;7;858
28;2025-12-03;8;1345
28;2025-12-03;9;902
28;2025-12-03;10;670
28;2025-12-03;11;592
28;2025-12-03;12;732
28;2025-12-03;13;745
28;2025-12-03;14;700
28;2025-12-03;15;745
28;2025-12-03;16;939
28;2025-12-03;17;1090
28;2025-12-03;18;1063
28;2025-12-03;19;784
28;2025-12-03;20;543
28;2025-12-03;21;328
28;2025-12-03;22;131
28;2025-12-03;23;20
28;2025-12-04;0;3
28;2025-12-04;1;1
28;2025-12-04;2;0
28;2025-12-04;3;0
28;2025-12-04;4;2
28;2025-12-04;5;84
28;2025-12-04;6;275
28;2025-12-04;7;864
28;2025-12-04;8;1355
28;2025-12-04;9;909
28;2025-12-04;10;675
28;2025-12-04;11;597
28;2025-12-04;12;738
28;2025-12-04;13;750
28;2025-12-04;14;705
28;2025-12-04;15;751
28;2025-12-04;16;946
28;2025-12-04;17;1098
28;2025-12-04;18;1070
28;2025-12-04;19;790
28;2025-12-04;20;547
28;2025-12-04;21;330
28;2025-12-04;22;132
28;2025-12-04;23;20
28;2025-12-05;0;2
28;2025-12-05;1;0
28;2025-12-05;2;0
28;2025-12-05;3;0
28;2025-12-05;4;1
28;2025-12-05;5;78
28;2025-12-05;6;274
28;2025-12-05;7;856
28;2025-12-05;8;1298
28;2025-12-05;9;857
28;2025-12-05;10;654
28;2025-12-05;11;594
28;2025-12-05;12;758
28;2025-12-05;13;759
28;2025-12-05;14;744
28;2025-12-05;15;776
28;2025-12-05;16;1023
28;2025-12-05;17;1025
28;2025-12-05;18;871
28;2025-12-05;19;645
28;2025-12-05;20;462
28;2025-12-05;21;316
28;2025-12-05;22;132
28;2025-12-05;23;21
28;2025-12-06;0;2
28;2025-12-06;1;0
28;2025-12-06;2;0
28;2025-12-06;3;0
28;2025-12-06;4;1
28;2025-12-06;5;36
28;2025-12-06;6;103
28;2025-12-06;7;223
28;2025-12-06;8;376
28;2025-12-06;9;464
28;2025-12-06;10;496
28;2025-12-06;11;487
28;2025-12-06;12;588
28;2025-12-06;13;621
28;2025-12-06;14;601
28;2025-12-06;15;591
28;2025-12-06;16;607
28;2025-12-06;17;579
28;2025-12-06;18;507
28;2025-12-06;19;394
28;2025-12-06;20;291
28;2025-12-06;21;260
28;2025-12-06;22;109
28;2025-12-06;23;15
28;2025-12-07;0;2
28;2025-12-07;1;0
28;2025-12-07;2;0
28;2025-12-07;3;0
28;2025-12-07;4;0
28;2025-12-07;5;29
28;2025-12-07;6;80
28;2025-12-07;7;153
28;2025-12-07;8;254
28;2025-12-07;9;338
28;2025-12-07;10;389
28;2025-12-07;11;418
28;2025-12-07;12;466
28;2025-12-07;13;551
28;2025-12-07;14;519
28;2025-12-07;15;531
28;2025-12-07;16;482
28;2025-12-07;17;507
28;2025-12-07;18;432
28;2025-12-07;19;371
28;2025-12-07;20;293
28;2025-12-07;21;230
28;2025-12-07;22;102
28;2025-12-07;23;12
28;2025-12-08;0;3
28;2025-12-08;1;1
28;2025-12-08;2;0
28;2025-12-08;3;0
28;2025-12-08;4;2
28;2025-12-08;5;77
28;2025-12-08;6;253
28;2025-12-08;7;795
28;2025-12-08;8;1247
28;2025-12-08;9;836
28;2025-12-08;10;621
28;2025-12-08;11;549
28;2025-12-08;12;679
28;2025-12-08;13;690
28;2025-12-08;14;649
28;2025-12-08;15;691
28;2025-12-08;16;871
28;2025-12-08;17;1010
28;2025-12-08;18;985
28;2025-12-08;19;727
28;2025-12-08;20;503
28;2025-12-08;21;304
28;2025-12-08;22;122
28;2025-12-08;23;19
28;2025-12-09;0;3
28;2025-12-09;1;1
28;2025-12-09;2;0
28;2025-12-09;3;0
28;2025-12-09;4;2
28;2025-12-09;5;79
28;2025-12-09;6;261
28;2025-12-09;7;821
28;2025-12-09;8;1288
28;2025-12-09;9;864
28;2025-12-09;10;641
28;2025-12-09;11;567
28;2025-12-09;12;701
28;2025-12-09;13;713
28;2025-12-09;14;670
28;2025-12-09;15;714
28;2025-12-09;16;899
28;2025-12-09;17;1043
28;2025-12-09;18;1017
28;2025-12-09;19;750
28;2025-12-09;20;519
28;2025-12-09;21;314
28;2025-12-09;22;126
28;2025-12-09;23;19
28;2025-12-10;0;3
28;2025-12-10;1;1
28;2025-12-10;2;0
28;2025-12-10;3;0
28;2025-12-10;4;2
28;2025-12-10;5;83
28;2025-12-10;6;273
28;2025-12-10;7;858
28;2025-12-10;8;1345
28;2025-12-10;9;902
28;2025-12-10;10;670
28;2025-12-10;11;592
28;2025-12-10;12;732
28;2025-12-10;13;745
28;2025-12-10;14;700
28;2025-12-10;15;745
28;2025-12-10;16;939
28;2025-12-10;17;1090
28;2025-12-10;18;1063
28;2025-12-10;19;784
28;2025-12-10;20;543
28;2025-12-10;21;328
28;2025-12-10;22;131
28;2025-12-10;23;20
28;2025-12-11;0;3
28;2025-12-11;1;1
28;2025-12-11;2;0
28;2025-12-11;3;0
28;2025-12-11;4;2
28;2025-12-11;5;84
28;2025-12-11;6;275
28;2025-12-11;7;864
28;2025-12-11;8;1355
28;2025-12-11;9;909
28;2025-12-11;10;675
28;2025-12-11;11;597
28;2025-12-11;12;738
28;2025-12-11;13;750
28;2025-12-11;14;705
28;2025-12-11;15;751
28;2025-12-11;16;946
28;2025-12-11;17;1098
28;2025-12-11;18;1070
28;2025-12-11;19;790
28;2025-12-11;20;547
28;2025-12-11;21;330
28;2025-12-11;22;132
28;2025-12-11;23;20
28;2025-12-12;0;2
28;2025-12-12;1;0
28;2025-12-12;2;0
28;2025-12-12;3;0
28;2025-12-12;4;1
28;2025-12-12;5;78
28;2025-12-12;6;274
28;2025-12-12;7;856
28;2025-12-12;8;1298
28;2025-12-12;9;857
28;2025-12-12;10;654
28;2025-12-12;11;594
28;2025-12-12;12;758
28;2025-12-12;13;759
28;2025-12-12;14;744
28;2025-12-12;15;776
28;2025-12-12;16;1023
28;2025-12-12;17;1025
28;2025-12-12;18;871
28;2025-12-12;19;645
28;2025-12-12;20;462
28;2025-12-12;21;316
28;2025-12-12;22;132
28;2025-12-12;23;21
28;2025-12-13;0;2
28;2025-12-13;1;0
28;2025-12-13;2;0
28;2025-12-13;3;0
28;2025-12-13;4;1
28;2025-12-13;5;36
28;2025-12-13;6;102
28;2025-12-13;7;222
28;2025-12-13;8;375
28;2025-12-13;9;463
28;2025-12-13;10;494
28;2025-12-13;11;486
28;2025-12-13;12;587
28;2025-12-13;13;619
28;2025-12-13;14;600
28;2025-12-13;15;590
28;2025-12-13;16;605
28;2025-12-13;17;577
28;2025-12-13;18;505
28;2025-12-13;19;393
28;2025-12-13;20;290
28;2025-12-13;21;259
28;2025-12-13;22;109
28;2025-12-13;23;15
28;2025-12-14;0;2
28;2025-12-14;1;0
28;2025-12-14;2;0
28;2025-12-14;3;0
28;2025-12-14;4;0
28;2025-12-14;5;29
28;2025-12-14;6;80
28;2025-12-14;7;153
28;2025-12-14;8;253
28;2025-12-14;9;337
28;2025-12-14;10;388
28;2025-12-14;11;417
28;2025-12-14;12;465
28;2025-12-14;13;550
28;2025-12-14;14;518
28;2025-12-14;15;529
28;2025-12-14;16;481
28;2025-12-14;17;506
28;2025-12-14;18;431
28;2025-12-14;19;370
28;2025-12-14;20;292
28;2025-12-14;21;229
28;2025-12-14;22;102
28;2025-12-14;23;12
28;2025-12-15;0;3
28;2025-12-15;1;1
28;2025-12-15;2;0
28;2025-12-15;3;0
28;2025-12-15;4;2
28;2025-12-15;5;77
28;2025-12-15;6;253
28;2025-12-15;7;795
28;2025-12-15;8;1247
28;2025-12-15;9;836
28;2025-12-15;10;621
28;2025-12-15;11;549
28;2025-12-15;12;679
28;2025-12-15;13;690
28;2025-12-15;14;649
28;2025-12-15;15;691
28;2025-12-15;16;871
28;2025-12-15;17;1010
28;2025-12-15;18;985
28;2025-12-15;19;727
28;2025-12-15;20;503
28;2025-12-15;21;304
28;2025-12-15;22;122
28;2025-12-15;23;19
28;2025-12-16;0;3
28;2025-12-16;1;1
28;2025-12-16;2;0
28;2025-12-16;3;0
28;2025-12-16;4;2
28;2025-12-16;5;79
28;2025-12-16;6;261
28;2025-12-16;7;821
28;2025-12-16;8;1288
28;2025-12-16;9;864
28;2025-12-16;10;641
28;2025-12-16;11;567
28;2025-12-16;12;701
28;2025-12-16;13;713
28;2025-12-16;14;670
28;2025-12-16;15;714
28;2025-12-16;16;899
28;2025-12-16;17;1043
28;2025-12-16;18;1017
28;2025-12-16;19;750
28;2025-12-16;20;519
28;2025-12-16;21;314
28;2025-12-16;22;126
28;2025-12-16;23;19
28;2025-12-17;0;3
28;2025-12-17;1;1
28;2025-12-17;2;0
28;2025-12-17;3;0
28;2025-12-17;4;2
28;2025-12-17;5;83
28;2025-12-17;6;273
28;2025-12-17;7;858
28;2025-12-17;8;1345
28;2025-12-17;9;902
28;2025-12-17;10;670
28;2025-12-17;11;592
28;2025-12-17;12;732
28;2025-12-17;13;745
28;2025-12-17;14;700
28;2025-12-17;15;745
28;2025-12-17;16;939
28;2025-12-17;17;1090
28;2025-12-17;18;1063
28;2025-12-17;19;784
28;2025-12-17;20;543
28;2025-12-17;21;328
28;2025-12-17;22;131
28;2025-12-17;23;20
28;2025-12-18;0;3
28;2025-12-18;1;1
28;2025-12-18;2;0
28;2025-12-18;3;0
28;2025-12-18;4;2
28;2025-12-18;5;84
28;2025-12-18;6;275
28;2025-12-18;7;864
28;2025-12-18;8;1355
28;2025-12-18;9;909
28;2025-12-18;10;675
28;2025-12-18;11;597
28;2025-12-18;12;738
28;2025-12-18;13;750
28;2025-12-18;14;705
28;2025-12-18;15;751
28;2025-12-18;16;946
28;2025-12-18;17;1098
28;2025-12-18;18;1070
28;2025-12-18;19;790
28;2025-12-18;20;547
28;2025-12-18;21;330
28;2025-12-18;22;132
28;2025-12-18;23;20
28;2025-12-19;0;2
28;2025-12-19;1;0
28;2025-12-19;2;0
28;2025-12-19;3;0
28;2025-12-19;4;1
28;2025-12-19;5;78
28;2025-12-19;6;274
28;2025-12-19;7;856
28;2025-12-19;8;1298
28;2025-12-19;9;857
28;2025-12-19;10;654
28;2025-12-19;11;594
28;2025-12-19;12;758
28;2025-12-19;13;759
28;2025-12-19;14;744
28;2025-12-19;15;776
28;2025-12-19;16;1023
28;2025-12-19;17;1025
28;2025-12-19;18;871
28;2025-12-19;19;645
28;2025-12-19;20;462
28;2025-12-19;21;316
28;2025-12-19;22;132
28;2025-12-19;23;21
28;2025-12-20;0;2
28;2025-12-20;1;0
28;2025-12-20;2;0
28;2025-12-20;3;0
28;2025-12-20;4;1
28;2025-12-20;5;36
28;2025-12-20;6;102
28;2025-12-20;7;221
28;2025-12-20;8;374
28;2025-12-20;9;462
28;2025-12-20;10;493
28;2025-12-20;11;485
28;2025-12-20;12;585
28;2025-12-20;13;618
28;2025-12-20;14;598
28;2025-12-20;15;588
28;2025-12-20;16;604
28;2025-12-20;17;576
28;2025-12-20;18;504
28;2025-12-20;19;392
28;2025-12-20;20;290
28;2025-12-20;21;258
28;2025-12-20;22;109
28;2025-12-20;23;15
28;2025-12-21;0;2
28;2025-12-21;1;0
28;2025-12-21;2;0
28;2025-12-21;3;0
28;2025-12-21;4;0
28;2025-12-21;5;29
28;2025-12-21;6;80
28;2025-12-21;7;153
28;2025-12-21;8;253
28;2025-12-21;9;336
28;2025-12-21;10;387
28;2025-12-21;11;416
28;2025-12-21;12;464
28;2025-12-21;13;548
28;2025-12-21;14;517
28;2025-12-21;15;528
28;2025-12-21;16;480
28;2025-12-21;17;505
28;2025-12-21;18;430
28;2025-12-21;19;369
28;2025-12-21;20;291
28;2025-12-21;21;228
28;2025-12-21;22;102
28;2025-12-21;23;12
28;2025-12-22;0;3
28;2025-12-22;1;1
28;2025-12-22;2;0
28;2025-12-22;3;0
28;2025-12-22;4;2
28;2025-12-22;5;77
28;2025-12-22;6;253
28;2025-12-22;7;795
28;2025-12-22;8;1247
28;2025-12-22;9;836
28;2025-12-22;10;621
28;2025-12-22;11;549
28;2025-12-22;12;679
28;2025-12-22;13;690
28;2025-12-22;14;649
28;2025-12-22;15;691
28;2025-12-22;16;871
28;2025-12-22;17;1010
28;2025-12-22;18;985
28;2025-12-22;19;727
28;2025-12-22;20;503
28;2025-12-22;21;304
28;2025-12-22;22;122
28;2025-12-22;23;19
28;2025-12-23;0;3
28;2025-12-23;1;1
28;2025-12-23;2;0
28;2025-12-23;3;0
28;2025-12-23;4;2
28;2025-12-23;5;79
28;2025-12-23;6;261
28;2025-12-23;7;821
28;2025-12-23;8;1288
28;2025-12-23;9;864
28;2025-12-23;10;641
28;2025-12-23;11;567
28;2025-12-23;12;701
28;2025-12-23;13;713
28;2025-12-23;14;670
28;2025-12-23;15;714
28;2025-12-23;16;899
28;2025-12-23;17;1043
28;2025-12-23;18;1017
28;2025-12-23;19;750
28;2025-12-23;20;519
28;2025-12-23;21;314
28;2025-12-23;22;126
28;2025-12-23;23;19
28;2025-12-24;0;3
28;2025-12-24;1;1
28;2025-12-24;2;0
28;2025-12-24;3;0
28;2025-12-24;4;2
28;2025-12-24;5;83
28;2025-12-24;6;273
28;2025-12-24;7;858
28;2025-12-24;8;1345
28;2025-12-24;9;902
28;2025-12-24;10;670
28;2025-12-24;11;592
28;2025-12-24;12;732
28;2025-12-24;13;745
28;2025-12-24;14;700
28;2025-12-24;15;745
28;2025-12-24;16;939
28;2025-12-24;17;1090
28;2025-12-24;18;1063
28;2025-12-24;19;784
28;2025-12-24;20;543
28;2025-12-24;21;328
28;2025-12-24;22;131
28;2025-12-24;23;20
28;2025-12-25;0;3
28;2025-12-25;1;1
28;2025-12-25;2;0
28;2025-12-25;3;0
28;2025-12-25;4;2
28;2025-12-25;5;84
28;2025-12-25;6;275
28;2025-12-25;7;864
28;2025-12-25;8;1355
28;2025-12-25;9;909
28;2025-12-25;10;675
28;2025-12-25;11;597
28;2025-12-25;12;738
28;2025-12-25;13;750
28;2025-12-25;14;705
28;2025-12-25;15;751
28;2025-12-25;16;946
28;2025-12-25;17;1098
28;2025-12-25;18;1070
28;2025-12-25;19;790
28;2025-12-25;20;547
28;2025-12-25;21;330
28;2025-12-25;22;132
28;2025-12-25;23;20
28;2025-12-26;0;2
28;2025-12-26;1;0
28;2025-12-26;2;0
28;2025-12-26;3;0
28;2025-12-26;4;1
28;2025-12-26;5;81
28;2025-12-26;6;283
28;2025-12-26;7;881
28;2025-12-26;8;1337
28;2025-12-26;9;882
28;2025-12-26;10;673
28;2025-12-26;11;612
28;2025-12-26;12;781
28;2025-12-26;13;782
28;2025-12-26;14;766
28;2025-12-26;15;799
28;2025-12-26;16;1053
28;2025-12-26;17;1055
28;2025-12-26;18;897
28;2025-12-26;19;664
28;2025-12-26;20;476
28;2025-12-26;21;325
28;2025-12-26;22;136
28;2025-12-26;23;21
28;2025-12-27;0;2
28;2025-12-27;1;0
28;2025-12-27;2;0
28;2025-12-27;3;0
28;2025-12-27;4;1
28;2025-12-27;5;36
28;2025-12-27;6;102
28;2025-12-27;7;221
28;2025-12-27;8;374
28;2025-12-27;9;461
28;2025-12-27;10;492
28;2025-12-27;11;483
28;2025-12-27;12;584
28;2025-12-27;13;616
28;2025-12-27;14;597
28;2025-12-27;15;587
28;2025-12-27;16;602
28;2025-12-27;17;575
28;2025-12-27;18;503
28;2025-12-27;19;391
28;2025-12-27;20;289
28;2025-12-27;21;258
28;2025-12-27;22;108
28;2025-12-27;23;14
28;2025-12-28;0;2
28;2025-12-28;1;0
28;2025-12-28;2;0
28;2025-12-28;3;0
28;2025-12-28;4;0
28;2025-12-28;5;29
28;2025-12-28;6;80
28;2025-12-28;7;152
28;2025-12-28;8;252
28;2025-12-28;9;336
28;2025-12-28;10;386
28;2025-12-28;11;415
28;2025-12-28;12;462
28;2025-12-28;13;547
28;2025-12-28;14;515
28;2025-12-28;15;527
28;2025-12-28;16;479
28;2025-12-28;17;503
28;2025-12-28;18;429
28;2025-12-28;19;368
28;2025-12-28;20;291
28;2025-12-28;21;228
28;2025-12-28;22;102
28;2025-12-28;23;12
28;2025-12-29;0;3
28;2025-12-29;1;0
28;2025-12-29;2;0
28;2025-12-29;3;0
28;2025-12-29;4;2
28;2025-12-29;5;72
28;2025-12-29;6;236
28;2025-12-29;7;744
28;2025-12-29;8;1166
28;2025-12-29;9;782
28;2025-12-29;10;581
28;2025-12-29;11;513
28;2025-12-29;12;635
28;2025-12-29;13;646
28;2025-12-29;14;606
28;2025-12-29;15;646
28;2025-12-29;16;814
28;2025-12-29;17;945
28;2025-12-29;18;921
28;2025-12-29;19;680
28;2025-12-29;20;470
28;2025-12-29;21;284
28;2025-12-29;22;114
28;2025-12-29;23;17
28;2025-12-30;0;3
28;2025-12-30;1;0
28;2025-12-30;2;0
28;2025-12-30;3;0
28;2025-12-30;4;2
28;2025-12-30;5;74
28;2025-12-30;6;244
28;2025-12-30;7;768
28;2025-12-30;8;1204
28;2025-12-30;9;808
28;2025-12-30;10;600
28;2025-12-30;11;530
28;2025-12-30;12;655
28;2025-12-30;13;667
28;2025-12-30;14;626
28;2025-12-30;15;667
28;2025-12-30;16;841
28;2025-12-30;17;975
28;2025-12-30;18;951
28;2025-12-30;19;702
28;2025-12-30;20;486
28;2025-12-30;21;294
28;2025-12-30;22;118
28;2025-12-30;23;18
28;2025-12-31;0;2
28;2025-12-31;1;0
28;2025-12-31;2;0
28;2025-12-31;3;0
28;2025-12-31;4;0
28;2025-12-31;5;28
28;2025-12-31;6;78
28;2025-12-31;7;149
28;2025-12-31;8;246
28;2025-12-31;9;328
28;2025-12-31;10;377
28;2025-12-31;11;406
28;2025-12-31;12;452
28;2025-12-31;13;534
28;2025-12-31;14;503
28;2025-12-31;15;515
28;2025-12-31;16;468
28;2025-12-31;17;492
28;2025-12-31;18;210
28;2025-12-31;19;180
28;2025-12-31;20;142
28;2025-12-31;21;111
28;2025-12-31;22;50
28;2025-12-31;23;6
50;2025-11-01;0;36
50;2025-11-01;1;2
50;2025-11-01;2;0
50;2025-11-01;3;0
50;2025-11-01;4;3
50;2025-11-01;5;60
50;2025-11-01;6;490
50;2025-11-01;7;1596
50;2025-11-01;8;2535
50;2025-11-01;9;1941
50;2025-11-01;10;1409
50;2025-11-01;11;1440
50;2025-11-01;12;1374
50;2025-11-01;13;1405
50;2025-11-01;14;1355
50;2025-11-01;15;1668
50;2025-11-01;16;2021
50;2025-11-01;17;1975
50;2025-11-01;18;1577
50;2025-11-01;19;1102
50;2025-11-01;20;748
50;2025-11-01;21;511
50;2025-11-01;22;260
50;2025-11-01;23;157
50;2025-11-02;0;7
50;2025-11-02;1;1
50;2025-11-02;2;0
50;2025-11-02;3;0
50;2025-11-02;4;0
50;2025-11-02;5;2
50;2025-11-02;6;11
50;2025-11-02;7;24
50;2025-11-02;8;38
50;2025-11-02;9;45
50;2025-11-02;10;63
50;2025-11-02;11;135
50;2025-11-02;12;125
50;2025-11-02;13;145
50;2025-11-02;14;203
50;2025-11-02;15;171
50;2025-11-02;16;194
50;2025-11-02;17;174
50;2025-11-02;18;121
50;2025-11-02;19;116
50;2025-11-02;20;88
50;2025-11-02;21;62
50;2025-11-02;22;57
50;2025-11-02;23;21
50;2025-11-03;0;7
50;2025-11-03;1;1
50;2025-11-03;2;0
50;2025-11-03;3;0
50;2025-11-03;4;0
50;2025-11-03;5;2
50;2025-11-03;6;12
50;2025-11-03;7;24
50;2025-11-03;8;38
50;2025-11-03;9;45
50;2025-11-03;10;63
50;2025-11-03;11;136
50;2025-11-03;12;126
50;2025-11-03;13;146
50;2025-11-03;14;204
50;2025-11-03;15;172
50;2025-11-03;16;195
50;2025-11-03;17;175
50;2025-11-03;18;121
50;2025-11-03;19;117
50;2025-11-03;20;88
50;2025-11-03;21;62
50;2025-11-03;22;57
50;2025-11-03;23;21
50;2025-11-04;0;7
50;2025-11-04;1;1
50;2025-11-04;2;0
50;2025-11-04;3;0
50;2025-11-04;4;0
50;2025-11-04;5;2
50;2025-11-04;6;12
50;2025-11-04;7;24
50;2025-11-04;8;39
50;2025-11-04;9;46
50;2025-11-04;10;65
50;2025-11-04;11;140
50;2025-11-04;12;130
50;2025-11-04;13;150
50;2025-11-04;14;210
50;2025-11-04;15;177
50;2025-11-04;16;200
50;2025-11-04;17;180
50;2025-11-04;18;125
50;2025-11-04;19;121
50;2025-11-04;20;91
50;2025-11-04;21;64
50;2025-11-04;22;59
50;2025-11-04;23;21
50;2025-11-05;0;30
50;2025-11-05;1;3
50;2025-11-05;2;0
50;2025-11-05;3;0
50;2025-11-05;4;3
50;2025-11-05;5;72
50;2025-11-05;6;543
50;2025-11-05;7;1765
50;2025-11-05;8;2810
50;2025-11-05;9;2192
50;2025-11-05;10;1695
50;2025-11-05;11;1564
50;2025-11-05;12;1475
50;2025-11-05;13;1481
50;2025-11-05;14;1460
50;2025-11-05;15;1687
50;2025-11-05;16;1738
50;2025-11-05;17;2461
50;2025-11-05;18;2514
50;2025-11-05;19;1442
50;2025-11-05;20;910
50;2025-11-05;21;610
50;2025-11-05;22;259
50;2025-11-05;23;141
50;2025-11-06;0;30
50;2025-11-06;1;3
50;2025-11-06;2;0
50;2025-11-06;3;0
50;2025-11-06;4;3
50;2025-11-06;5;71
50;2025-11-06;6;539
50;2025-11-06;7;1751
50;2025-11-06;8;2787
50;2025-11-06;9;2174
50;2025-11-06;10;1681
50;2025-11-06;11;1551
50;2025-11-06;12;1463
50;2025-11-06;13;1469
50;2025-11-06;14;1449
50;2025-11-06;15;1674
50;2025-11-06;16;1724
50;2025-11-06;17;2441
50;2025-11-06;18;2494
50;2025-11-06;19;1430
50;2025-11-06;20;902
50;2025-11-06;21;605
50;2025-11-06;22;257
50;2025-11-06;23;140
50;2025-11-07;0;40
50;2025-11-07;1;2
50;2025-11-07;2;0
50;2025-11-07;3;0
50;2025-11-07;4;3
50;2025-11-07;5;67
50;2025-11-07;6;540
50;2025-11-07;7;1760
50;2025-11-07;8;2795
50;2025-11-07;9;2140
50;2025-11-07;10;1553
50;2025-11-07;11;1587
50;2025-11-07;12;1515
50;2025-11-07;13;1549
50;2025-11-07;14;1494
50;2025-11-07;15;1839
50;2025-11-07;16;2228
50;2025-11-07;17;2178
50;2025-11-07;18;1739
50;2025-11-07;19;1215
50;2025-11-07;20;825
50;2025-11-07;21;564
50;2025-11-07;22;286
50;2025-11-07;23;173
50;2025-11-08;0;109
50;2025-11-08;1;13
50;2025-11-08;2;0
50;2025-11-08;3;4
50;2025-11-08;4;1
50;2025-11-08;5;20
50;2025-11-08;6;36
50;2025-11-08;7;66
50;2025-11-08;8;118
50;2025-11-08;9;189
50;2025-11-08;10;104
50;2025-11-08;11;153
50;2025-11-08;12;221
50;2025-11-08;13;177
50;2025-11-08;14;203
50;2025-11-08;15;253
50;2025-11-08;16;186
50;2025-11-08;17;181
50;2025-11-08;18;89
50;2025-11-08;19;76
50;2025-11-08;20;57
50;2025-11-08;21;49
50;2025-11-08;22;37
50;2025-11-08;23;17
50;2025-11-09;0;8
50;2025-11-09;1;1
50;2025-11-09;2;0
50;2025-11-09;3;0
50;2025-11-09;4;0
50;2025-11-09;5;2
50;2025-11-09;6;14
50;2025-11-09;7;28
50;2025-11-09;8;46
50;2025-11-09;9;54
50;2025-11-09;10;76
50;2025-11-09;11;163
50;2025-11-09;12;151
50;2025-11-09;13;175
50;2025-11-09;14;246
50;2025-11-09;15;206
50;2025-11-09;16;234
50;2025-11-09;17;210
50;2025-11-09;18;146
50;2025-11-09;19;141
50;2025-11-09;20;106
50;2025-11-09;21;75
50;2025-11-09;22;68
50;2025-11-09;23;25
50;2025-11-10;0;30
50;2025-11-10;1;3
50;2025-11-10;2;0
50;2025-11-10;3;0
50;2025-11-10;4;3
50;2025-11-10;5;72
50;2025-11-10;6;544
50;2025-11-10;7;1769
50;2025-11-10;8;2817
50;2025-11-10;9;2198
50;2025-11-10;10;1699
50;2025-11-10;11;1568
50;2025-11-10;12;1479
50;2025-11-10;13;1485
50;2025-11-10;14;1464
50;2025-11-10;15;1691
50;2025-11-10;16;1742
50;2025-11-10;17;2467
50;2025-11-10;18;2521
50;2025-11-10;19;1445
50;2025-11-10;20;912
50;2025-11-10;21;611
50;2025-11-10;22;260
50;2025-11-10;23;142
50;2025-11-11;0;31
50;2025-11-11;1;4
50;2025-11-11;2;0
50;2025-11-11;3;0
50;2025-11-11;4;3
50;2025-11-11;5;74
50;2025-11-11;6;559
50;2025-11-11;7;1819
50;2025-11-11;8;2895
50;2025-11-11;9;2259
50;2025-11-11;10;1746
50;2025-11-11;11;1611
50;2025-11-11;12;1520
50;2025-11-11;13;1526
50;2025-11-11;14;1505
50;2025-11-11;15;1738
50;2025-11-11;16;1790
50;2025-11-11;17;2536
50;2025-11-11;18;2591
50;2025-11-11;19;1486
50;2025-11-11;20;937
50;2025-11-11;21;628
50;2025-11-11;22;267
50;2025-11-11;23;146
50;2025-11-12;0;30
50;2025-11-12;1;3
50;2025-11-12;2;0
50;2025-11-12;3;0
50;2025-11-12;4;3
50;2025-11-12;5;72
50;2025-11-12;6;545
50;2025-11-12;7;1773
50;2025-11-12;8;2823
50;2025-11-12;9;2202
50;2025-11-12;10;1703
50;2025-11-12;11;1571
50;2025-11-12;12;1482
50;2025-11-12;13;1488
50;2025-11-12;14;1467
50;2025-11-12;15;1695
50;2025-11-12;16;1746
50;2025-11-12;17;2472
50;2025-11-12;18;2526
50;2025-11-12;19;1449
50;2025-11-12;20;914
50;2025-11-12;21;613
50;2025-11-12;22;260
50;2025-11-12;23;142
50;2025-11-13;0;30
50;2025-11-13;1;3
50;2025-11-13;2;0
50;2025-11-13;3;0
50;2025-11-13;4;3
50;2025-11-13;5;72
50;2025-11-13;6;541
50;2025-11-13;7;1759
50;2025-11-13;8;2800
50;2025-11-13;9;2185
50;2025-11-13;10;1689
50;2025-11-13;11;1559
50;2025-11-13;12;1470
50;2025-11-13;13;1476
50;2025-11-13;14;1455
50;2025-11-13;15;1681
50;2025-11-13;16;1732
50;2025-11-13;17;2453
50;2025-11-13;18;2506
50;2025-11-13;19;1437
50;2025-11-13;20;907
50;2025-11-13;21;608
50;2025-11-13;22;258
50;2025-11-13;23;141
50;2025-11-14;0;40
50;2025-11-14;1;2
50;2025-11-14;2;0
50;2025-11-14;3;0
50;2025-11-14;4;3
50;2025-11-14;5;67
50;2025-11-14;6;543
50;2025-11-14;7;1768
50;2025-11-14;8;2808
50;2025-11-14;9;2151
50;2025-11-14;10;1561
50;2025-11-14;11;1595
50;2025-11-14;12;1522
50;2025-11-14;13;1556
50;2025-11-14;14;1501
50;2025-11-14;15;1847
50;2025-11-14;16;2239
50;2025-11-14;17;2188
50;2025-11-14;18;1747
50;2025-11-14;19;1220
50;2025-11-14;20;829
50;2025-11-14;21;566
50;2025-11-14;22;288
50;2025-11-14;23;173
50;2025-11-15;0;60
50;2025-11-15;1;2
50;2025-11-15;2;0
50;2025-11-15;3;0
50;2025-11-15;4;2
50;2025-11-15;5;35
50;2025-11-15;6;171
50;2025-11-15;7;372
50;2025-11-15;8;574
50;2025-11-15;9;648
50;2025-11-15;10;632
50;2025-11-15;11;798
50;2025-11-15;12;820
50;2025-11-15;13;850
50;2025-11-15;14;862
50;2025-11-15;15;875
50;2025-11-15;16;804
50;2025-11-15;17;830
50;2025-11-15;18;707
50;2025-11-15;19;590
50;2025-11-15;20;453
50;2025-11-15;21;348
50;2025-11-15;22;224
50;2025-11-15;23;130
50;2025-11-16;0;56
50;2025-11-16;1;10
50;2025-11-16;2;0
50;2025-11-16;3;0
50;2025-11-16;4;1
50;2025-11-16;5;18
50;2025-11-16;6;101
50;2025-11-16;7;221
50;2025-11-16;8;319
50;2025-11-16;9;449
50;2025-11-16;10;472
50;2025-11-16;11;620
50;2025-11-16;12;729
50;2025-11-16;13;756
50;2025-11-16;14;865
50;2025-11-16;15;730
50;2025-11-16;16;797
50;2025-11-16;17;754
50;2025-11-16;18;652
50;2025-11-16;19;536
50;2025-11-16;20;435
50;2025-11-16;21;336
50;2025-11-16;22;221
50;2025-11-16;23;111
50;2025-11-17;0;30
50;2025-11-17;1;3
50;2025-11-17;2;0
50;2025-11-17;3;0
50;2025-11-17;4;3
50;2025-11-17;5;72
50;2025-11-17;6;546
50;2025-11-17;7;1774
50;2025-11-17;8;2824
50;2025-11-17;9;2204
50;2025-11-17;10;1704
50;2025-11-17;11;1572
50;2025-11-17;12;1483
50;2025-11-17;13;1489
50;2025-11-17;14;1468
50;2025-11-17;15;1696
50;2025-11-17;16;1747
50;2025-11-17;17;2474
50;2025-11-17;18;2528
50;2025-11-17;19;1449
50;2025-11-17;20;914
50;2025-11-17;21;613
50;2025-11-17;22;261
50;2025-11-17;23;142
50;2025-11-18;0;31
50;2025-11-18;1;4
50;2025-11-18;2;0
50;2025-11-18;3;0
50;2025-11-18;4;3
50;2025-11-18;5;74
50;2025-11-18;6;560
50;2025-11-18;7;1822
50;2025-11-18;8;2901
50;2025-11-18;9;2263
50;2025-11-18;10;1750
50;2025-11-18;11;1615
50;2025-11-18;12;1523
50;2025-11-18;13;1529
50;2025-11-18;14;1508
50;2025-11-18;15;1742
50;2025-11-18;16;1794
50;2025-11-18;17;2541
50;2025-11-18;18;2596
50;2025-11-18;19;1489
50;2025-11-18;20;939
50;2025-11-18;21;629
50;2025-11-18;22;268
50;2025-11-18;23;146
50;2025-11-19;0;30
50;2025-11-19;1;3
50;2025-11-19;2;0
50;2025-11-19;3;0
50;2025-11-19;4;3
50;2025-11-19;5;72
50;2025-11-19;6;546
50;2025-11-19;7;1776
50;2025-11-19;8;2827
50;2025-11-19;9;2205
50;2025-11-19;10;1705
50;2025-11-19;11;1573
50;2025-11-19;12;1484
50;2025-11-19;13;1490
50;2025-11-19;14;1469
50;2025-11-19;15;1697
50;2025-11-19;16;1748
50;2025-11-19;17;2476
50;2025-11-19;18;2530
50;2025-11-19;19;1451
50;2025-11-19;20;915
50;2025-11-19;21;613
50;2025-11-19;22;261
50;2025-11-19;23;142
50;2025-11-20;0;30
50;2025-11-20;1;3
50;2025-11-20;2;0
50;2025-11-20;3;0
50;2025-11-20;4;3
50;2025-11-20;5;72
50;2025-11-20;6;541
50;2025-11-20;7;1760
50;2025-11-20;8;2802
50;2025-11-20;9;2186
50;2025-11-20;10;1690
50;2025-11-20;11;1560
50;2025-11-20;12;1471
50;2025-11-20;13;1477
50;2025-11-20;14;1456
50;2025-11-20;15;1683
50;2025-11-20;16;1733
50;2025-11-20;17;2454
50;2025-11-20;18;2508
50;2025-11-20;19;1438
50;2025-11-20;20;907
50;2025-11-20;21;608
50;2025-11-20;22;259
50;2025-11-20;23;141
50;2025-11-21;0;40
50;2025-11-21;1;2
50;2025-11-21;2;0
50;2025-11-21;3;0
50;2025-11-21;4;3
50;2025-11-21;5;67
50;2025-11-21;6;543
50;2025-11-21;7;1768
50;2025-11-21;8;2808
50;2025-11-21;9;2151
50;2025-11-21;10;1561
50;2025-11-21;11;1595
50;2025-11-21;12;1522
50;2025-11-21;13;1556
50;2025-11-21;14;1501
50;2025-11-21;15;1847
50;2025-11-21;16;2239
50;2025-11-21;17;2188
50;2025-11-21;18;1747
50;2025-11-21;19;1220
50;2025-11-21;20;829
50;2025-11-21;21;566
50;2025-11-21;22;288
50;2025-11-21;23;173
50;2025-11-22;0;60
50;2025-11-22;1;2
50;2025-11-22;2;0
50;2025-11-22;3;0
50;2025-11-22;4;2
50;2025-11-22;5;35
50;2025-11-22;6;171
50;2025-11-22;7;372
50;2025-11-22;8;574
50;2025-11-22;9;648
50;2025-11-22;10;632
50;2025-11-22;11;798
50;2025-11-22;12;820
50;2025-11-22;13;850
50;2025-11-22;14;862
50;2025-11-22;15;875
50;2025-11-22;16;804
50;2025-11-22;17;830
50;2025-11-22;18;707
50;2025-11-22;19;590
50;2025-11-22;20;453
50;2025-11-22;21;348
50;2025-11-22;22;224
50;2025-11-22;23;130
50;2025-11-23;0;56
50;2025-11-23;1;10
50;2025-11-23;2;0
50;2025-11-23;3;0
50;2025-11-23;4;1
50;2025-11-23;5;18
50;2025-11-23;6;101
50;2025-11-23;7;221
50;2025-11-23;8;319
50;2025-11-23;9;449
50;2025-11-23;10;472
50;2025-11-23;11;620
50;2025-11-23;12;729
50;2025-11-23;13;756
50;2025-11-23;14;865
50;2025-11-23;15;730
50;2025-11-23;16;797
50;2025-11-23;17;754
50;2025-11-23;18;652
50;2025-11-23;19;536
50;2025-11-23;20;435
50;2025-11-23;21;336
50;2025-11-23;22;221
50;2025-11-23;23;111
50;2025-11-24;0;30
50;2025-11-24;1;3
50;2025-11-24;2;0
50;2025-11-24;3;0
50;2025-11-24;4;3
50;2025-11-24;5;72
50;2025-11-24;6;546
50;2025-11-24;7;1774
50;2025-11-24;8;2824
50;2025-11-24;9;2204
50;2025-11-24;10;1704
50;2025-11-24;11;1572
50;2025-11-24;12;1483
50;2025-11-24;13;1489
50;2025-11-24;14;1468
50;2025-11-24;15;1696
50;2025-11-24;16;1747
50;2025-11-24;17;2474
50;2025-11-24;18;2528
50;2025-11-24;19;1449
50;2025-11-24;20;914
50;2025-11-24;21;613
50;2025-11-24;22;261
50;2025-11-24;23;142
50;2025-11-25;0;31
50;2025-11-25;1;4
50;2025-11-25;2;0
50;2025-11-25;3;0
50;2025-11-25;4;3
50;2025-11-25;5;74
50;2025-11-25;6;560
50;2025-11-25;7;1822
50;2025-11-25;8;2901
50;2025-11-25;9;2263
50;2025-11-25;10;1750
50;2025-11-25;11;1615
50;2025-11-25;12;1523
50;2025-11-25;13;1529
50;2025-11-25;14;1508
50;2025-11-25;15;1742
50;2025-11-25;16;1794
50;2025-11-25;17;2541
50;2025-11-25;18;2596
50;2025-11-25;19;1489
50;2025-11-25;20;939
50;2025-11-25;21;629
50;2025-11-25;22;268
50;2025-11-25;23;146
50;2025-11-26;0;30
50;2025-11-26;1;3
50;2025-11-26;2;0
50;2025-11-26;3;0
50;2025-11-26;4;3
50;2025-11-26;5;72
50;2025-11-26;6;546
50;2025-11-26;7;1776
50;2025-11-26;8;2827
50;2025-11-26;9;2205
50;2025-11-26;10;1705
50;2025-11-26;11;1573
50;2025-11-26;12;1484
50;2025-11-26;13;1490
50;2025-11-26;14;1469
50;2025-11-26;15;1697
50;2025-11-26;16;1748
50;2025-11-26;17;2476
50;2025-11-26;18;2530
50;2025-11-26;19;1451
50;2025-11-26;20;915
50;2025-11-26;21;613
50;2025-11-26;22;261
50;2025-11-26;23;142
50;2025-11-27;0;30
50;2025-11-27;1;3
50;2025-11-27;2;0
50;2025-11-27;3;0
50;2025-11-27;4;3
50;2025-11-27;5;72
50;2025-11-27;6;541
50;2025-11-27;7;1760
50;2025-11-27;8;2802
50;2025-11-27;9;2186
50;2025-11-27;10;1690
50;2025-11-27;11;1560
50;2025-11-27;12;1471
50;2025-11-27;13;1477
50;2025-11-27;14;1456
50;2025-11-27;15;1683
50;2025-11-27;16;1733
50;2025-11-27;17;2454
50;2025-11-27;18;2508
50;2025-11-27;19;1438
50;2025-11-27;20;907
50;2025-11-27;21;608
50;2025-11-27;22;259
50;2025-11-27;23;141
50;2025-11-28;0;40
50;2025-11-28;1;2
50;2025-11-28;2;0
50;2025-11-28;3;0
50;2025-11-28;4;3
50;2025-11-28;5;67
50;2025-11-28;6;543
50;2025-11-28;7;1768
50;2025-11-28;8;2808
50;2025-11-28;9;2151
50;2025-11-28;10;1561
50;2025-11-28;11;1595
50;2025-11-28;12;1522
50;2025-11-28;13;1556
50;2025-11-28;14;1501
50;2025-11-28;15;1847
50;2025-11-28;16;2239
50;2025-11-28;17;2188
50;2025-11-28;18;1747
50;2025-11-28;19;1220
50;2025-11-28;20;829
50;2025-11-28;21;566
50;2025-11-28;22;288
50;2025-11-28;23;173
50;2025-11-29;0;60
50;2025-11-29;1;2
50;2025-11-29;2;0
50;2025-11-29;3;0
50;2025-11-29;4;2
50;2025-11-29;5;35
50;2025-11-29;6;171
50;2025-11-29;7;372
50;2025-11-29;8;574
50;2025-11-29;9;648
50;2025-11-29;10;632
50;2025-11-29;11;798
50;2025-11-29;12;820
50;2025-11-29;13;850
50;2025-11-29;14;862
50;2025-11-29;15;875
50;2025-11-29;16;804
50;2025-11-29;17;830
50;2025-11-29;18;707
50;2025-11-29;19;590
50;2025-11-29;20;453
50;2025-11-29;21;348
50;2025-11-29;22;224
50;2025-11-29;23;130
50;2025-11-30;0;56
50;2025-11-30;1;10
50;2025-11-30;2;0
50;2025-11-30;3;0
50;2025-11-30;4;1
50;2025-11-30;5;18
50;2025-11-30;6;101
50;2025-11-30;7;221
50;2025-11-30;8;319
50;2025-11-30;9;449
50;2025-11-30;10;472
50;2025-11-30;11;620
50;2025-11-30;12;729
50;2025-11-30;13;756
50;2025-11-30;14;865
50;2025-11-30;15;730
50;2025-11-30;16;797
50;2025-11-30;17;754
50;2025-11-30;18;652
50;2025-11-30;19;536
50;2025-11-30;20;435
50;2025-11-30;21;336
50;2025-11-30;22;221
50;2025-11-30;23;111
50;2025-12-01;0;30
50;2025-12-01;1;3
50;2025-12-01;2;0
50;2025-12-01;3;0
50;2025-12-01;4;3
50;2025-12-01;5;72
50;2025-12-01;6;546
50;2025-12-01;7;1774
50;2025-12-01;8;2824
50;2025-12-01;9;2204
50;2025-12-01;10;1704
50;2025-12-01;11;1572
50;2025-12-01;12;1483
50;2025-12-01;13;1489
50;2025-12-01;14;1468
50;2025-12-01;15;1696
50;2025-12-01;16;1747
50;2025-12-01;17;2474
50;2025-12-01;18;2528
50;2025-12-01;19;1449
50;2025-12-01;20;914
50;2025-12-01;21;613
50;2025-12-01;22;261
50;2025-12-01;23;142
50;2025-12-02;0;31
50;2025-12-02;1;4
50;2025-12-02;2;0
50;2025-12-02;3;0
50;2025-12-02;4;3
50;2025-12-02;5;74
50;2025-12-02;6;560
50;2025-12-02;7;1822
50;2025-12-02;8;2901
50;2025-12-02;9;2263
50;2025-12-02;10;1750
50;2025-12-02;11;1615
50;2025-12-02;12;1523
50;2025-12-02;13;1529
50;2025-12-02;14;1508
50;2025-12-02;15;1742
50;2025-12-02;16;1794
50;2025-12-02;17;2541
50;2025-12-02;18;2596
50;2025-12-02;19;1489
50;2025-12-02;20;939
50;2025-12-02;21;629
50;2025-12-02;22;268
50;2025-12-02;23;146
50;2025-12-03;0;30
50;2025-12-03;1;3
50;2025-12-03;2;0
50;2025-12-03;3;0
50;2025-12-03;4;3
50;2025-12-03;5;72
50;2025-12-03;6;546
50;2025-12-03;7;1776
50;2025-12-03;8;2827
50;2025-12-03;9;2205
50;2025-12-03;10;1705
50;2025-12-03;11;1573
50;2025-12-03;12;1484
50;2025-12-03;13;1490
50;2025-12-03;14;1469
50;2025-12-03;15;1697
50;2025-12-03;16;1748
50;2025-12-03;17;2476
50;2025-12-03;18;2530
50;2025-12-03;19;1451
50;2025-12-03;20;915
50;2025-12-03;21;613
50;2025-12-03;22;261
50;2025-12-03;23;142
50;2025-12-04;0;30
50;2025-12-04;1;3
50;2025-12-04;2;0
50;2025-12-04;3;0
50;2025-12-04;4;3
50;2025-12-04;5;72
50;2025-12-04;6;541
50;2025-12-04;7;1760
50;2025-12-04;8;2802
50;2025-12-04;9;2186
50;2025-12-04;10;1690
50;2025-12-04;11;1560
50;2025-12-04;12;1471
50;2025-12-04;13;1477
50;2025-12-04;14;1456
50;2025-12-04;15;1683
50;2025-12-04;16;1733
50;2025-12-04;17;2454
50;2025-12-04;18;2508
50;2025-12-04;19;1438
50;2025-12-04;20;907
50;2025-12-04;21;608
50;2025-12-04;22;259
50;2025-12-04;23;141
50;2025-12-05;0;40
50;2025-12-05;1;2
50;2025-12-05;2;0
50;2025-12-05;3;0
50;2025-12-05;4;3
50;2025-12-05;5;67
50;2025-12-05;6;543
50;2025-12-05;7;1768
50;2025-12-05;8;2808
50;2025-12-05;9;2151
50;2025-12-05;10;1561
50;2025-12-05;11;1595
50;2025-12-05;12;1522
50;2025-12-05;13;1556
50;2025-12-05;14;1501
50;2025-12-05;15;1847
50;2025-12-05;16;2239
50;2025-12-05;17;2188
50;2025-12-05;18;1747
50;2025-12-05;19;1220
50;2025-12-05;20;829
50;2025-12-05;21;566
50;2025-12-05;22;288
50;2025-12-05;23;173
50;2025-12-06;0;60
50;2025-12-06;1;2
50;2025-12-06;2;0
50;2025-12-06;3;0
50;2025-12-06;4;2
50;2025-12-06;5;35
50;2025-12-06;6;171
50;2025-12-06;7;372
50;2025-12-06;8;574
50;2025-12-06;9;648
50;2025-12-06;10;632
50;2025-12-06;11;798
50;2025-12-06;12;820
50;2025-12-06;13;850
50;2025-12-06;14;862
50;2025-12-06;15;875
50;2025-12-06;16;804
50;2025-12-06;17;830
50;2025-12-06;18;707
50;2025-12-06;19;590
50;2025-12-06;20;453
50;2025-12-06;21;348
50;2025-12-06;22;224
50;2025-12-06;23;130
50;2025-12-07;0;56
50;2025-12-07;1;10
50;2025-12-07;2;0
50;2025-12-07;3;0
50;2025-12-07;4;1
50;2025-12-07;5;18
50;2025-12-07;6;101
50;2025-12-07;7;221
50;2025-12-07;8;319
50;2025-12-07;9;449
50;2025-12-07;10;472
50;2025-12-07;11;620
50;2025-12-07;12;729
50;2025-12-07;13;756
50;2025-12-07;14;865
50;2025-12-07;15;730
50;2025-12-07;16;797
50;2025-12-07;17;754
50;2025-12-07;18;652
50;2025-12-07;19;536
50;2025-12-07;20;435
50;2025-12-07;21;336
50;2025-12-07;22;221
50;2025-12-07;23;111
50;2025-12-08;0;30
50;2025-12-08;1;3
50;2025-12-08;2;0
50;2025-12-08;3;0
50;2025-12-08;4;3
50;2025-12-08;5;72
50;2025-12-08;6;546
50;2025-12-08;7;1774
50;2025-12-08;8;2824
50;2025-12-08;9;2204
50;2025-12-08;10;1704
50;2025-12-08;11;1572
50;2025-12-08;12;1483
50;2025-12-08;13;1489
50;2025-12-08;14;1468
50;2025-12-08;15;1696
50;2025-12-08;16;1747
50;2025-12-08;17;2474
50;2025-12-08;18;2528
50;2025-12-08;19;1449
50;2025-12-08;20;914
50;2025-12-08;21;613
50;2025-12-08;22;261
50;2025-12-08;23;142
50;2025-12-09;0;31
50;2025-12-09;1;4
50;2025-12-09;2;0
50;2025-12-09;3;0
50;2025-12-09;4;3
50;2025-12-09;5;74
50;2025-12-09;6;560
50;2025-12-09;7;1822
50;2025-12-09;8;2901
50;2025-12-09;9;2263
50;2025-12-09;10;1750
50;2025-12-09;11;1615
50;2025-12-09;12;1523
50;2025-12-09;13;1529
50;2025-12-09;14;1508
50;2025-12-09;15;1742
50;2025-12-09;16;1794
50;2025-12-09;17;2541
50;2025-12-09;18;2596
50;2025-12-09;19;1489
50;2025-12-09;20;939
50;2025-12-09;21;629
50;2025-12-09;22;268
50;2025-12-09;23;146
50;2025-12-10;0;30
50;2025-12-10;1;3
50;2025-12-10;2;0
50;2025-12-10;3;0
50;2025-12-10;4;3
50;2025-12-10;5;72
50;2025-12-10;6;546
50;2025-12-10;7;1776
50;2025-12-10;8;2827
50;2025-12-10;9;2205
50;2025-12-10;10;1705
50;2025-12-10;11;1573
50;2025-12-10;12;1484
50;2025-12-10;13;1490
50;2025-12-10;14;1469
50;2025-12-10;15;1697
50;2025-12-10;16;1748
50;2025-12-10;17;2476
50;2025-12-10;18;2530
50;2025-12-10;19;1451
50;2025-12-10;20;915
50;2025-12-10;21;613
50;2025-12-10;22;261
50;2025-12-10;23;142
50;2025-12-11;0;30
50;2025-12-11;1;3
50;2025-12-11;2;0
50;2025-12-11;3;0
50;2025-12-11;4;3
50;2025-12-11;5;72
50;2025-12-11;6;541
50;2025-12-11;7;1760
50;2025-12-11;8;2802
50;2025-12-11;9;2186
50;2025-12-11;10;1690
50;2025-12-11;11;1560
50;2025-12-11;12;1471
50;2025-12-11;13;1477
50;2025-12-11;14;1456
50;2025-12-11;15;1683
50;2025-12-11;16;1733
50;2025-12-11;17;2454
50;2025-12-11;18;2508
50;2025-12-11;19;1438
50;2025-12-11;20;907
50;2025-12-11;21;608
50;2025-12-11;22;259
50;2025-12-11;23;141
50;2025-12-12;0;40
50;2025-12-12;1;2
50;2025-12-12;2;0
50;2025-12-12;3;0
50;2025-12-12;4;3
50;2025-12-12;5;67
50;2025-12-12;6;543
50;2025-12-12;7;1768
50;2025-12-12;8;2808
50;2025-12-12;9;2151
50;2025-12-12;10;1561
50;2025-12-12;11;1595
50;2025-12-12;12;1522
50;2025-12-12;13;1556
50;2025-12-12;14;1501
50;2025-12-12;15;1847
50;2025-12-12;16;2239
50;2025-12-12;17;2188
50;2025-12-12;18;1747
50;2025-12-12;19;1220
50;2025-12-12;20;829
50;2025-12-12;21;566
50;2025-12-12;22;288
50;2025-12-12;23;173
50;2025-12-13;0;60
50;2025-12-13;1;2
50;2025-12-13;2;0
50;2025-12-13;3;0
50;2025-12-13;4;2
50;2025-12-13;5;35
50;2025-12-13;6;171
50;2025-12-13;7;372
50;2025-12-13;8;574
50;2025-12-13;9;648
50;2025-12-13;10;632
50;2025-12-13;11;798
50;2025-12-13;12;820
50;2025-12-13;13;850
50;2025-12-13;14;862
50;2025-12-13;15;875
50;2025-12-13;16;804
50;2025-12-13;17;830
50;2025-12-13;18;707
50;2025-12-13;19;590
50;2025-12-13;20;453
50;2025-12-13;21;348
50;2025-12-13;22;224
50;2025-12-13;23;65
50;2025-12-14;0;56
50;2025-12-14;1;10
50;2025-12-14;2;0
50;2025-12-14;3;0
50;2025-12-14;4;1
50;2025-12-14;5;18
50;2025-12-14;6;101
50;2025-12-14;7;221
50;2025-12-14;8;319
50;2025-12-14;9;449
50;2025-12-14;10;472
50;2025-12-14;11;620
50;2025-12-14;12;729
50;2025-12-14;13;756
50;2025-12-14;14;865
50;2025-12-14;15;730
50;2025-12-14;16;797
50;2025-12-14;17;754
50;2025-12-14;18;652
50;2025-12-14;19;536
50;2025-12-14;20;435
50;2025-12-14;21;336
50;2025-12-14;22;221
50;2025-12-14;23;55
50;2025-12-15;0;30
50;2025-12-15;1;3
50;2025-12-15;2;0
50;2025-12-15;3;0
50;2025-12-15;4;3
50;2025-12-15;5;72
50;2025-12-15;6;546
50;2025-12-15;7;1774
50;2025-12-15;8;2824
50;2025-12-15;9;2204
50;2025-12-15;10;1704
50;2025-12-15;11;1572
50;2025-12-15;12;1483
50;2025-12-15;13;1489
50;2025-12-15;14;1468
50;2025-12-15;15;1696
50;2025-12-15;16;1747
50;2025-12-15;17;2474
50;2025-12-15;18;2528
50;2025-12-15;19;1449
50;2025-12-15;20;914
50;2025-12-15;21;613
50;2025-12-15;22;261
50;2025-12-15;23;71
50;2025-12-16;0;31
50;2025-12-16;1;4
50;2025-12-16;2;0
50;2025-12-16;3;0
50;2025-12-16;4;3
50;2025-12-16;5;74
50;2025-12-16;6;560
50;2025-12-16;7;1822
50;2025-12-16;8;2901
50;2025-12-16;9;2263
50;2025-12-16;10;1750
50;2025-12-16;11;1615
50;2025-12-16;12;1523
50;2025-12-16;13;1529
50;2025-12-16;14;1508
50;2025-12-16;15;1742
50;2025-12-16;16;1794
50;2025-12-16;17;2541
50;2025-12-16;18;2596
50;2025-12-16;19;1489
50;2025-12-16;20;939
50;2025-12-16;21;629
50;2025-12-16;22;268
50;2025-12-16;23;73
50;2025-12-17;0;30
50;2025-12-17;1;3
50;2025-12-17;2;0
50;2025-12-17;3;0
50;2025-12-17;4;3
50;2025-12-17;5;72
50;2025-12-17;6;546
50;2025-12-17;7;1776
50;2025-12-17;8;2827
50;2025-12-17;9;2205
50;2025-12-17;10;1705
50;2025-12-17;11;1573
50;2025-12-17;12;1484
50;2025-12-17;13;1490
50;2025-12-17;14;1469
50;2025-12-17;15;1697
50;2025-12-17;16;1748
50;2025-12-17;17;2476
50;2025-12-17;18;2530
50;2025-12-17;19;1451
50;2025-12-17;20;915
50;2025-12-17;21;613
50;2025-12-17;22;261
50;2025-12-17;23;71
50;2025-12-18;0;30
50;2025-12-18;1;3
50;2025-12-18;2;0
50;2025-12-18;3;0
50;2025-12-18;4;3
50;2025-12-18;5;72
50;2025-12-18;6;541
50;2025-12-18;7;1760
50;2025-12-18;8;2802
50;2025-12-18;9;2186
50;2025-12-18;10;1690
50;2025-12-18;11;1560
50;2025-12-18;12;1471
50;2025-12-18;13;1477
50;2025-12-18;14;1456
50;2025-12-18;15;1683
50;2025-12-18;16;1733
50;2025-12-18;17;2454
50;2025-12-18;18;2508
50;2025-12-18;19;1438
50;2025-12-18;20;907
50;2025-12-18;21;608
50;2025-12-18;22;259
50;2025-12-18;23;71
50;2025-12-19;0;40
50;2025-12-19;1;2
50;2025-12-19;2;0
50;2025-12-19;3;0
50;2025-12-19;4;3
50;2025-12-19;5;67
50;2025-12-19;6;543
50;2025-12-19;7;1768
50;2025-12-19;8;2808
50;2025-12-19;9;2151
50;2025-12-19;10;1561
50;2025-12-19;11;1595
50;2025-12-19;12;1522
50;2025-12-19;13;1556
50;2025-12-19;14;1501
50;2025-12-19;15;1847
50;2025-12-19;16;2239
50;2025-12-19;17;2188
50;2025-12-19;18;1747
50;2025-12-19;19;1220
50;2025-12-19;20;829
50;2025-12-19;21;566
50;2025-12-19;22;288
50;2025-12-19;23;87
50;2025-12-20;0;60
50;2025-12-20;1;2
50;2025-12-20;2;0
50;2025-12-20;3;0
50;2025-12-20;4;2
50;2025-12-20;5;35
50;2025-12-20;6;171
50;2025-12-20;7;372
50;2025-12-20;8;574
50;2025-12-20;9;648
50;2025-12-20;10;632
50;2025-12-20;11;798
50;2025-12-20;12;820
50;2025-12-20;13;850
50;2025-12-20;14;862
50;2025-12-20;15;875
50;2025-12-20;16;804
50;2025-12-20;17;830
50;2025-12-20;18;707
50;2025-12-20;19;590
50;2025-12-20;20;453
50;2025-12-20;21;348
50;2025-12-20;22;224
50;2025-12-20;23;65
50;2025-12-21;0;56
50;2025-12-21;1;10
50;2025-12-21;2;0
50;2025-12-21;3;0
50;2025-12-21;4;1
50;2025-12-21;5;18
50;2025-12-21;6;101
50;2025-12-21;7;221
50;2025-12-21;8;319
50;2025-12-21;9;449
50;2025-12-21;10;472
50;2025-12-21;11;620
50;2025-12-21;12;729
50;2025-12-21;13;756
50;2025-12-21;14;865
50;2025-12-21;15;730
50;2025-12-21;16;797
50;2025-12-21;17;754
50;2025-12-21;18;652
50;2025-12-21;19;536
50;2025-12-21;20;435
50;2025-12-21;21;336
50;2025-12-21;22;221
50;2025-12-21;23;55
50;2025-12-22;0;30
50;2025-12-22;1;3
50;2025-12-22;2;0
50;2025-12-22;3;0
50;2025-12-22;4;3
50;2025-12-22;5;72
50;2025-12-22;6;546
50;2025-12-22;7;1774
50;2025-12-22;8;2824
50;2025-12-22;9;2204
50;2025-12-22;10;1704
50;2025-12-22;11;1572
50;2025-12-22;12;1483
50;2025-12-22;13;1489
50;2025-12-22;14;1468
50;2025-12-22;15;1696
50;2025-12-22;16;1747
50;2025-12-22;17;2474
50;2025-12-22;18;2528
50;2025-12-22;19;1449
50;2025-12-22;20;914
50;2025-12-22;21;613
50;2025-12-22;22;261
50;2025-12-22;23;71
50;2025-12-23;0;31
50;2025-12-23;1;4
50;2025-12-23;2;0
50;2025-12-23;3;0
50;2025-12-23;4;3
50;2025-12-23;5;74
50;2025-12-23;6;560
50;2025-12-23;7;1822
50;2025-12-23;8;2901
50;2025-12-23;9;2263
50;2025-12-23;10;1750
50;2025-12-23;11;1615
50;2025-12-23;12;1523
50;2025-12-23;13;1529
50;2025-12-23;14;1508
50;2025-12-23;15;1742
50;2025-12-23;16;1794
50;2025-12-23;17;2541
50;2025-12-23;18;2596
50;2025-12-23;19;1489
50;2025-12-23;20;939
50;2025-12-23;21;629
50;2025-12-23;22;268
50;2025-12-23;23;73
50;2025-12-24;0;30
50;2025-12-24;1;3
50;2025-12-24;2;0
50;2025-12-24;3;0
50;2025-12-24;4;3
50;2025-12-24;5;72
50;2025-12-24;6;546
50;2025-12-24;7;1776
50;2025-12-24;8;2827
50;2025-12-24;9;2205
50;2025-12-24;10;1705
50;2025-12-24;11;1573
50;2025-12-24;12;1484
50;2025-12-24;13;1490
50;2025-12-24;14;1469
50;2025-12-24;15;1697
50;2025-12-24;16;1748
50;2025-12-24;17;2476
50;2025-12-24;18;2530
50;2025-12-24;19;1451
50;2025-12-24;20;915
50;2025-12-24;21;613
50;2025-12-24;22;261
50;2025-12-24;23;71
50;2025-12-25;0;30
50;2025-12-25;1;3
50;2025-12-25;2;0
50;2025-12-25;3;0
50;2025-12-25;4;3
50;2025-12-25;5;72
50;2025-12-25;6;541
50;2025-12-25;7;1760
50;2025-12-25;8;2802
50;2025-12-25;9;2186
50;2025-12-25;10;1690
50;2025-12-25;11;1560
50;2025-12-25;12;1471
50;2025-12-25;13;1477
50;2025-12-25;14;1456
50;2025-12-25;15;1683
50;2025-12-25;16;1733
50;2025-12-25;17;2454
50;2025-12-25;18;2508
50;2025-12-25;19;1438
50;2025-12-25;20;907
50;2025-12-25;21;608
50;2025-12-25;22;259
50;2025-12-25;23;71
50;2025-12-26;0;41
50;2025-12-26;1;2
50;2025-12-26;2;0
50;2025-12-26;3;0
50;2025-12-26;4;3
50;2025-12-26;5;69
50;2025-12-26;6;559
50;2025-12-26;7;1821
50;2025-12-26;8;2892
50;2025-12-26;9;2215
50;2025-12-26;10;1608
50;2025-12-26;11;1643
50;2025-12-26;12;1568
50;2025-12-26;13;1603
50;2025-12-26;14;1546
50;2025-12-26;15;1903
50;2025-12-26;16;2306
50;2025-12-26;17;2254
50;2025-12-26;18;1799
50;2025-12-26;19;1257
50;2025-12-26;20;854
50;2025-12-26;21;583
50;2025-12-26;22;296
50;2025-12-26;23;89
50;2025-12-27;0;60
50;2025-12-27;1;2
50;2025-12-27;2;0
50;2025-12-27;3;0
50;2025-12-27;4;2
50;2025-12-27;5;35
50;2025-12-27;6;171
50;2025-12-27;7;372
50;2025-12-27;8;574
50;2025-12-27;9;648
50;2025-12-27;10;632
50;2025-12-27;11;798
50;2025-12-27;12;820
50;2025-12-27;13;850
50;2025-12-27;14;862
50;2025-12-27;15;875
50;2025-12-27;16;804
50;2025-12-27;17;830
50;2025-12-27;18;707
50;2025-12-27;19;590
50;2025-12-27;20;453
50;2025-12-27;21;348
50;2025-12-27;22;224
50;2025-12-27;23;65
50;2025-12-28;0;56
50;2025-12-28;1;10
50;2025-12-28;2;0
50;2025-12-28;3;0
50;2025-12-28;4;1
50;2025-12-28;5;18
50;2025-12-28;6;101
50;2025-12-28;7;221
50;2025-12-28;8;319
50;2025-12-28;9;449
50;2025-12-28;10;472
50;2025-12-28;11;620
50;2025-12-28;12;729
50;2025-12-28;13;756
50;2025-12-28;14;865
50;2025-12-28;15;730
50;2025-12-28;16;797
50;2025-12-28;17;754
50;2025-12-28;18;652
50;2025-12-28;19;536
50;2025-12-28;20;435
50;2025-12-28;21;336
50;2025-12-28;22;221
50;2025-12-28;23;55
50;2025-12-29;0;28
50;2025-12-29;1;3
50;2025-12-29;2;0
50;2025-12-29;3;0
50;2025-12-29;4;3
50;2025-12-29;5;67
50;2025-12-29;6;510
50;2025-12-29;7;1659
50;2025-12-29;8;2641
50;2025-12-29;9;2060
50;2025-12-29;10;1593
50;2025-12-29;11;1470
50;2025-12-29;12;1387
50;2025-12-29;13;1392
50;2025-12-29;14;1373
50;2025-12-29;15;1586
50;2025-12-29;16;1633
50;2025-12-29;17;2313
50;2025-12-29;18;2363
50;2025-12-29;19;1355
50;2025-12-29;20;855
50;2025-12-29;21;573
50;2025-12-29;22;244
50;2025-12-29;23;66
50;2025-12-30;0;29
50;2025-12-30;1;3
50;2025-12-30;2;0
50;2025-12-30;3;0
50;2025-12-30;4;3
50;2025-12-30;5;69
50;2025-12-30;6;524
50;2025-12-30;7;1704
50;2025-12-30;8;2712
50;2025-12-30;9;2116
50;2025-12-30;10;1636
50;2025-12-30;11;1510
50;2025-12-30;12;1424
50;2025-12-30;13;1430
50;2025-12-30;14;1410
50;2025-12-30;15;1629
50;2025-12-30;16;1677
50;2025-12-30;17;2376
50;2025-12-30;18;2427
50;2025-12-30;19;1392
50;2025-12-30;20;878
50;2025-12-30;21;589
50;2025-12-30;22;250
50;2025-12-30;23;68
50;2025-12-31;0;18
50;2025-12-31;1;2
50;2025-12-31;2;0
50;2025-12-31;3;0
50;2025-12-31;4;0
50;2025-12-31;5;5
50;2025-12-31;6;31
50;2025-12-31;7;63
50;2025-12-31;8;102
50;2025-12-31;9;119
50;2025-12-31;10;168
50;2025-12-31;11;361
50;2025-12-31;12;335
50;2025-12-31;13;388
50;2025-12-31;14;543
50;2025-12-31;15;457
50;2025-12-31;16;518
50;2025-12-31;17;464
50;2025-12-31;18;161
50;2025-12-31;19;156
50;2025-12-31;20;117
50;2025-12-31;21;83
50;2025-12-31;22;76
50;2025-12-31;23;14
