route;day_type;hour;direction;stop_seq;stop_name;share;boardings;confidence;from_hour
7;weekday;0;0;1;Метро «Бульвар Рокоссовского»;0.07936507936507936;90;вероятно;0
7;weekday;0;0;2;5-й пр. Подбельского;0.0008818342151675485;1;вероятно;0
7;weekday;0;0;3;3-й проезд Подбельского;0.003527336860670194;4;вероятно;0
7;weekday;0;0;4;Игральная ул.;0.007936507936507936;9;вероятно;0
7;weekday;0;0;5;Погонный проезд;0.009700176366843033;11;вероятно;0
7;weekday;0;0;6;Ланинский переулок;0.004409171075837742;5;вероятно;0
7;weekday;0;0;7;Богородское;0.006172839506172839;7;вероятно;0
7;weekday;0;0;8;Богородский храм;0.004409171075837742;5;вероятно;0
7;weekday;0;0;9;Инновационный университет;0.008818342151675485;10;вероятно;0
7;weekday;0;0;10;1-я Прогонная ул.;0.004409171075837742;5;вероятно;0
7;weekday;0;0;11;Телерадиокомпания «МИР»;0.005291005291005291;6;вероятно;0
7;weekday;0;0;12;Мосгорсуд;0.004409171075837742;5;вероятно;0
7;weekday;0;0;13;Улица Хромова;0.01146384479717813;13;вероятно;0
7;weekday;0;0;14;Метро «Преображенская площадь»;0.010582010582010581;12;вероятно;0
7;weekday;0;0;15;Преображенская площадь;0.004409171075837742;5;вероятно;0
7;weekday;0;0;16;Трамв. депо им. Русакова;0.013227513227513227;15;вероятно;0
7;weekday;0;0;17;Малая Остроумовская улица;0.01146384479717813;13;вероятно;0
7;weekday;0;0;18;Клуб Русакова - Сцена «Мельников»;0.001763668430335097;2;вероятно;0
7;weekday;0;0;19;Метро «Сокольники»;0.005291005291005291;6;вероятно;0
7;weekday;0;0;20;МЦД Митьково;0.014991181657848324;17;вероятно;0
7;weekday;0;0;21;Леснорядская улица;0.012345679012345678;14;вероятно;0
7;weekday;0;0;22;Метро «Красносельская»;0.03880070546737213;44;вероятно;0
7;weekday;0;0;23;Метро «Комсомольская»;0.009700176366843033;11;вероятно;0
7;weekday;0;0;24;МЦД Площадь трёх вокзалов;0.01763668430335097;20;вероятно;0
7;weekday;0;0;25;Каланчёвская улица;0.026455026455026454;30;вероятно;0
7;weekday;0;0;26;Пантелеевская улица;0.01146384479717813;13;вероятно;0
7;weekday;0;0;27;Астраханский переулок;0.01146384479717813;13;вероятно;0
7;weekday;0;0;28;Ботанический переулок;0.018518518518518517;21;вероятно;0
7;weekday;0;0;29;Метро «Проспект Мира»;0.031746031746031744;36;вероятно;0
7;weekday;0;0;30;Спорткомплекс «Олимпийский»;0.019400352733686066;22;вероятно;0
7;weekday;0;0;31;Ул. Гиляровского;0.005291005291005291;6;вероятно;0
7;weekday;0;0;32;Улица Щепкина;0.008818342151675485;10;вероятно;0
7;weekday;0;0;33;Театр зверей им. Дурова;0.01763668430335097;20;вероятно;0
7;weekday;0;0;34;Самотёчная улица;0.008818342151675485;10;вероятно;0
7;weekday;0;0;35;4-й Самотёчный переулок;0.009700176366843033;11;вероятно;0
7;weekday;0;0;36;Селезнёвская улица;0.006172839506172839;7;вероятно;0
7;weekday;0;0;37;Улица Достоевского;0.001763668430335097;2;вероятно;0
7;weekday;0;0;38;Площадь Борьбы;0.003527336860670194;4;вероятно;0
7;weekday;0;0;39;Улица Палиха;0.009700176366843033;11;вероятно;0
7;weekday;0;0;40;Лесная улица;0.003527336860670194;4;вероятно;0
7;weekday;0;0;42;ДК Зуева;0.029982363315696647;34;вероятно;0
7;weekday;0;0;43;Метро «Белорусская»;0.08818342151675485;100;вероятно;0
7;weekday;0;1;1;Белорусский вокзал;0.014991181657848324;17;вероятно;0
7;weekday;0;1;2;Метро «Белорусская»;0.005291005291005291;6;вероятно;0
7;weekday;0;1;4;Миусское депо;0.001763668430335097;2;вероятно;0
7;weekday;0;1;5;Лесная улица;0.007054673721340388;8;вероятно;0
7;weekday;0;1;6;Улица Палиха;0.004409171075837742;5;вероятно;0
7;weekday;0;1;7;Площадь Борьбы;0.001763668430335097;2;вероятно;0
7;weekday;0;1;8;Улица Достоевского;0.001763668430335097;2;вероятно;0
7;weekday;0;1;10;4-й Самотёчный переулок;0.003527336860670194;4;вероятно;0
7;weekday;0;1;11;Самотёчная улица;0.0026455026455026454;3;вероятно;0
7;weekday;0;1;12;Театр зверей имени Дурова;0.003527336860670194;4;вероятно;0
7;weekday;0;1;13;Улица Щепкина;0.008818342151675485;10;вероятно;0
7;weekday;0;1;14;Ул. Гиляровского;0.0008818342151675485;1;вероятно;0
7;weekday;0;1;15;Спорткомплекс «Олимпийский»;0.001763668430335097;2;вероятно;0
7;weekday;0;1;16;Метро «Проспект Мира»;0.006172839506172839;7;вероятно;0
7;weekday;0;1;17;Ботанический переулок;0.001763668430335097;2;вероятно;0
7;weekday;0;1;19;Пантелеевская улица;0.0008818342151675485;1;вероятно;0
7;weekday;0;1;20;Каланчёвская улица;0.020282186948853614;23;вероятно;0
7;weekday;0;1;21;МЦД Площадь трёх вокзалов;0.003527336860670194;4;вероятно;0
7;weekday;0;1;22;Метро «Комсомольская»;0.007054673721340388;8;вероятно;0
7;weekday;0;1;23;Метро «Красносельская»;0.014991181657848324;17;вероятно;0
7;weekday;0;1;24;Леснорядская улица;0.05291005291005291;60;вероятно;0
7;weekday;0;1;25;МЦД Митьково;0.007936507936507936;9;вероятно;0
7;weekday;0;1;26;Метро «Сокольники»;0.007936507936507936;9;вероятно;0
7;weekday;0;1;27;Клуб Русакова - Сцена «Мельников»;0.007936507936507936;9;вероятно;0
7;weekday;0;1;28;М. Остроумовская ул.;0.005291005291005291;6;вероятно;0
7;weekday;0;1;29;Трамвайное депо имени Русакова;0.006172839506172839;7;вероятно;0
7;weekday;0;1;30;Преображенская площадь;0.008818342151675485;10;вероятно;0
7;weekday;0;1;31;Метро «Преображенская площадь»;0.004409171075837742;5;вероятно;0
7;weekday;0;1;32;Улица Хромова;0.01146384479717813;13;вероятно;0
7;weekday;0;1;33;Мосгорсуд;0.01763668430335097;20;вероятно;0
7;weekday;0;1;34;Телерадиокомпания «МИР»;0.009700176366843033;11;вероятно;0
7;weekday;0;1;35;1-я Прогонная улица;0.005291005291005291;6;вероятно;0
7;weekday;0;1;36;Инновационный университет;0.001763668430335097;2;вероятно;0
7;weekday;0;1;37;Богородский храм;0.004409171075837742;5;вероятно;0
7;weekday;0;1;38;Богородское;0.006172839506172839;7;вероятно;0
7;weekday;0;1;39;Ланинский переулок;0.007936507936507936;9;вероятно;0
7;weekday;0;1;40;Погонный проезд;0.007054673721340388;8;вероятно;0
7;weekday;0;1;41;Игральная улица;0.005291005291005291;6;вероятно;0
7;weekday;0;1;42;3-й проезд Подбельского;0.014109347442680775;16;вероятно;0
7;weekday;0;1;43;5-й пр. Подбельского;0.09171075837742504;104;вероятно;0
7;weekday;1;0;1;Метро «Бульвар Рокоссовского»;0.009569377990430622;2;вероятно;1
7;weekday;1;0;20;МЦД Митьково;0.009569377990430622;2;вероятно;1
7;weekday;1;0;22;Метро «Красносельская»;0.004784688995215311;1;вероятно;1
7;weekday;1;0;24;МЦД Площадь трёх вокзалов;0.009569377990430622;2;вероятно;1
7;weekday;1;0;25;Каланчёвская улица;0.009569377990430622;2;вероятно;1
7;weekday;1;0;26;Пантелеевская улица;0.004784688995215311;1;вероятно;1
7;weekday;1;0;27;Астраханский переулок;0.019138755980861243;4;вероятно;1
7;weekday;1;0;28;Ботанический переулок;0.004784688995215311;1;вероятно;1
7;weekday;1;0;29;Метро «Проспект Мира»;0.009569377990430622;2;вероятно;1
7;weekday;1;0;31;Ул. Гиляровского;0.009569377990430622;2;вероятно;1
7;weekday;1;0;33;Театр зверей им. Дурова;0.023923444976076555;5;вероятно;1
7;weekday;1;0;34;Самотёчная улица;0.019138755980861243;4;вероятно;1
7;weekday;1;0;35;4-й Самотёчный переулок;0.019138755980861243;4;вероятно;1
7;weekday;1;0;36;Селезнёвская улица;0.004784688995215311;1;вероятно;1
7;weekday;1;0;38;Площадь Борьбы;0.014354066985645933;3;вероятно;1
7;weekday;1;0;39;Улица Палиха;0.014354066985645933;3;вероятно;1
7;weekday;1;0;40;Лесная улица;0.009569377990430622;2;вероятно;1
7;weekday;1;0;41;Миусское депо;0.004784688995215311;1;вероятно;1
7;weekday;1;0;42;ДК Зуева;0.028708133971291867;6;вероятно;1
7;weekday;1;0;43;Метро «Белорусская»;0.36363636363636365;76;вероятно;1
7;weekday;1;1;1;Белорусский вокзал;0.023923444976076555;5;вероятно;1
7;weekday;1;1;15;Спорткомплекс «Олимпийский»;0.004784688995215311;1;вероятно;1
7;weekday;1;1;19;Пантелеевская улица;0.019138755980861243;4;вероятно;1
7;weekday;1;1;22;Метро «Комсомольская»;0.028708133971291867;6;вероятно;1
7;weekday;1;1;24;Леснорядская улица;0.004784688995215311;1;вероятно;1
7;weekday;1;1;27;Клуб Русакова - Сцена «Мельников»;0.03349282296650718;7;вероятно;1
7;weekday;1;1;28;М. Остроумовская ул.;0.04784688995215311;10;вероятно;1
7;weekday;1;1;29;Трамвайное депо имени Русакова;0.019138755980861243;4;вероятно;1
7;weekday;1;1;30;Преображенская площадь;0.009569377990430622;2;вероятно;1
7;weekday;1;1;31;Метро «Преображенская площадь»;0.004784688995215311;1;вероятно;1
7;weekday;1;1;33;Мосгорсуд;0.009569377990430622;2;вероятно;1
7;weekday;1;1;34;Телерадиокомпания «МИР»;0.004784688995215311;1;вероятно;1
7;weekday;1;1;36;Инновационный университет;0.004784688995215311;1;вероятно;1
7;weekday;1;1;37;Богородский храм;0.03349282296650718;7;вероятно;1
7;weekday;1;1;38;Богородское;0.014354066985645933;3;вероятно;1
7;weekday;1;1;40;Погонный проезд;0.009569377990430622;2;вероятно;1
7;weekday;1;1;41;Игральная улица;0.014354066985645933;3;вероятно;1
7;weekday;1;1;42;3-й проезд Подбельского;0.009569377990430622;2;вероятно;1
7;weekday;1;1;43;5-й пр. Подбельского;0.11004784688995216;23;вероятно;1
7;weekday;2;0;43;Метро «Белорусская»;1.0;1;вероятно;2
7;weekday;3;0;43;Метро «Белорусская»;1.0;1;вероятно;2
7;weekday;4;0;1;Метро «Бульвар Рокоссовского»;0.625;15;вероятно;4
7;weekday;4;0;7;Богородское;0.041666666666666664;1;вероятно;4
7;weekday;4;0;8;Богородский храм;0.08333333333333333;2;вероятно;4
7;weekday;4;0;9;Инновационный университет;0.041666666666666664;1;вероятно;4
7;weekday;4;0;11;Телерадиокомпания «МИР»;0.08333333333333333;2;вероятно;4
7;weekday;4;1;1;Белорусский вокзал;0.125;3;вероятно;4
7;weekday;5;0;1;Метро «Бульвар Рокоссовского»;0.03938167096061833;107;вероятно;5
7;weekday;5;0;2;5-й пр. Подбельского;0.018770702981229296;51;вероятно;5
7;weekday;5;0;3;3-й проезд Подбельского;0.015458225984541774;42;вероятно;5
7;weekday;5;0;4;Игральная ул.;0.013249907986750091;36;вероятно;5
7;weekday;5;0;5;Погонный проезд;0.02944423997055576;80;вероятно;5
7;weekday;5;0;6;Ланинский переулок;0.01729849098270151;47;вероятно;5
7;weekday;5;0;7;Богородское;0.030180345969819652;82;вероятно;5
7;weekday;5;0;8;Богородский храм;0.01582627898417372;43;вероятно;5
7;weekday;5;0;9;Инновационный университет;0.015458225984541774;42;вероятно;5
7;weekday;5;0;10;1-я Прогонная ул.;0.006256900993743099;17;вероятно;5
7;weekday;5;0;11;Телерадиокомпания «МИР»;0.008833271991166729;24;вероятно;5
7;weekday;5;0;12;Мосгорсуд;0.008833271991166729;24;вероятно;5
7;weekday;5;0;13;Улица Хромова;0.012513801987486198;34;вероятно;5
7;weekday;5;0;14;Метро «Преображенская площадь»;0.016930437983069563;46;вероятно;5
7;weekday;5;0;15;Преображенская площадь;0.012881854987118146;35;вероятно;5
7;weekday;5;0;16;Трамв. депо им. Русакова;0.004048582995951417;11;вероятно;5
7;weekday;5;0;17;Малая Остроумовская улица;0.014354066985645933;39;вероятно;5
7;weekday;5;0;18;Клуб Русакова - Сцена «Мельников»;0.012513801987486198;34;вероятно;5
7;weekday;5;0;19;Метро «Сокольники»;0.0180345969819654;49;вероятно;5
7;weekday;5;0;20;МЦД Митьково;0.02318733897681266;63;вероятно;5
7;weekday;5;0;21;Леснорядская улица;0.019138755980861243;52;вероятно;5
7;weekday;5;0;22;Метро «Красносельская»;0.026131762973868235;71;вероятно;5
7;weekday;5;0;23;Метро «Комсомольская»;0.026131762973868235;71;вероятно;5
7;weekday;5;0;24;МЦД Площадь трёх вокзалов;0.02465955097534045;67;вероятно;5
7;weekday;5;0;25;Каланчёвская улица;0.03349282296650718;91;вероятно;5
7;weekday;5;0;26;Пантелеевская улица;0.03938167096061833;107;вероятно;5
7;weekday;5;0;27;Астраханский переулок;0.019874861980125138;54;вероятно;5
7;weekday;5;0;28;Ботанический переулок;0.021347073978652927;58;вероятно;5
7;weekday;5;0;29;Метро «Проспект Мира»;0.0180345969819654;49;вероятно;5
7;weekday;5;0;30;Спорткомплекс «Олимпийский»;0.015458225984541774;42;вероятно;5
7;weekday;5;0;31;Ул. Гиляровского;0.009201324990798674;25;вероятно;5
7;weekday;5;0;32;Улица Щепкина;0.011777695988222304;32;вероятно;5
7;weekday;5;0;33;Театр зверей им. Дурова;0.015090172984909826;41;вероятно;5
7;weekday;5;0;34;Самотёчная улица;0.015458225984541774;42;вероятно;5
7;weekday;5;0;35;4-й Самотёчный переулок;0.008097165991902834;22;вероятно;5
7;weekday;5;0;36;Селезнёвская улица;0.004416635995583364;12;вероятно;5
7;weekday;5;0;37;Улица Достоевского;0.006624953993375046;18;вероятно;5
7;weekday;5;0;38;Площадь Борьбы;0.008097165991902834;22;вероятно;5
7;weekday;5;0;39;Улица Палиха;0.011777695988222304;32;вероятно;5
7;weekday;5;0;40;Лесная улица;0.002944423997055576;8;вероятно;5
7;weekday;5;0;41;Миусское депо;0.004048582995951417;11;вероятно;5
7;weekday;5;0;42;ДК Зуева;0.008465218991534781;23;вероятно;5
7;weekday;5;0;43;Метро «Белорусская»;0.005152741994847258;14;вероятно;5
7;weekday;5;1;1;Белорусский вокзал;0.0798675009201325;217;вероятно;5
7;weekday;5;1;2;Метро «Белорусская»;0.028708133971291867;78;вероятно;5
7;weekday;5;1;3;ДК Зуева;0.012513801987486198;34;вероятно;5
7;weekday;5;1;4;Миусское депо;0.008833271991166729;24;вероятно;5
7;weekday;5;1;5;Лесная улица;0.025027603974972397;68;вероятно;5
7;weekday;5;1;6;Улица Палиха;0.02981229297018771;81;вероятно;5
7;weekday;5;1;7;Площадь Борьбы;0.01472211998527788;40;вероятно;5
7;weekday;5;1;8;Улица Достоевского;0.006256900993743099;17;вероятно;5
7;weekday;5;1;9;Селезнёвская улица;0.005888847994111152;16;вероятно;5
7;weekday;5;1;10;4-й Самотёчный переулок;0.005520794994479205;15;вероятно;5
7;weekday;5;1;11;Самотёчная улица;0.004048582995951417;11;вероятно;5
7;weekday;5;1;12;Театр зверей имени Дурова;0.004048582995951417;11;вероятно;5
7;weekday;5;1;13;Улица Щепкина;0.001104158998895841;3;вероятно;5
7;weekday;5;1;14;Ул. Гиляровского;0.002576370997423629;7;вероятно;5
7;weekday;5;1;15;Спорткомплекс «Олимпийский»;0.005152741994847258;14;вероятно;5
7;weekday;5;1;16;Метро «Проспект Мира»;0.00368052999631947;10;вероятно;5
7;weekday;5;1;17;Ботанический переулок;0.001472211998527788;4;вероятно;5
7;weekday;5;1;18;Астраханский переулок;0.002944423997055576;8;вероятно;5
7;weekday;5;1;19;Пантелеевская улица;0.002944423997055576;8;вероятно;5
7;weekday;5;1;20;Каланчёвская улица;0.01582627898417372;43;вероятно;5
7;weekday;5;1;21;МЦД Площадь трёх вокзалов;0.014354066985645933;39;вероятно;5
7;weekday;5;1;22;Метро «Комсомольская»;0.013986013986013986;38;вероятно;5
7;weekday;5;1;23;Метро «Красносельская»;0.008465218991534781;23;вероятно;5
7;weekday;5;1;24;Леснорядская улица;0.004416635995583364;12;вероятно;5
7;weekday;5;1;25;МЦД Митьково;0.002576370997423629;7;вероятно;5
7;weekday;5;1;26;Метро «Сокольники»;0.000736105999263894;2;вероятно;5
7;weekday;5;1;27;Клуб Русакова - Сцена «Мельников»;0.002576370997423629;7;вероятно;5
7;weekday;5;1;28;М. Остроумовская ул.;0.001840264998159735;5;вероятно;5
7;weekday;5;1;29;Трамвайное депо имени Русакова;0.000368052999631947;1;вероятно;5
7;weekday;5;1;30;Преображенская площадь;0.000368052999631947;1;вероятно;5
7;weekday;5;1;31;Метро «Преображенская площадь»;0.000368052999631947;1;вероятно;5
7;weekday;5;1;33;Мосгорсуд;0.000368052999631947;1;вероятно;5
7;weekday;5;1;34;Телерадиокомпания «МИР»;0.000368052999631947;1;вероятно;5
7;weekday;6;0;1;Метро «Бульвар Рокоссовского»;0.034201408293282665;306;вероятно;6
7;weekday;6;0;2;5-й пр. Подбельского;0.012071085279982116;108;вероятно;6
7;weekday;6;0;3;3-й проезд Подбельского;0.010171007041466413;91;вероятно;6
7;weekday;6;0;4;Игральная ул.;0.00480608025036325;43;вероятно;6
7;weekday;6;0;5;Погонный проезд;0.003017771319995529;27;вероятно;6
7;weekday;6;0;6;Ланинский переулок;0.00480608025036325;43;вероятно;6
7;weekday;6;0;7;Богородское;0.006594389180730971;59;вероятно;6
7;weekday;6;0;8;Богородский храм;0.005812004023695094;52;вероятно;6
7;weekday;6;0;9;Инновационный университет;0.0034648485525874593;31;вероятно;6
7;weekday;6;0;10;1-я Прогонная ул.;0.0019000782385157036;17;вероятно;6
7;weekday;6;0;12;Мосгорсуд;0.004023695093327373;36;вероятно;6
7;weekday;6;0;13;Улица Хромова;0.0069296971051749185;62;вероятно;6
7;weekday;6;0;14;Метро «Преображенская площадь»;0.007041466413322902;63;вероятно;6
7;weekday;6;0;15;Преображенская площадь;0.00827092880295071;74;вероятно;6
7;weekday;6;0;16;Трамв. депо им. Русакова;0.005588465407399128;50;вероятно;6
7;weekday;6;0;17;Малая Остроумовская улица;0.0039119257851793895;35;вероятно;6
7;weekday;6;0;18;Клуб Русакова - Сцена «Мельников»;0.004917849558511233;44;вероятно;6
7;weekday;6;0;19;Метро «Сокольники»;0.005588465407399128;50;вероятно;6
7;weekday;6;0;20;МЦД Митьково;0.01005923773331843;90;вероятно;6
7;weekday;6;0;21;Леснорядская улица;0.010729853582206326;96;вероятно;6
7;weekday;6;0;22;Метро «Красносельская»;0.007041466413322902;63;вероятно;6
7;weekday;6;0;23;Метро «Комсомольская»;0.004470772325919302;40;вероятно;6
7;weekday;6;0;24;МЦД Площадь трёх вокзалов;0.006035542639991058;54;вероятно;6
7;weekday;6;0;25;Каланчёвская улица;0.007712082262210797;69;вероятно;6
7;weekday;6;0;26;Пантелеевская улица;0.005364926791103163;48;вероятно;6
7;weekday;6;0;27;Астраханский переулок;0.0034648485525874593;31;вероятно;6
7;weekday;6;0;28;Ботанический переулок;0.002794232703699564;25;вероятно;6
7;weekday;6;0;29;Метро «Проспект Мира»;0.0039119257851793895;35;вероятно;6
7;weekday;6;0;30;Спорткомплекс «Олимпийский»;0.004247233709623337;38;вероятно;6
7;weekday;6;0;31;Ул. Гиляровского;0.0031295406281435117;28;вероятно;6
7;weekday;6;0;32;Улица Щепкина;0.0038001564770314073;34;вероятно;6
7;weekday;6;0;33;Театр зверей им. Дурова;0.010506314965910361;94;вероятно;6
7;weekday;6;0;34;Самотёчная улица;0.0031295406281435117;28;вероятно;6
7;weekday;6;0;35;4-й Самотёчный переулок;0.0039119257851793895;35;вероятно;6
7;weekday;6;0;36;Селезнёвская улица;0.003017771319995529;27;вероятно;6
7;weekday;6;0;37;Улица Достоевского;0.00827092880295071;74;вероятно;6
7;weekday;6;0;38;Площадь Борьбы;0.010618084274058344;95;вероятно;6
7;weekday;6;0;39;Улица Палиха;0.015424164524421594;138;вероятно;6
7;weekday;6;0;40;Лесная улица;0.006594389180730971;59;вероятно;6
7;weekday;6;0;41;Миусское депо;0.0074885436459148315;67;вероятно;6
7;weekday;6;0;42;ДК Зуева;0.005253157482955181;47;вероятно;6
7;weekday;6;0;43;Метро «Белорусская»;0.015647703140717558;140;вероятно;6
7;weekday;6;1;1;Белорусский вокзал;0.028054096345143623;251;вероятно;6
7;weekday;6;1;2;Метро «Белорусская»;0.009947468425170448;89;вероятно;6
7;weekday;6;1;3;ДК Зуева;0.004023695093327373;36;вероятно;6
7;weekday;6;1;4;Миусское депо;0.005476696099251146;49;вероятно;6
7;weekday;6;1;5;Лесная улица;0.007265005029618867;65;вероятно;6
7;weekday;6;1;6;Улица Палиха;0.015200625908125629;136;вероятно;6
7;weekday;6;1;7;Площадь Борьбы;0.015759472448865542;141;вероятно;6
7;weekday;6;1;8;Улица Достоевского;0.008382698111098692;75;вероятно;6
7;weekday;6;1;9;Селезнёвская улица;0.008606236727394658;77;вероятно;6
7;weekday;6;1;10;4-й Самотёчный переулок;0.004470772325919302;40;вероятно;6
7;weekday;6;1;11;Самотёчная улица;0.008606236727394658;77;вероятно;6
7;weekday;6;1;12;Театр зверей имени Дурова;0.007712082262210797;69;вероятно;6
7;weekday;6;1;13;Улица Щепкина;0.006817927797026936;61;вероятно;6
7;weekday;6;1;14;Ул. Гиляровского;0.009276852576282553;83;вероятно;6
7;weekday;6;1;15;Спорткомплекс «Олимпийский»;0.016765396222197384;150;вероятно;6
7;weekday;6;1;16;Метро «Проспект Мира»;0.032971945903654855;295;вероятно;6
7;weekday;6;1;17;Ботанический переулок;0.023359785402928355;209;вероятно;6
7;weekday;6;1;18;Астраханский переулок;0.018330166536269142;164;вероятно;6
7;weekday;6;1;19;Пантелеевская улица;0.03632502514809433;325;вероятно;6
7;weekday;6;1;20;Каланчёвская улица;0.061249580865094445;548;вероятно;6
7;weekday;6;1;21;МЦД Площадь трёх вокзалов;0.038560411311053984;345;вероятно;6
7;weekday;6;1;22;Метро «Комсомольская»;0.05700234715547111;510;вероятно;6
7;weekday;6;1;23;Метро «Красносельская»;0.04627249357326478;414;вероятно;6
7;weekday;6;1;24;Леснорядская улица;0.029507097351067397;264;вероятно;6
7;weekday;6;1;25;МЦД Митьково;0.019336090309600984;173;вероятно;6
7;weekday;6;1;26;Метро «Сокольники»;0.014753548675533698;132;вероятно;6
7;weekday;6;1;27;Клуб Русакова - Сцена «Мельников»;0.015759472448865542;141;вероятно;6
7;weekday;6;1;28;М. Остроумовская ул.;0.01352408628590589;121;вероятно;6
7;weekday;6;1;29;Трамвайное депо имени Русакова;0.015647703140717558;140;вероятно;6
7;weekday;6;1;30;Преображенская площадь;0.018106627919973174;162;вероятно;6
7;weekday;6;1;31;Метро «Преображенская площадь»;0.014641779367385716;131;вероятно;6
7;weekday;6;1;32;Улица Хромова;0.0076003129540628146;68;вероятно;6
7;weekday;6;1;33;Мосгорсуд;0.007376774337766849;66;вероятно;6
7;weekday;6;1;34;Телерадиокомпания «МИР»;0.0045825416340672855;41;вероятно;6
7;weekday;6;1;35;1-я Прогонная улица;0.007823851570358779;70;вероятно;6
7;weekday;6;1;36;Инновационный университет;0.015759472448865542;141;вероятно;6
7;weekday;6;1;37;Богородский храм;0.004470772325919302;40;вероятно;6
7;weekday;6;1;38;Богородское;0.0074885436459148315;67;вероятно;6
7;weekday;6;1;39;Ланинский переулок;0.009165083268134571;82;вероятно;6
7;weekday;6;1;40;Погонный проезд;0.006035542639991058;54;вероятно;6
7;weekday;6;1;41;Игральная улица;0.008047390186654745;72;вероятно;6
7;weekday;6;1;42;3-й проезд Подбельского;0.0038001564770314073;34;вероятно;6
7;weekday;6;1;43;5-й пр. Подбельского;0.010394545657762379;93;вероятно;6
7;weekday;7;0;1;Метро «Бульвар Рокоссовского»;0.060257221168037105;1429;вероятно;7
7;weekday;7;0;2;5-й пр. Подбельского;0.015897111532785158;377;вероятно;7
7;weekday;7;0;3;3-й проезд Подбельского;0.007252793590554502;172;вероятно;7
7;weekday;7;0;4;Игральная ул.;0.009065991988193127;215;вероятно;7
7;weekday;7;0;5;Погонный проезд;0.017878979548808772;424;вероятно;7
7;weekday;7;0;6;Ланинский переулок;0.02061986084756483;489;вероятно;7
7;weekday;7;0;7;Богородское;0.029179843980602995;692;вероятно;7
7;weekday;7;0;8;Богородский храм;0.037149483449293697;881;вероятно;7
7;weekday;7;0;9;Инновационный университет;0.01657179000632511;393;вероятно;7
7;weekday;7;0;10;1-я Прогонная ул.;0.010246679316888045;243;вероятно;7
7;weekday;7;0;11;Телерадиокомпания «МИР»;0.008264811300864431;196;вероятно;7
7;weekday;7;0;12;Мосгорсуд;0.013409234661606578;318;вероятно;7
7;weekday;7;0;13;Улица Хромова;0.019312671305081172;458;вероятно;7
7;weekday;7;0;14;Метро «Преображенская площадь»;0.021800548176259753;517;вероятно;7
7;weekday;7;0;15;Преображенская площадь;0.02922201138519924;693;вероятно;7
7;weekday;7;0;16;Трамв. депо им. Русакова;0.021547543748682268;511;вероятно;7
7;weekday;7;0;17;Малая Остроумовская улица;0.023360742146320893;554;вероятно;7
7;weekday;7;0;18;Клуб Русакова - Сцена «Мельников»;0.017204301075268817;408;вероятно;7
7;weekday;7;0;19;Метро «Сокольники»;0.024372759856630826;578;вероятно;7
7;weekday;7;0;20;МЦД Митьково;0.026691967109424414;633;вероятно;7
7;weekday;7;0;21;Леснорядская улица;0.029981024667931688;711;вероятно;7
7;weekday;7;0;22;Метро «Красносельская»;0.03542061986084757;840;вероятно;7
7;weekday;7;0;23;Метро «Комсомольская»;0.025342610162344507;601;вероятно;7
7;weekday;7;0;24;МЦД Площадь трёх вокзалов;0.01699346405228758;403;вероятно;7
7;weekday;7;0;25;Каланчёвская улица;0.014589921990301498;346;вероятно;7
7;weekday;7;0;26;Пантелеевская улица;0.009150326797385621;217;вероятно;7
7;weekday;7;0;27;Астраханский переулок;0.006409445498629559;152;вероятно;7
7;weekday;7;0;28;Ботанический переулок;0.006578115117014548;156;вероятно;7
7;weekday;7;0;29;Метро «Проспект Мира»;0.006662449926207042;158;вероятно;7
7;weekday;7;0;30;Спорткомплекс «Олимпийский»;0.009403331224963103;223;вероятно;7
7;weekday;7;0;31;Ул. Гиляровского;0.007168458781362007;170;вероятно;7
7;weekday;7;0;32;Улица Щепкина;0.014505587181109003;344;вероятно;7
7;weekday;7;0;33;Театр зверей им. Дурова;0.013029728020240354;309;вероятно;7
7;weekday;7;0;34;Самотёчная улица;0.0116382036685642;276;вероятно;7
7;weekday;7;0;35;4-й Самотёчный переулок;0.005270925574530887;125;вероятно;7
7;weekday;7;0;36;Селезнёвская улица;0.006198608475648324;147;вероятно;7
7;weekday;7;0;37;Улица Достоевского;0.006409445498629559;152;вероятно;7
7;weekday;7;0;38;Площадь Борьбы;0.00290955091714105;69;вероятно;7
7;weekday;7;0;39;Улица Палиха;0.004005903436643475;95;вероятно;7
7;weekday;7;0;40;Лесная улица;0.004933586337760911;117;вероятно;7
7;weekday;7;0;41;Миусское депо;0.00261437908496732;62;вероятно;7
7;weekday;7;0;42;ДК Зуева;0.004427577482605946;105;вероятно;7
7;weekday;7;0;43;Метро «Белорусская»;0.0023613746573898377;56;вероятно;7
7;weekday;7;1;1;Белорусский вокзал;0.007379295804343242;175;вероятно;7
7;weekday;7;1;2;Метро «Белорусская»;0.0010963525195024247;26;вероятно;7
7;weekday;7;1;3;ДК Зуева;0.0007168458781362007;17;вероятно;7
7;weekday;7;1;4;Миусское депо;0.0005481762597512123;13;вероятно;7
7;weekday;7;1;5;Лесная улица;0.002993885726333544;71;вероятно;7
7;weekday;7;1;6;Улица Палиха;0.003246890153911027;77;вероятно;7
7;weekday;7;1;7;Площадь Борьбы;0.0018975332068311196;45;вероятно;7
7;weekday;7;1;8;Улица Достоевского;0.0005903436643474594;14;вероятно;7
7;weekday;7;1;9;Селезнёвская улица;0.0017710309930423782;42;вероятно;7
7;weekday;7;1;10;4-й Самотёчный переулок;0.0015601939700611428;37;вероятно;7
7;weekday;7;1;11;Самотёчная улица;0.002993885726333544;71;вероятно;7
7;weekday;7;1;12;Театр зверей имени Дурова;0.003373392367699768;80;вероятно;7
7;weekday;7;1;13;Улица Щепкина;0.004090238245835969;97;вероятно;7
7;weekday;7;1;14;Ул. Гиляровского;0.0026565464895635673;63;вероятно;7
7;weekday;7;1;15;Спорткомплекс «Олимпийский»;0.0022348724436010966;53;вероятно;7
7;weekday;7;1;16;Метро «Проспект Мира»;0.00392156862745098;93;вероятно;7
7;weekday;7;1;17;Ботанический переулок;0.0019397006114273666;46;вероятно;7
7;weekday;7;1;18;Астраханский переулок;0.002150537634408602;51;вероятно;7
7;weekday;7;1;19;Пантелеевская улица;0.003331224963103521;79;вероятно;7
7;weekday;7;1;20;Каланчёвская улица;0.0041324056504322155;98;вероятно;7
7;weekday;7;1;21;МЦД Площадь трёх вокзалов;0.00290955091714105;69;вероятно;7
7;weekday;7;1;22;Метро «Комсомольская»;0.006662449926207042;158;вероятно;7
7;weekday;7;1;23;Метро «Красносельская»;0.013156230234029096;312;вероятно;7
7;weekday;7;1;24;Леснорядская улица;0.0059034366434745945;140;вероятно;7
7;weekday;7;1;25;МЦД Митьково;0.007590132827324478;180;вероятно;7
7;weekday;7;1;26;Метро «Сокольники»;0.008897322369808138;211;вероятно;7
7;weekday;7;1;27;Клуб Русакова - Сцена «Мельников»;0.012017710309930424;285;вероятно;7
7;weekday;7;1;28;М. Остроумовская ул.;0.01324056504322159;314;вероятно;7
7;weekday;7;1;29;Трамвайное депо имени Русакова;0.013746573898376555;326;вероятно;7
7;weekday;7;1;30;Преображенская площадь;0.014589921990301498;346;вероятно;7
7;weekday;7;1;31;Метро «Преображенская площадь»;0.014589921990301498;346;вероятно;7
7;weekday;7;1;32;Улица Хромова;0.01568627450980392;372;вероятно;7
7;weekday;7;1;33;Мосгорсуд;0.009445498629559351;224;вероятно;7
7;weekday;7;1;34;Телерадиокомпания «МИР»;0.006662449926207042;158;вероятно;7
7;weekday;7;1;35;1-я Прогонная улица;0.007168458781362007;170;вероятно;7
7;weekday;7;1;36;Инновационный университет;0.01437908496732026;341;вероятно;7
7;weekday;7;1;37;Богородский храм;0.018384988403963735;436;вероятно;7
7;weekday;7;1;38;Богородское;0.024625764284208308;584;вероятно;7
7;weekday;7;1;39;Ланинский переулок;0.018975332068311195;450;вероятно;7
7;weekday;7;1;40;Погонный проезд;0.014210415348935274;337;вероятно;7
7;weekday;7;1;41;Игральная улица;0.008517815728441914;202;вероятно;7
7;weekday;7;1;42;3-й проезд Подбельского;0.009529833438751845;226;вероятно;7
7;weekday;7;1;43;5-й пр. Подбельского;0.011174362218005482;265;вероятно;7
7;weekday;8;0;1;Метро «Бульвар Рокоссовского»;0.013266816512252618;484;вероятно;8
7;weekday;8;0;2;5-й пр. Подбельского;0.0022476837892659394;82;вероятно;8
7;weekday;8;0;3;3-й проезд Подбельского;0.0014527712296474975;53;вероятно;8
7;weekday;8;0;4;Игральная ул.;0.00213804067759443;78;вероятно;8
7;weekday;8;0;5;Погонный проезд;0.0029877747930486267;109;вероятно;8
7;weekday;8;0;6;Ланинский переулок;0.004084205909763719;149;вероятно;8
7;weekday;8;0;7;Богородское;0.007017159146976591;256;вероятно;8
7;weekday;8;0;8;Богородский храм;0.012800833287648703;467;вероятно;8
7;weekday;8;0;9;Инновационный университет;0.009127789046653144;333;вероятно;8
7;weekday;8;0;10;1-я Прогонная ул.;0.007510553149498383;274;вероятно;8
7;weekday;8;0;11;Телерадиокомпания «МИР»;0.006222246587358149;227;вероятно;8
7;weekday;8;0;12;Мосгорсуд;0.009648593827092813;352;вероятно;8
7;weekday;8;0;13;Улица Хромова;0.01537744641192917;561;вероятно;8
7;weekday;8;0;14;Метро «Преображенская площадь»;0.016967271531166055;619;вероятно;8
7;weekday;8;0;15;Преображенская площадь;0.019927635546296806;727;вероятно;8
7;weekday;8;0;16;Трамв. депо им. Русакова;0.01526780330025766;557;вероятно;8
7;weekday;8;0;17;Малая Остроумовская улица;0.009758236938764321;356;вероятно;8
7;weekday;8;0;18;Клуб Русакова - Сцена «Мельников»;0.005920728030261499;216;вероятно;8
7;weekday;8;0;19;Метро «Сокольники»;0.010251630941286114;374;вероятно;8
7;weekday;8;0;20;МЦД Митьково;0.02261389178224878;825;вероятно;8
7;weekday;8;0;21;Леснорядская улица;0.020037278657968314;731;вероятно;8
7;weekday;8;0;22;Метро «Красносельская»;0.02902801381503207;1059;вероятно;8
7;weekday;8;0;23;Метро «Комсомольская»;0.022860588783509675;834;вероятно;8
7;weekday;8;0;24;МЦД Площадь трёх вокзалов;0.015404857189847047;562;вероятно;8
7;weekday;8;0;25;Каланчёвская улица;0.03747053341373828;1367;вероятно;8
7;weekday;8;0;26;Пантелеевская улица;0.02269612411600241;828;вероятно;8
7;weekday;8;0;27;Астраханский переулок;0.012499314730552054;456;вероятно;8
7;weekday;8;0;28;Ботанический переулок;0.010416095608793377;380;вероятно;8
7;weekday;8;0;29;Метро «Проспект Мира»;0.014390658406885587;525;вероятно;8
7;weekday;8;0;30;Спорткомплекс «Олимпийский»;0.015322624856093417;559;вероятно;8
7;weekday;8;0;31;Ул. Гиляровского;0.015130749410668274;552;вероятно;8
7;weekday;8;0;32;Улица Щепкина;0.027547831807466696;1005;вероятно;8
7;weekday;8;0;33;Театр зверей им. Дурова;0.037443122635820406;1366;вероятно;8
7;weekday;8;0;34;Самотёчная улица;0.02546461268570802;929;вероятно;8
7;weekday;8;0;35;4-й Самотёчный переулок;0.01894084754125322;691;вероятно;8
7;weekday;8;0;36;Селезнёвская улица;0.017159146976591197;626;вероятно;8
7;weekday;8;0;37;Улица Достоевского;0.014527712296474975;530;вероятно;8
7;weekday;8;0;38;Площадь Борьбы;0.024614878570253823;898;вероятно;8
7;weekday;8;0;39;Улица Палиха;0.032975165835206405;1203;вероятно;8
7;weekday;8;0;40;Лесная улица;0.028781316813771173;1050;вероятно;8
7;weekday;8;0;41;Миусское депо;0.01600789430404035;584;вероятно;8
7;weekday;8;0;42;ДК Зуева;0.020366207992982843;743;вероятно;8
7;weekday;8;0;43;Метро «Белорусская»;0.015048517076914642;549;вероятно;8
7;weekday;8;1;1;Белорусский вокзал;0.04160956087933775;1518;вероятно;8
7;weekday;8;1;2;Метро «Белорусская»;0.011156186612576065;407;вероятно;8
7;weekday;8;1;3;ДК Зуева;0.010059755495860972;367;вероятно;8
7;weekday;8;1;4;Миусское депо;0.009676004605010691;353;вероятно;8
7;weekday;8;1;5;Лесная улица;0.010909489611315168;398;вероятно;8
7;weekday;8;1;6;Улица Палиха;0.014664766186064361;535;вероятно;8
7;weekday;8;1;7;Площадь Борьбы;0.012773422509730827;466;вероятно;8
7;weekday;8;1;8;Улица Достоевского;0.008113590263691683;296;вероятно;8
7;weekday;8;1;9;Селезнёвская улица;0.010032344717943096;366;вероятно;8
7;weekday;8;1;10;4-й Самотёчный переулок;0.00682528370155145;249;вероятно;8
7;weekday;8;1;11;Самотёчная улица;0.011457705169672715;418;вероятно;8
7;weekday;8;1;12;Театр зверей имени Дурова;0.00937448604791404;342;вероятно;8
7;weekday;8;1;13;Улица Щепкина;0.010772435721725782;393;вероятно;8
7;weekday;8;1;14;Ул. Гиляровского;0.007620196261169892;278;вероятно;8
7;weekday;8;1;15;Спорткомплекс «Олимпийский»;0.011293240502165451;412;вероятно;8
7;weekday;8;1;16;Метро «Проспект Мира»;0.013157173400581108;480;вероятно;8
7;weekday;8;1;17;Ботанический переулок;0.0056466202510827256;206;вероятно;8
7;weekday;8;1;18;Астраханский переулок;0.005016172358971548;183;вероятно;8
7;weekday;8;1;19;Пантелеевская улица;0.006688229811962063;244;вероятно;8
7;weekday;8;1;20;Каланчёвская улица;0.006743051367797818;246;вероятно;8
7;weekday;8;1;21;МЦД Площадь трёх вокзалов;0.00805876870785593;294;вероятно;8
7;weekday;8;1;22;Метро «Комсомольская»;0.010470917164629133;382;вероятно;8
7;weekday;8;1;23;Метро «Красносельская»;0.014856641631489502;542;вероятно;8
7;weekday;8;1;24;Леснорядская улица;0.007181623814483855;262;вероятно;8
7;weekday;8;1;25;МЦД Митьково;0.005893317252343621;215;вероятно;8
7;weekday;8;1;26;Метро «Сокольники»;0.005454744805657584;199;вероятно;8
7;weekday;8;1;27;Клуб Русакова - Сцена «Мельников»;0.005920728030261499;216;вероятно;8
7;weekday;8;1;28;М. Остроумовская ул.;0.001781700564662025;65;вероятно;8
7;weekday;8;1;29;Трамвайное депо имени Русакова;0.0011238418946329697;41;вероятно;8
7;weekday;8;1;30;Преображенская площадь;0.0035908119072419276;131;вероятно;8
7;weekday;8;1;31;Метро «Преображенская площадь»;0.003070007126802259;112;вероятно;8
7;weekday;8;1;32;Улица Хромова;0.002028397565922921;74;вероятно;8
7;weekday;8;1;33;Мосгорсуд;0.0008497341154541965;31;вероятно;8
7;weekday;8;1;34;Телерадиокомпания «МИР»;0.0006852694479469328;25;вероятно;8
7;weekday;8;1;35;1-я Прогонная улица;0.0005208047804396689;19;вероятно;8
7;weekday;8;1;36;Инновационный университет;0.0008497341154541965;31;вероятно;8
7;weekday;8;1;37;Богородский храм;0.0015624143413190067;57;вероятно;8
7;weekday;8;1;38;Богородское;0.002631434680116222;96;вероятно;8
7;weekday;8;1;39;Ланинский переулок;0.004193849021435228;153;вероятно;8
7;weekday;8;1;40;Погонный проезд;0.001946165232169289;71;вероятно;8
7;weekday;8;1;41;Игральная улица;0.001507592785483252;55;вероятно;8
7;weekday;8;1;42;3-й проезд Подбельского;0.001863932898415657;68;вероятно;8
7;weekday;8;1;43;5-й пр. Подбельского;0.0016446466750726385;60;вероятно;8
7;weekday;9;0;1;Метро «Бульвар Рокоссовского»;0.03185307410861611;888;вероятно;9
7;weekday;9;0;2;5-й пр. Подбельского;0.005882774947987661;164;вероятно;9
7;weekday;9;0;3;3-й проезд Подбельского;0.00495013989525791;138;вероятно;9
7;weekday;9;0;4;Игральная ул.;0.0037664107898701484;105;вероятно;9
7;weekday;9;0;5;Погонный проезд;0.005954516105889949;166;вероятно;9
7;weekday;9;0;6;Ланинский переулок;0.007102374632326566;198;вероятно;9
7;weekday;9;0;7;Богородское;0.00889590357988378;248;вероятно;9
7;weekday;9;0;8;Богородский храм;0.008501327211421193;237;вероятно;9
7;weekday;9;0;9;Инновационный университет;0.004555563526795322;127;вероятно;9
7;weekday;9;0;10;1-я Прогонная ул.;0.0029413874739938305;82;вероятно;9
7;weekday;9;0;11;Телерадиокомпания «МИР»;0.002654422842384676;74;вероятно;9
7;weekday;9;0;12;Мосгорсуд;0.003909893105674725;109;вероятно;9
7;weekday;9;0;13;Улица Хромова;0.0024391993686778105;68;вероятно;9
7;weekday;9;0;14;Метро «Преображенская площадь»;0.0029413874739938305;82;вероятно;9
7;weekday;9;0;15;Преображенская площадь;0.0008967644737786068;25;вероятно;9
7;weekday;9;0;16;Трамв. депо им. Русакова;0.0010043762106320396;28;вероятно;9
7;weekday;9;0;17;Малая Остроумовская улица;0.0006815410000717411;19;вероятно;9
7;weekday;9;0;18;Клуб Русакова - Сцена «Мельников»;0.0005380586842671641;15;вероятно;9
7;weekday;9;0;19;Метро «Сокольники»;0.000394576368462587;11;вероятно;9
7;weekday;9;0;20;МЦД Митьково;0.000789152736925174;22;вероятно;9
7;weekday;9;0;21;Леснорядская улица;0.000789152736925174;22;вероятно;9
7;weekday;9;0;22;Метро «Красносельская»;0.0017935289475572136;50;вероятно;9
7;weekday;9;0;23;Метро «Комсомольская»;0.0006456704211205969;18;вероятно;9
7;weekday;9;0;24;МЦД Площадь трёх вокзалов;0.0008608938948274625;24;вероятно;9
7;weekday;9;0;25;Каланчёвская улица;0.0006097998421694526;17;вероятно;9
7;weekday;9;0;26;Пантелеевская улица;0.000932635052729751;26;вероятно;9
7;weekday;9;0;27;Астраханский переулок;0.0005021881053160198;14;вероятно;9
7;weekday;9;0;28;Ботанический переулок;0.0015065643159480593;42;вероятно;9
7;weekday;9;0;29;Метро «Проспект Мира»;0.0012554702632900496;35;вероятно;9
7;weekday;9;0;30;Спорткомплекс «Олимпийский»;0.001183729105387761;33;вероятно;9
7;weekday;9;0;31;Ул. Гиляровского;0.003264222684554129;91;вероятно;9
7;weekday;9;0;32;Улица Щепкина;0.0012195996843389052;34;вероятно;9
7;weekday;9;0;33;Театр зверей им. Дурова;0.004412081210990746;123;вероятно;9
7;weekday;9;0;34;Самотёчная улица;0.0031924815266518402;89;вероятно;9
7;weekday;9;0;35;4-й Самотёчный переулок;0.0030131286318961187;84;вероятно;9
7;weekday;9;0;36;Селезнёвская улица;0.004304469474137313;120;вероятно;9
7;weekday;9;0;37;Улица Достоевского;0.004376210632039601;122;вероятно;9
7;weekday;9;0;38;Площадь Борьбы;0.0063849630533036805;178;вероятно;9
7;weekday;9;0;39;Улица Палиха;0.009290479948346366;259;вероятно;9
7;weekday;9;0;40;Лесная улица;0.006026257263792237;168;вероятно;9
7;weekday;9;0;41;Миусское депо;0.0052729751058182076;147;вероятно;9
7;weekday;9;0;42;ДК Зуева;0.006851280579668556;191;вероятно;9
7;weekday;9;0;43;Метро «Белорусская»;0.005918645526938804;165;вероятно;9
7;weekday;9;1;1;Белорусский вокзал;0.034041179424635915;949;вероятно;9
7;weekday;9;1;2;Метро «Белорусская»;0.011370973527512734;317;вероятно;9
7;weekday;9;1;3;ДК Зуева;0.009433962264150943;263;вероятно;9
7;weekday;9;1;4;Миусское депо;0.007066504053375422;197;вероятно;9
7;weekday;9;1;5;Лесная улица;0.013738431738288256;383;вероятно;9
7;weekday;9;1;6;Улица Палиха;0.024391993686778104;680;вероятно;9
7;weekday;9;1;7;Площадь Борьбы;0.018616830475643876;519;вероятно;9
7;weekday;9;1;8;Улица Достоевского;0.025468111055312433;710;вероятно;9
7;weekday;9;1;9;Селезнёвская улица;0.027189898844967357;758;вероятно;9
7;weekday;9;1;10;4-й Самотёчный переулок;0.021127771002223975;589;вероятно;9
7;weekday;9;1;11;Самотёчная улица;0.02679532247650477;747;вероятно;9
7;weekday;9;1;12;Театр зверей имени Дурова;0.018258124686132433;509;вероятно;9
7;weekday;9;1;13;Улица Щепкина;0.016249372264868354;453;вероятно;9
7;weekday;9;1;14;Ул. Гиляровского;0.014886290264724872;415;вероятно;9
7;weekday;9;1;15;Спорткомплекс «Олимпийский»;0.01621350168591721;452;вероятно;9
7;weekday;9;1;16;Метро «Проспект Мира»;0.014814549106822584;413;вероятно;9
7;weekday;9;1;17;Ботанический переулок;0.013810172896190544;385;вероятно;9
7;weekday;9;1;18;Астраханский переулок;0.009685056316808953;270;вероятно;9
7;weekday;9;1;19;Пантелеевская улица;0.018688571633546164;521;вероятно;9
7;weekday;9;1;20;Каланчёвская улица;0.019836430159982783;553;вероятно;9
7;weekday;9;1;21;МЦД Площадь трёх вокзалов;0.018867924528301886;526;вероятно;9
7;weekday;9;1;22;Метро «Комсомольская»;0.021378865054881985;596;вероятно;9
7;weekday;9;1;23;Метро «Красносельская»;0.029306263003084868;817;вероятно;9
7;weekday;9;1;24;Леснорядская улица;0.025145275844752134;701;вероятно;9
7;weekday;9;1;25;МЦД Митьково;0.020087524212640793;560;вероятно;9
7;weekday;9;1;26;Метро «Сокольники»;0.03217590931917641;897;вероятно;9
7;weekday;9;1;27;Клуб Русакова - Сцена «Мельников»;0.028768204318817707;802;вероятно;9
7;weekday;9;1;28;М. Остроумовская ул.;0.021952794318100294;612;вероятно;9
7;weekday;9;1;29;Трамвайное депо имени Русакова;0.01922663031781333;536;вероятно;9
7;weekday;9;1;30;Преображенская площадь;0.03665973168806944;1022;вероятно;9
7;weekday;9;1;31;Метро «Преображенская площадь»;0.044802353109979196;1249;вероятно;9
7;weekday;9;1;32;Улица Хромова;0.019513594949422484;544;вероятно;9
7;weekday;9;1;33;Мосгорсуд;0.01528086663318746;426;вероятно;9
7;weekday;9;1;34;Телерадиокомпания «МИР»;0.01083291484324557;302;вероятно;9
7;weekday;9;1;35;1-я Прогонная улица;0.008824162421981491;246;вероятно;9
7;weekday;9;1;36;Инновационный университет;0.01226773800129134;342;вероятно;9
7;weekday;9;1;37;Богородский храм;0.016930913264940096;472;вероятно;9
7;weekday;9;1;38;Богородское;0.023028911686634623;642;вероятно;9
7;weekday;9;1;39;Ланинский переулок;0.01990817131788507;555;вероятно;9
7;weekday;9;1;40;Погонный проезд;0.012124255685486763;338;вероятно;9
7;weekday;9;1;41;Игральная улица;0.009111127053590644;254;вероятно;9
7;weekday;9;1;42;3-й проезд Подбельского;0.008824162421981491;246;вероятно;9
7;weekday;9;1;43;5-й пр. Подбельского;0.009039385895688356;252;вероятно;9
7;weekday;10;0;1;Метро «Бульвар Рокоссовского»;0.06520719311962471;1668;вероятно;10
7;weekday;10;0;2;5-й пр. Подбельского;0.011884284597341673;304;вероятно;10
7;weekday;10;0;3;3-й проезд Подбельского;0.011376075058639561;291;вероятно;10
7;weekday;10;0;4;Игральная ул.;0.010633307271305707;272;вероятно;10
7;weekday;10;0;5;Погонный проезд;0.0218921032056294;560;вероятно;10
7;weekday;10;0;6;Ланинский переулок;0.018764659890539485;480;вероятно;10
7;weekday;10;0;7;Богородское;0.027443315089913996;702;вероятно;10
7;weekday;10;0;8;Богородский храм;0.03846755277560594;984;вероятно;10
7;weekday;10;0;9;Инновационный университет;0.01899921813917123;486;вероятно;10
7;weekday;10;0;10;1-я Прогонная ул.;0.011923377638780297;305;вероятно;10
7;weekday;10;0;11;Телерадиокомпания «МИР»;0.015480844409695074;396;вероятно;10
7;weekday;10;0;12;Мосгорсуд;0.01872556684910086;479;вероятно;10
7;weekday;10;0;13;Улица Хромова;0.028655199374511338;733;вероятно;10
7;weekday;10;0;14;Метро «Преображенская площадь»;0.0346364347146208;886;вероятно;10
7;weekday;10;0;15;Преображенская площадь;0.03577013291634089;915;вероятно;10
7;weekday;10;0;16;Трамв. депо им. Русакова;0.034831899921813916;891;вероятно;10
7;weekday;10;0;17;Малая Остроумовская улица;0.02470680218921032;632;вероятно;10
7;weekday;10;0;18;Клуб Русакова - Сцена «Мельников»;0.016145426114151682;413;вероятно;10
7;weekday;10;0;19;Метро «Сокольники»;0.02111024237685692;540;вероятно;10
7;weekday;10;0;20;МЦД Митьково;0.025371383893666926;649;вероятно;10
7;weekday;10;0;21;Леснорядская улица;0.02490226739640344;637;вероятно;10
7;weekday;10;0;22;Метро «Красносельская»;0.02392494136043784;612;вероятно;10
7;weekday;10;0;23;Метро «Комсомольская»;0.020797498045347928;532;вероятно;10
7;weekday;10;0;24;МЦД Площадь трёх вокзалов;0.019155590304925724;490;вероятно;10
7;weekday;10;0;25;Каланчёвская улица;0.027013291634089134;691;вероятно;10
7;weekday;10;0;26;Пантелеевская улица;0.02103205629397967;538;вероятно;10
7;weekday;10;0;27;Астраханский переулок;0.011376075058639561;291;вероятно;10
7;weekday;10;0;28;Ботанический переулок;0.00836591086786552;214;вероятно;10
7;weekday;10;0;29;Метро «Проспект Мира»;0.019781078967943705;506;вероятно;10
7;weekday;10;0;30;Спорткомплекс «Олимпийский»;0.015011727912431588;384;вероятно;10
7;weekday;10;0;31;Ул. Гиляровского;0.009382329945269743;240;вероятно;10
7;weekday;10;0;32;Улица Щепкина;0.019038311180609852;487;вероятно;10
7;weekday;10;0;33;Театр зверей им. Дурова;0.02083659108678655;533;вероятно;10
7;weekday;10;0;34;Самотёчная улица;0.008522283033620015;218;вероятно;10
7;weekday;10;0;35;4-й Самотёчный переулок;0.003752931978107897;96;вероятно;10
7;weekday;10;0;36;Селезнёвская улица;0.005003909304143862;128;вероятно;10
7;weekday;10;0;37;Улица Достоевского;0.003205629397967162;82;вероятно;10
7;weekday;10;0;38;Площадь Борьбы;0.0073885848318999215;189;вероятно;10
7;weekday;10;0;39;Улица Палиха;0.005551211884284597;142;вероятно;10
7;weekday;10;0;40;Лесная улица;0.004065676309616888;104;вероятно;10
7;weekday;10;0;41;Миусское депо;0.003635652853792025;93;вероятно;10
7;weekday;10;0;42;ДК Зуева;0.004534792806880375;116;вероятно;10
7;weekday;10;0;43;Метро «Белорусская»;0.005003909304143862;128;вероятно;10
7;weekday;10;1;1;Белорусский вокзал;0.006684910086004691;171;вероятно;10
7;weekday;10;1;2;Метро «Белорусская»;0.0019155590304925723;49;вероятно;10
7;weekday;10;1;3;ДК Зуева;0.00218921032056294;56;вероятно;10
7;weekday;10;1;4;Миусское депо;0.000977326035965598;25;вероятно;10
7;weekday;10;1;5;Лесная улица;0.0013291634089132134;34;вероятно;10
7;weekday;10;1;6;Улица Палиха;0.002071931196247068;53;вероятно;10
7;weekday;10;1;7;Площадь Борьбы;0.0008600469116497264;22;вероятно;10
7;weekday;10;1;8;Улица Достоевского;0.0007036747458952306;18;вероятно;10
7;weekday;10;1;9;Селезнёвская улица;0.0014073494917904612;36;вероятно;10
7;weekday;10;1;10;4-й Самотёчный переулок;0.0007036747458952306;18;вероятно;10
7;weekday;10;1;11;Самотёчная улица;0.0011336982017200938;29;вероятно;10
7;weekday;10;1;12;Театр зверей имени Дурова;0.0015246286161063331;39;вероятно;10
7;weekday;10;1;13;Улица Щепкина;0.0007427677873338546;19;вероятно;10
7;weekday;10;1;14;Ул. Гиляровского;0.001055512118842846;27;вероятно;10
7;weekday;10;1;15;Спорткомплекс «Олимпийский»;0.0012509773260359655;32;вероятно;10
7;weekday;10;1;16;Метро «Проспект Мира»;0.0016810007818608287;43;вероятно;10
7;weekday;10;1;17;Ботанический переулок;0.0008600469116497264;22;вероятно;10
7;weekday;10;1;18;Астраханский переулок;0.0014464425332290853;37;вероятно;10
7;weekday;10;1;19;Пантелеевская улица;0.0019155590304925723;49;вероятно;10
7;weekday;10;1;20;Каланчёвская улица;0.003596559812353401;92;вероятно;10
7;weekday;10;1;21;МЦД Площадь трёх вокзалов;0.0023064894448788114;59;вероятно;10
7;weekday;10;1;22;Метро «Комсомольская»;0.002501954652071931;64;вероятно;10
7;weekday;10;1;23;Метро «Красносельская»;0.0050820953870211105;130;вероятно;10
7;weekday;10;1;24;Леснорядская улица;0.00598123534010946;153;вероятно;10
7;weekday;10;1;25;МЦД Митьково;0.006254886630179828;160;вероятно;10
7;weekday;10;1;26;Метро «Сокольники»;0.010320562939796716;264;вероятно;10
7;weekday;10;1;27;Клуб Русакова - Сцена «Мельников»;0.011219702892885066;287;вероятно;10
7;weekday;10;1;28;М. Остроумовская ул.;0.008639562157935888;221;вероятно;10
7;weekday;10;1;29;Трамвайное депо имени Русакова;0.007349491790461298;188;вероятно;10
7;weekday;10;1;30;Преображенская площадь;0.01125879593432369;288;вероятно;10
7;weekday;10;1;31;Метро «Преображенская площадь»;0.016966379984362782;434;вероятно;10
7;weekday;10;1;32;Улица Хромова;0.012900703674745896;330;вероятно;10
7;weekday;10;1;33;Мосгорсуд;0.007974980453479281;204;вероятно;10
7;weekday;10;1;34;Телерадиокомпания «МИР»;0.0035574667709147773;91;вероятно;10
7;weekday;10;1;35;1-я Прогонная улица;0.0028537920250195467;73;вероятно;10
7;weekday;10;1;36;Инновационный университет;0.006684910086004691;171;вероятно;10
7;weekday;10;1;37;Богородский храм;0.010985144644253323;281;вероятно;10
7;weekday;10;1;38;Богородское;0.012197028928850665;312;вероятно;10
7;weekday;10;1;39;Ланинский переулок;0.008639562157935888;221;вероятно;10
7;weekday;10;1;40;Погонный проезд;0.006411258795934324;164;вероятно;10
7;weekday;10;1;41;Игральная улица;0.005942142298670836;152;вероятно;10
7;weekday;10;1;42;3-й проезд Подбельского;0.00707584050039093;181;вероятно;10
7;weekday;10;1;43;5-й пр. Подбельского;0.009538702111024238;244;вероятно;10
7;weekday;11;0;1;Метро «Бульвар Рокоссовского»;0.0005872729560803725;14;вероятно;11
7;weekday;11;0;2;5-й пр. Подбельского;0.00046142875120600696;11;вероятно;11
7;weekday;11;0;3;3-й проезд Подбельского;0.0005033768194974621;12;вероятно;11
7;weekday;11;0;4;Игральная ул.;0.0007970132975376484;19;вероятно;11
7;weekday;11;0;5;Погонный проезд;0.0011325978438692897;27;вероятно;11
7;weekday;11;0;6;Ланинский переулок;0.0027685725072360418;66;вероятно;11
7;weekday;11;0;7;Богородское;0.004110910692562608;98;вероятно;11
7;weekday;11;0;8;Богородский храм;0.00583078149251227;139;вероятно;11
7;weekday;11;0;9;Инновационный университет;0.0028944167121104074;69;вероятно;11
7;weekday;11;0;10;1-я Прогонная ул.;0.002516884097487311;60;вероятно;11
7;weekday;11;0;11;Телерадиокомпания «МИР»;0.003271949326733504;78;вероятно;11
7;weekday;11;0;12;Мосгорсуд;0.004194806829145518;100;вероятно;11
7;weekday;11;0;13;Улица Хромова;0.003733378077939511;89;вероятно;11
7;weekday;11;0;14;Метро «Преображенская площадь»;0.009690003775326146;231;вероятно;11
7;weekday;11;0;15;Преображенская площадь;0.009773899911909056;233;вероятно;11
7;weekday;11;0;16;Трамв. депо им. Русакова;0.00964805570703469;230;вероятно;11
7;weekday;11;0;17;Малая Остроумовская улица;0.00817987331683376;195;вероятно;11
7;weekday;11;0;18;Клуб Русакова - Сцена «Мельников»;0.005453248877889174;130;вероятно;11
7;weekday;11;0;19;Метро «Сокольники»;0.006753638994924284;161;вероятно;11
7;weekday;11;0;20;МЦД Митьково;0.012290784009396368;293;вероятно;11
7;weekday;11;0;21;Леснорядская улица;0.01312974537522547;313;вероятно;11
7;weekday;11;0;22;Метро «Красносельская»;0.01304584923864256;311;вероятно;11
7;weekday;11;0;23;Метро «Комсомольская»;0.01677922731658207;400;вероятно;11
7;weekday;11;0;24;МЦД Площадь трёх вокзалов;0.013884810604471665;331;вероятно;11
7;weekday;11;0;25;Каланчёвская улица;0.018121565501908635;432;вероятно;11
7;weekday;11;0;26;Пантелеевская улица;0.013800914467888753;329;вероятно;11
7;weekday;11;0;27;Астраханский переулок;0.009941692185074878;237;вероятно;11
7;weekday;11;0;28;Ботанический переулок;0.007928184907085028;189;вероятно;11
7;weekday;11;0;29;Метро «Проспект Мира»;0.016108058223918788;384;вероятно;11
7;weekday;11;0;30;Спорткомплекс «Олимпийский»;0.016988967658039346;405;вероятно;11
7;weekday;11;0;31;Ул. Гиляровского;0.011200134233818533;267;вероятно;11
7;weekday;11;0;32;Улица Щепкина;0.020386761189647218;486;вероятно;11
7;weekday;11;0;33;Театр зверей им. Дурова;0.047359369101052894;1129;вероятно;11
7;weekday;11;0;34;Самотёчная улица;0.032216116447837576;768;вероятно;11
7;weekday;11;0;35;4-й Самотёчный переулок;0.015562733336129871;371;вероятно;11
7;weekday;11;0;36;Селезнёвская улица;0.019086371072612105;455;вероятно;11
7;weekday;11;0;37;Улица Достоевского;0.017534292545828264;418;вероятно;11
7;weekday;11;0;38;Площадь Борьбы;0.022987541423717436;548;вероятно;11
7;weekday;11;0;39;Улица Палиха;0.023239229833466168;554;вероятно;11
7;weekday;11;0;40;Лесная улица;0.017282604136079533;412;вероятно;11
7;weekday;11;0;41;Миусское депо;0.01409455094592894;336;вероятно;11
7;weekday;11;0;42;ДК Зуева;0.019799488233566843;472;вероятно;11
7;weekday;11;0;43;Метро «Белорусская»;0.01950585175552666;465;вероятно;11
7;weekday;11;1;1;Белорусский вокзал;0.05583287889592684;1331;вероятно;11
7;weekday;11;1;2;Метро «Белорусская»;0.017282604136079533;412;вероятно;11
7;weekday;11;1;3;ДК Зуева;0.01409455094592894;336;вероятно;11
7;weekday;11;1;4;Миусское депо;0.009312471160703049;222;вероятно;11
7;weekday;11;1;5;Лесная улица;0.015772473677587148;376;вероятно;11
7;weekday;11;1;6;Улица Палиха;0.021267670623767776;507;вероятно;11
7;weekday;11;1;7;Площадь Борьбы;0.014723771970300767;351;вероятно;11
7;weekday;11;1;8;Улица Достоевского;0.014723771970300767;351;вероятно;11
7;weekday;11;1;9;Селезнёвская улица;0.01312974537522547;313;вероятно;11
7;weekday;11;1;10;4-й Самотёчный переулок;0.013213641511808382;315;вероятно;11
7;weekday;11;1;11;Самотёчная улица;0.016150006292210244;385;вероятно;11
7;weekday;11;1;12;Театр зверей имени Дурова;0.021183774487184864;505;вероятно;11
7;weekday;11;1;13;Улица Щепкина;0.014514031628843491;346;вероятно;11
7;weekday;11;1;14;Ул. Гиляровского;0.016150006292210244;385;вероятно;11
7;weekday;11;1;15;Спорткомплекс «Олимпийский»;0.018834682662863374;449;вероятно;11
7;weekday;11;1;16;Метро «Проспект Мира»;0.01782792902386845;425;вероятно;11
7;weekday;11;1;17;Ботанический переулок;0.011242082302109989;268;вероятно;11
7;weekday;11;1;18;Астраханский переулок;0.00956415957045178;228;вероятно;11
7;weekday;11;1;19;Пантелеевская улица;0.010822601619195436;258;вероятно;11
7;weekday;11;1;20;Каланчёвская улица;0.016317798565376063;389;вероятно;11
7;weekday;11;1;21;МЦД Площадь трёх вокзалов;0.011367926506984354;271;вероятно;11
7;weekday;11;1;22;Метро «Комсомольская»;0.012542472419145098;299;вероятно;11
7;weekday;11;1;23;Метро «Красносельская»;0.014304291287386216;341;вероятно;11
7;weekday;11;1;24;Леснорядская улица;0.01304584923864256;311;вероятно;11
7;weekday;11;1;25;МЦД Митьково;0.00939636729728596;224;вероятно;11
7;weekday;11;1;26;Метро «Сокольники»;0.009270523092411595;221;вероятно;11
7;weekday;11;1;27;Клуб Русакова - Сцена «Мельников»;0.010990393892361257;262;вероятно;11
7;weekday;11;1;28;М. Остроумовская ул.;0.009857796048491968;235;вероятно;11
7;weekday;11;1;29;Трамвайное депо имени Русакова;0.008767146272914132;209;вероятно;11
7;weekday;11;1;30;Преображенская площадь;0.008137925248542304;194;вероятно;11
7;weekday;11;1;31;Метро «Преображенская площадь»;0.014472083560552037;345;вероятно;11
7;weekday;11;1;32;Улица Хромова;0.005327404673014808;127;вероятно;11
7;weekday;11;1;33;Мосгорсуд;0.0036075338730651454;86;вероятно;11
7;weekday;11;1;34;Телерадиокомпания «МИР»;0.002097403414572759;50;вероятно;11
7;weekday;11;1;35;1-я Прогонная улица;0.0019296111414069382;46;вероятно;11
7;weekday;11;1;36;Инновационный университет;0.002181299551155669;52;вероятно;11
7;weekday;11;1;37;Богородский храм;0.0014681823902009312;35;вероятно;11
7;weekday;11;1;38;Богородское;0.0015520785267838415;37;вероятно;11
7;weekday;11;1;39;Ланинский переулок;0.00016779227316582072;4;вероятно;11
7;weekday;11;1;40;Погонный проезд;0.0005453248877889173;13;вероятно;11
7;weekday;11;1;41;Игральная улица;0.0003775326146230966;9;вероятно;11
7;weekday;11;1;42;3-й проезд Подбельского;0.0010487017072863794;25;вероятно;11
7;weekday;11;1;43;5-й пр. Подбельского;0.0010067536389949242;24;вероятно;11
7;weekday;12;0;1;Метро «Бульвар Рокоссовского»;0.05150381798348138;1322;вероятно;12
7;weekday;12;0;2;5-й пр. Подбельского;0.008882655446470314;228;вероятно;12
7;weekday;12;0;3;3-й проезд Подбельского;0.006155524388343462;158;вероятно;12
7;weekday;12;0;4;Игральная ул.;0.006467196509272246;166;вероятно;12
7;weekday;12;0;5;Погонный проезд;0.013635655290634253;350;вероятно;12
7;weekday;12;0;6;Ланинский переулок;0.010090384915069348;259;вероятно;12
7;weekday;12;0;7;Богородское;0.014726507713884993;378;вероятно;12
7;weekday;12;0;8;Богородский храм;0.018778245285959172;482;вероятно;12
7;weekday;12;0;9;Инновационный университет;0.008726819386005922;224;вероятно;12
7;weekday;12;0;10;1-я Прогонная ул.;0.007713884992987377;198;вероятно;12
7;weekday;12;0;11;Телерадиокомпания «МИР»;0.004908835904628331;126;вероятно;12
7;weekday;12;0;12;Мосгорсуд;0.006506155524388343;167;вероятно;12
7;weekday;12;0;13;Улица Хромова;0.009778712794140564;251;вероятно;12
7;weekday;12;0;14;Метро «Преображенская площадь»;0.010402057035998129;267;вероятно;12
7;weekday;12;0;15;Преображенская площадь;0.0109474832476235;281;вероятно;12
7;weekday;12;0;16;Трамв. депо им. Русакова;0.006584073554620539;169;вероятно;12
7;weekday;12;0;17;Малая Остроумовская улица;0.004363409693002961;112;вероятно;12
7;weekday;12;0;18;Клуб Русакова - Сцена «Мельников»;0.0018310737104565997;47;вероятно;12
7;weekday;12;0;19;Метро «Сокольники»;0.0022596228767336763;58;вероятно;12
7;weekday;12;0;20;МЦД Митьково;0.004480286738351254;115;вероятно;12
7;weekday;12;0;21;Леснорядская улица;0.0017921146953405018;46;вероятно;12
7;weekday;12;0;22;Метро «Красносельская»;0.0010908524232507402;28;вероятно;12
7;weekday;12;0;23;Метро «Комсомольская»;0.0010518934081346423;27;вероятно;12
7;weekday;12;0;24;МЦД Площадь трёх вокзалов;0.0004675081813931744;12;вероятно;12
7;weekday;12;0;25;Каланчёвская улица;0.0008960573476702509;23;вероятно;12
7;weekday;12;0;26;Пантелеевская улица;7.791803023219573e-05;2;вероятно;12
7;weekday;12;0;27;Астраханский переулок;0.00015583606046439146;4;вероятно;12
7;weekday;12;0;28;Ботанический переулок;0.0001168770453482936;3;вероятно;12
7;weekday;12;0;29;Метро «Проспект Мира»;3.8959015116097865e-05;1;вероятно;12
7;weekday;12;0;32;Улица Щепкина;0.0006233442418575658;16;вероятно;12
7;weekday;12;0;33;Театр зверей им. Дурова;0.0007012622720897616;18;вероятно;12
7;weekday;12;0;34;Самотёчная улица;0.0003506311360448808;9;вероятно;12
7;weekday;12;0;35;4-й Самотёчный переулок;0.0005454262116253701;14;вероятно;12
7;weekday;12;0;36;Селезнёвская улица;0.0005064671965092722;13;вероятно;12
7;weekday;12;0;37;Улица Достоевского;0.00038959015116097863;10;вероятно;12
7;weekday;12;0;38;Площадь Борьбы;0.0010129343930185444;26;вероятно;12
7;weekday;12;0;39;Улица Палиха;0.0019089917406887953;49;вероятно;12
7;weekday;12;0;40;Лесная улица;0.001714196665108306;44;вероятно;12
7;weekday;12;0;41;Миусское депо;0.0012856474988312296;33;вероятно;12
7;weekday;12;0;42;ДК Зуева;0.002025868786037089;52;вероятно;12
7;weekday;12;0;43;Метро «Белорусская»;0.002688172043010753;69;вероятно;12
7;weekday;12;1;1;Белорусский вокзал;0.018934081346423562;486;вероятно;12
7;weekday;12;1;2;Метро «Белорусская»;0.007324294841826399;188;вероятно;12
7;weekday;12;1;3;ДК Зуева;0.0070126227208976155;180;вероятно;12
7;weekday;12;1;4;Миусское депо;0.005571139161601995;143;вероятно;12
7;weekday;12;1;5;Лесная улица;0.01024622097553374;263;вероятно;12
7;weekday;12;1;6;Улица Палиха;0.013908368396446939;357;вероятно;12
7;weekday;12;1;7;Площадь Борьбы;0.01168770453482936;300;вероятно;12
7;weekday;12;1;8;Улица Достоевского;0.011025401277855696;283;вероятно;12
7;weekday;12;1;9;Селезнёвская улица;0.014336917562724014;368;вероятно;12
7;weekday;12;1;10;4-й Самотёчный переулок;0.012817515973196197;329;вероятно;12
7;weekday;12;1;11;Самотёчная улица;0.019284712482468443;495;вероятно;12
7;weekday;12;1;12;Театр зверей имени Дурова;0.015544647031323048;399;вероятно;12
7;weekday;12;1;13;Улица Щепкина;0.023492286115007012;603;вероятно;12
7;weekday;12;1;14;Ул. Гиляровского;0.0164017453638772;421;вероятно;12
7;weekday;12;1;15;Спорткомплекс «Олимпийский»;0.01897304036153966;487;вероятно;12
7;weekday;12;1;16;Метро «Проспект Мира»;0.024427302477793362;627;вероятно;12
7;weekday;12;1;17;Ботанический переулок;0.017609474832476234;452;вероятно;12
7;weekday;12;1;18;Астраханский переулок;0.01733676172666355;445;вероятно;12
7;weekday;12;1;19;Пантелеевская улица;0.024583138538257752;631;вероятно;12
7;weekday;12;1;20;Каланчёвская улица;0.022362474676640175;574;вероятно;12
7;weekday;12;1;21;МЦД Площадь трёх вокзалов;0.014336917562724014;368;вероятно;12
7;weekday;12;1;22;Метро «Комсомольская»;0.017025089605734768;437;вероятно;12
7;weekday;12;1;23;Метро «Красносельская»;0.022946859903381644;589;вероятно;12
7;weekday;12;1;24;Леснорядская улица;0.021817048465014803;560;вероятно;12
7;weekday;12;1;25;МЦД Митьково;0.016167991273180613;415;вероятно;12
7;weekday;12;1;26;Метро «Сокольники»;0.03260869565217391;837;вероятно;12
7;weekday;12;1;27;Клуб Русакова - Сцена «Мельников»;0.03934860526725884;1010;вероятно;12
7;weekday;12;1;28;М. Остроумовская ул.;0.02995948262427926;769;вероятно;12
7;weekday;12;1;29;Трамвайное депо имени Русакова;0.01955742558828113;502;вероятно;12
7;weekday;12;1;30;Преображенская площадь;0.027271310581268506;700;вероятно;12
7;weekday;12;1;31;Метро «Преображенская площадь»;0.038257752844008105;982;вероятно;12
7;weekday;12;1;32;Улица Хромова;0.025245441795231416;648;вероятно;12
7;weekday;12;1;33;Мосгорсуд;0.015310892940626462;393;вероятно;12
7;weekday;12;1;34;Телерадиокомпания «МИР»;0.01055789309646252;271;вероятно;12
7;weekday;12;1;35;1-я Прогонная улица;0.009038491506934705;232;вероятно;12
7;weekday;12;1;36;Инновационный университет;0.012155212716222535;312;вероятно;12
7;weekday;12;1;37;Богородский храм;0.02025868786037089;520;вероятно;12
7;weekday;12;1;38;Богородское;0.022713105812685055;583;вероятно;12
7;weekday;12;1;39;Ланинский переулок;0.020102851799906497;516;вероятно;12
7;weekday;12;1;40;Погонный проезд;0.011337073398784479;291;вероятно;12
7;weekday;12;1;41;Игральная улица;0.01059685211157862;272;вероятно;12
7;weekday;12;1;42;3-й проезд Подбельского;0.010479975066230326;269;вероятно;12
7;weekday;12;1;43;5-й пр. Подбельского;0.011843540595293751;304;вероятно;12
7;weekday;13;0;1;Метро «Бульвар Рокоссовского»;0.06359867330016583;1534;вероятно;13
7;weekday;13;0;2;5-й пр. Подбельского;0.014635157545605307;353;вероятно;13
7;weekday;13;0;3;3-й проезд Подбельского;0.007048092868988391;170;вероятно;13
7;weekday;13;0;4;Игральная ул.;0.009162520729684908;221;вероятно;13
7;weekday;13;0;5;Погонный проезд;0.01625207296849088;392;вероятно;13
7;weekday;13;0;6;Ланинский переулок;0.017371475953565505;419;вероятно;13
7;weekday;13;0;7;Богородское;0.027114427860696518;654;вероятно;13
7;weekday;13;0;8;Богородский храм;0.037106135986733;895;вероятно;13
7;weekday;13;0;9;Инновационный университет;0.01932006633499171;466;вероятно;13
7;weekday;13;0;10;1-я Прогонная ул.;0.014842454394693201;358;вероятно;13
7;weekday;13;0;11;Телерадиокомпания «МИР»;0.014386401326699834;347;вероятно;13
7;weekday;13;0;12;Мосгорсуд;0.022553897180762852;544;вероятно;13
7;weekday;13;0;13;Улица Хромова;0.030431177446102818;734;вероятно;13
7;weekday;13;0;14;Метро «Преображенская площадь»;0.040091210613598674;967;вероятно;13
7;weekday;13;0;15;Преображенская площадь;0.042620232172470976;1028;вероятно;13
7;weekday;13;0;16;Трамв. депо им. Русакова;0.037769485903814265;911;вероятно;13
7;weekday;13;0;17;Малая Остроумовская улица;0.023341625207296848;563;вероятно;13
7;weekday;13;0;18;Клуб Русакова - Сцена «Мельников»;0.014386401326699834;347;вероятно;13
7;weekday;13;0;19;Метро «Сокольники»;0.021061359867330015;508;вероятно;13
7;weekday;13;0;20;МЦД Митьково;0.02570480928689884;620;вероятно;13
7;weekday;13;0;21;Леснорядская улица;0.021766169154228857;525;вероятно;13
7;weekday;13;0;22;Метро «Красносельская»;0.027238805970149254;657;вероятно;13
7;weekday;13;0;23;Метро «Комсомольская»;0.023175787728026535;559;вероятно;13
7;weekday;13;0;24;МЦД Площадь трёх вокзалов;0.01687396351575456;407;вероятно;13
7;weekday;13;0;25;Каланчёвская улица;0.028814262023217248;695;вероятно;13
7;weekday;13;0;26;Пантелеевская улица;0.024087893864013266;581;вероятно;13
7;weekday;13;0;27;Астраханский переулок;0.014013266998341625;338;вероятно;13
7;weekday;13;0;28;Ботанический переулок;0.012106135986733001;292;вероятно;13
7;weekday;13;0;29;Метро «Проспект Мира»;0.01724709784411277;416;вероятно;13
7;weekday;13;0;30;Спорткомплекс «Олимпийский»;0.01695688225538972;409;вероятно;13
7;weekday;13;0;31;Ул. Гиляровского;0.013018242122719735;314;вероятно;13
7;weekday;13;0;32;Улица Щепкина;0.018532338308457713;447;вероятно;13
7;weekday;13;0;33;Театр зверей им. Дурова;0.028524046434494195;688;вероятно;13
7;weekday;13;0;34;Самотёчная улица;0.016417910447761194;396;вероятно;13
7;weekday;13;0;35;4-й Самотёчный переулок;0.010199004975124378;246;вероятно;13
7;weekday;13;0;36;Селезнёвская улица;0.007131011608623549;172;вероятно;13
7;weekday;13;0;37;Улица Достоевского;0.008416252072968491;203;вероятно;13
7;weekday;13;0;38;Площадь Борьбы;0.011276948590381426;272;вероятно;13
7;weekday;13;0;39;Улица Палиха;0.012603648424543947;304;вероятно;13
7;weekday;13;0;40;Лесная улица;0.007835820895522387;189;вероятно;13
7;weekday;13;0;41;Миусское депо;0.005472636815920398;132;вероятно;13
7;weekday;13;0;42;ДК Зуева;0.007587064676616915;183;вероятно;13
7;weekday;13;0;43;Метро «Белорусская»;0.009079601990049752;219;вероятно;13
7;weekday;13;1;1;Белорусский вокзал;0.01281094527363184;309;вероятно;13
7;weekday;13;1;2;Метро «Белорусская»;0.004519071310116086;109;вероятно;13
7;weekday;13;1;3;ДК Зуева;0.0030265339966832503;73;вероятно;13
7;weekday;13;1;4;Миусское депо;0.0019485903814262023;47;вероятно;13
7;weekday;13;1;5;Лесная улица;0.0014925373134328358;36;вероятно;13
7;weekday;13;1;6;Улица Палиха;0.002902155887230514;70;вероятно;13
7;weekday;13;1;7;Площадь Борьбы;0.0009950248756218905;24;вероятно;13
7;weekday;13;1;8;Улица Достоевского;0.0007048092868988391;17;вероятно;13
7;weekday;13;1;9;Селезнёвская улица;0.0007048092868988391;17;вероятно;13
7;weekday;13;1;10;4-й Самотёчный переулок;0.000912106135986733;22;вероятно;13
7;weekday;13;1;11;Самотёчная улица;0.001285240464344942;31;вероятно;13
7;weekday;13;1;12;Театр зверей имени Дурова;0.0004975124378109452;12;вероятно;13
7;weekday;13;1;13;Улица Щепкина;0.0002487562189054726;6;вероятно;13
7;weekday;13;1;15;Спорткомплекс «Олимпийский»;8.291873963515754e-05;2;вероятно;13
7;weekday;13;1;16;Метро «Проспект Мира»;0.00041459369817578774;10;вероятно;13
7;weekday;13;1;17;Ботанический переулок;0.00020729684908789387;5;вероятно;13
7;weekday;13;1;18;Астраханский переулок;0.0005804311774461028;14;вероятно;13
7;weekday;13;1;19;Пантелеевская улица;0.00020729684908789387;5;вероятно;13
7;weekday;13;1;20;Каланчёвская улица;0.0001243781094527363;3;вероятно;13
7;weekday;13;1;21;МЦД Площадь трёх вокзалов;0.0001658374792703151;4;вероятно;13
7;weekday;13;1;22;Метро «Комсомольская»;0.0004560530679933665;11;вероятно;13
7;weekday;13;1;23;Метро «Красносельская»;0.000538971807628524;13;вероятно;13
7;weekday;13;1;24;Леснорядская улица;0.0008291873963515755;20;вероятно;13
7;weekday;13;1;25;МЦД Митьково;0.0012437810945273632;30;вероятно;13
7;weekday;13;1;26;Метро «Сокольники»;0.0013681592039800996;33;вероятно;13
7;weekday;13;1;27;Клуб Русакова - Сцена «Мельников»;0.002404643449419569;58;вероятно;13
7;weekday;13;1;28;М. Остроумовская ул.;0.004270315091210614;103;вероятно;13
7;weekday;13;1;29;Трамвайное депо имени Русакова;0.0062603648424543945;151;вероятно;13
7;weekday;13;1;30;Преображенская площадь;0.008955223880597015;216;вероятно;13
7;weekday;13;1;31;Метро «Преображенская площадь»;0.008830845771144279;213;вероятно;13
7;weekday;13;1;32;Улица Хромова;0.007545605306799336;182;вероятно;13
7;weekday;13;1;33;Мосгорсуд;0.004601990049751244;111;вероятно;13
7;weekday;13;1;34;Телерадиокомпания «МИР»;0.004519071310116086;109;вероятно;13
7;weekday;13;1;35;1-я Прогонная улица;0.003648424543946932;88;вероятно;13
7;weekday;13;1;36;Инновационный университет;0.005928689883913764;143;вероятно;13
7;weekday;13;1;37;Богородский храм;0.009245439469320067;223;вероятно;13
7;weekday;13;1;38;Богородское;0.008582089552238806;207;вероятно;13
7;weekday;13;1;39;Ланинский переулок;0.007835820895522387;189;вероятно;13
7;weekday;13;1;40;Погонный проезд;0.005970149253731343;144;вероятно;13
7;weekday;13;1;41;Игральная улица;0.0046849087893864015;113;вероятно;13
7;weekday;13;1;42;3-й проезд Подбельского;0.004809286898839138;116;вероятно;13
7;weekday;13;1;43;5-й пр. Подбельского;0.006467661691542288;156;вероятно;13
7;weekday;14;0;1;Метро «Бульвар Рокоссовского»;8.119189704867455e-05;2;вероятно;14
7;weekday;14;0;3;3-й проезд Подбельского;4.0595948524337274e-05;1;вероятно;14
7;weekday;14;0;4;Игральная ул.;0.00020297974262168636;5;вероятно;14
7;weekday;14;0;5;Погонный проезд;0.00024357569114602363;6;вероятно;14
7;weekday;14;0;6;Ланинский переулок;0.000608939227865059;15;вероятно;14
7;weekday;14;0;7;Богородское;0.0011772825072057808;29;вероятно;14
7;weekday;14;0;8;Богородский храм;0.0027605244996549345;68;вероятно;14
7;weekday;14;0;9;Инновационный университет;0.0012990703527787928;32;вероятно;14
7;weekday;14;0;10;1-я Прогонная ул.;0.0007713230219624081;19;вероятно;14
7;weekday;14;0;11;Телерадиокомпания «МИР»;0.0008525149190110827;21;вероятно;14
7;weekday;14;0;12;Мосгорсуд;0.0017050298380221654;42;вероятно;14
7;weekday;14;0;13;Улица Хромова;0.0034100596760443308;84;вероятно;14
7;weekday;14;0;14;Метро «Преображенская площадь»;0.007429058579953721;183;вероятно;14
7;weekday;14;0;15;Преображенская площадь;0.006373563918320952;157;вероятно;14
7;weekday;14;0;16;Трамв. депо им. Русакова;0.009580643851743596;236;вероятно;14
7;weekday;14;0;17;Малая Остроумовская улица;0.008646937035683838;213;вероятно;14
7;weekday;14;0;18;Клуб Русакова - Сцена «Мельников»;0.004993301668493484;123;вероятно;14
7;weekday;14;0;19;Метро «Сокольники»;0.004952705719969147;122;вероятно;14
7;weekday;14;0;20;МЦД Митьково;0.005683432793407218;140;вероятно;14
7;weekday;14;0;21;Леснорядская улица;0.006617139609466975;163;вероятно;14
7;weekday;14;0;22;Метро «Красносельская»;0.009012300572402874;222;вероятно;14
7;weekday;14;0;23;Метро «Комсомольская»;0.0089311086753542;220;вероятно;14
7;weekday;14;0;24;МЦД Площадь трёх вокзалов;0.01144805748386311;282;вероятно;14
7;weekday;14;0;25;Каланчёвская улица;0.01636016725530792;403;вероятно;14
7;weekday;14;0;26;Пантелеевская улица;0.011813421020582146;291;вероятно;14
7;weekday;14;0;27;Астраханский переулок;0.007794422116672756;192;вероятно;14
7;weekday;14;0;28;Ботанический переулок;0.006170584175699265;152;вероятно;14
7;weekday;14;0;29;Метро «Проспект Мира»;0.011651037226484797;287;вероятно;14
7;weekday;14;0;30;Спорткомплекс «Олимпийский»;0.012462956196971542;307;вероятно;14
7;weekday;14;0;31;Ул. Гиляровского;0.005967604433077579;147;вероятно;14
7;weekday;14;0;32;Улица Щепкина;0.017456257865465025;430;вероятно;14
7;weekday;14;0;33;Театр зверей им. Дурова;0.02914789104047416;718;вероятно;14
7;weekday;14;0;34;Самотёчная улица;0.016563146997929608;408;вероятно;14
7;weekday;14;0;35;4-й Самотёчный переулок;0.010676734461900702;263;вероятно;14
7;weekday;14;0;36;Селезнёвская улица;0.011123289895668412;274;вероятно;14
7;weekday;14;0;37;Улица Достоевского;0.010311370925181668;254;вероятно;14
7;weekday;14;0;38;Площадь Борьбы;0.016766126740551293;413;вероятно;14
7;weekday;14;0;39;Улица Палиха;0.018511752527097795;456;вероятно;14
7;weekday;14;0;40;Лесная улица;0.01607599561563756;396;вероятно;14
7;weekday;14;0;41;Миусское депо;0.011651037226484797;287;вероятно;14
7;weekday;14;0;42;ДК Зуева;0.01664433889497828;410;вероятно;14
7;weekday;14;0;43;Метро «Белорусская»;0.01623837940973491;400;вероятно;14
7;weekday;14;1;1;Белорусский вокзал;0.06312669995534445;1555;вероятно;14
7;weekday;14;1;2;Метро «Белорусская»;0.02098810538708237;517;вероятно;14
7;weekday;14;1;3;ДК Зуева;0.01575122802744286;388;вероятно;14
7;weekday;14;1;4;Миусское депо;0.012381764299922868;305;вероятно;14
7;weekday;14;1;5;Лесная улица;0.018795924166768157;463;вероятно;14
7;weekday;14;1;6;Улица Палиха;0.024032801526407663;592;вероятно;14
7;weekday;14;1;7;Площадь Борьбы;0.01603539966711322;395;вероятно;14
7;weekday;14;1;8;Улица Достоевского;0.018430560630049123;454;вероятно;14
7;weekday;14;1;9;Селезнёвская улица;0.02220598384281249;547;вероятно;14
7;weekday;14;1;10;4-й Самотёчный переулок;0.01741566191694069;429;вероятно;14
7;weekday;14;1;11;Самотёчная улица;0.022774327122153208;561;вероятно;14
7;weekday;14;1;12;Театр зверей имени Дурова;0.02914789104047416;718;вероятно;14
7;weekday;14;1;13;Улица Щепкина;0.017659237608086714;435;вероятно;14
7;weekday;14;1;14;Ул. Гиляровского;0.021353468923801404;526;вероятно;14
7;weekday;14;1;15;Спорткомплекс «Олимпийский»;0.023017902813299233;567;вероятно;14
7;weekday;14;1;16;Метро «Проспект Мира»;0.02366743798968863;583;вероятно;14
7;weekday;14;1;17;Ботанический переулок;0.013924410343847685;343;вероятно;14
7;weekday;14;1;18;Астраханский переулок;0.011407461535338774;281;вероятно;14
7;weekday;14;1;19;Пантелеевская улица;0.018795924166768157;463;вероятно;14
7;weekday;14;1;20;Каланчёвская улица;0.016725530792026957;412;вероятно;14
7;weekday;14;1;21;МЦД Площадь трёх вокзалов;0.011975804814679495;295;вероятно;14
7;weekday;14;1;22;Метро «Комсомольская»;0.014492753623188406;357;вероятно;14
7;weekday;14;1;23;Метро «Красносельская»;0.015670036130394187;386;вероятно;14
7;weekday;14;1;24;Леснорядская улица;0.013153087321885276;324;вероятно;14
7;weekday;14;1;25;МЦД Митьково;0.012544148094020217;309;вероятно;14
7;weekday;14;1;26;Метро «Сокольники»;0.01725327812284334;425;вероятно;14
7;weekday;14;1;27;Клуб Русакова - Сцена «Мельников»;0.01636016725530792;403;вероятно;14
7;weekday;14;1;28;М. Остроумовская ул.;0.013721430601225998;338;вероятно;14
7;weekday;14;1;29;Трамвайное депо имени Русакова;0.01071733041042504;264;вероятно;14
7;weekday;14;1;30;Преображенская площадь;0.015020500954004791;370;вероятно;14
7;weekday;14;1;31;Метро «Преображенская площадь»;0.021962408151666463;541;вероятно;14
7;weekday;14;1;32;Улица Хромова;0.00832216944748914;205;вероятно;14
7;weekday;14;1;33;Мосгорсуд;0.006657735557991313;164;вероятно;14
7;weekday;14;1;34;Телерадиокомпания «МИР»;0.0021515852717898755;53;вероятно;14
7;weekday;14;1;35;1-я Прогонная улица;0.00267933260260626;66;вероятно;14
7;weekday;14;1;36;Инновационный университет;0.002841716396703609;70;вероятно;14
7;weekday;14;1;37;Богородский храм;0.0050744935655421585;125;вероятно;14
7;weekday;14;1;38;Богородское;0.00905289652092721;223;вероятно;14
7;weekday;14;1;39;Ланинский переулок;0.005967604433077579;147;вероятно;14
7;weekday;14;1;40;Погонный проезд;0.0019080095806438518;47;вероятно;14
7;weekday;14;1;41;Игральная улица;0.001623837940973491;40;вероятно;14
7;weekday;14;1;42;3-й проезд Подбельского;0.001826817683595177;45;вероятно;14
7;weekday;14;1;43;5-й пр. Подбельского;0.0011772825072057808;29;вероятно;14
7;weekday;15;0;1;Метро «Бульвар Рокоссовского»;0.0763029830231435;2054;вероятно;15
7;weekday;15;0;2;5-й пр. Подбельского;0.013262008246963112;357;вероятно;15
7;weekday;15;0;3;3-й проезд Подбельского;0.007652587391805045;206;вероятно;15
7;weekday;15;0;4;Игральная ул.;0.00798692373416546;215;вероятно;15
7;weekday;15;0;5;Погонный проезд;0.01318771128199413;355;вероятно;15
7;weekday;15;0;6;Ланинский переулок;0.013930680931683941;375;вероятно;15
7;weekday;15;0;7;Богородское;0.018537092759760763;499;вероятно;15
7;weekday;15;0;8;Богородский храм;0.026784055871317658;721;вероятно;15
7;weekday;15;0;9;Инновационный университет;0.013819235484230469;372;вероятно;15
7;weekday;15;0;10;1-я Прогонная ул.;0.007466844979382593;201;вероятно;15
7;weekday;15;0;11;Телерадиокомпания «МИР»;0.007949775251680969;214;вероятно;15
7;weekday;15;0;12;Мосгорсуд;0.011218841710316134;302;вероятно;15
7;weekday;15;0;13;Улица Хромова;0.013930680931683941;375;вероятно;15
7;weekday;15;0;14;Метро «Преображенская площадь»;0.021657565288457966;583;вероятно;15
7;weekday;15;0;15;Преображенская площадь;0.02916155875032505;785;вероятно;15
7;weekday;15;0;16;Трамв. депо им. Русакова;0.025112374159515585;676;вероятно;15
7;weekday;15;0;17;Малая Остроумовская улица;0.015565214161001524;419;вероятно;15
7;weekday;15;0;18;Клуб Русакова - Сцена «Мельников»;0.005609420855158067;151;вероятно;15
7;weekday;15;0;19;Метро «Сокольники»;0.005646569337642558;152;вероятно;15
7;weekday;15;0;20;МЦД Митьково;0.0067238753296927824;181;вероятно;15
7;weekday;15;0;21;Леснорядская улица;0.0047178572755302945;127;вероятно;15
7;weekday;15;0;22;Метро «Красносельская»;0.0070953601545376875;191;вероятно;15
7;weekday;15;0;23;Метро «Комсомольская»;0.005052193617890709;136;вероятно;15
7;weekday;15;0;24;МЦД Площадь трёх вокзалов;0.002860433151305769;77;вероятно;15
7;weekday;15;0;25;Каланчёвская улица;0.00438352093316988;118;вероятно;15
7;weekday;15;0;26;Пантелеевская улица;0.002563245291429845;69;вероятно;15
7;weekday;15;0;27;Астраханский переулок;0.0007801181321743007;21;вероятно;15
7;weekday;15;0;28;Ботанический переулок;0.0004086333073293956;11;вероятно;15
7;weekday;15;0;29;Метро «Проспект Мира»;0.0012630484044726773;34;вероятно;15
7;weekday;15;0;30;Спорткомплекс «Олимпийский»;0.0004457817898138861;12;вероятно;15
7;weekday;15;0;31;Ул. Гиляровского;0.00033433634236041456;9;вероятно;15
7;weekday;15;0;32;Улица Щепкина;0.0004086333073293956;11;вероятно;15
7;weekday;15;0;33;Театр зверей им. Дурова;0.0006686726847208291;18;вероятно;15
7;weekday;15;0;34;Самотёчная улица;0.001968869571677997;53;вероятно;15
7;weekday;15;0;35;4-й Самотёчный переулок;0.00011144544745347152;3;вероятно;15
7;weekday;15;0;37;Улица Достоевского;0.00014859392993796204;4;вероятно;15
7;weekday;15;0;38;Площадь Борьбы;0.00022289089490694304;6;вероятно;15
7;weekday;15;0;39;Улица Палиха;0.00029718785987592407;8;вероятно;15
7;weekday;15;0;40;Лесная улица;0.0003714848248449051;10;вероятно;15
7;weekday;15;0;41;Миусское депо;0.00029718785987592407;8;вероятно;15
7;weekday;15;0;42;ДК Зуева;0.00014859392993796204;4;вероятно;15
7;weekday;15;0;43;Метро «Белорусская»;0.0004829302722983766;13;вероятно;15
7;weekday;15;1;1;Белорусский вокзал;0.007652587391805045;206;вероятно;15
7;weekday;15;1;2;Метро «Белорусская»;0.003231917976150674;87;вероятно;15
7;weekday;15;1;3;ДК Зуева;0.004086333073293956;110;вероятно;15
7;weekday;15;1;4;Миусское депо;0.004309223968200899;116;вероятно;15
7;weekday;15;1;5;Лесная улица;0.00364055128348007;98;вероятно;15
7;weekday;15;1;6;Улица Палиха;0.008618447936401798;232;вероятно;15
7;weekday;15;1;7;Площадь Борьбы;0.007689735874289535;207;вероятно;15
7;weekday;15;1;8;Улица Достоевского;0.008544150971432816;230;вероятно;15
7;weekday;15;1;9;Селезнёвская улица;0.01311341431702515;353;вероятно;15
7;weekday;15;1;10;4-й Самотёчный переулок;0.009584308480998551;258;вероятно;15
7;weekday;15;1;11;Самотёчная улица;0.014116423344106394;380;вероятно;15
7;weekday;15;1;12;Театр зверей имени Дурова;0.012481890114788811;336;вероятно;15
7;weekday;15;1;13;Улица Щепкина;0.01099595081540919;296;вероятно;15
7;weekday;15;1;14;Ул. Гиляровского;0.012556187079757792;338;вероятно;15
7;weekday;15;1;15;Спорткомплекс «Олимпийский»;0.01389353244919945;374;вероятно;15
7;weekday;15;1;16;Метро «Проспект Мира»;0.015119432371187637;407;вероятно;15
7;weekday;15;1;17;Ботанический переулок;0.011553178052676548;311;вероятно;15
7;weekday;15;1;18;Астраханский переулок;0.010513020543110815;283;вероятно;15
7;weekday;15;1;19;Пантелеевская улица;0.012927671904602697;348;вероятно;15
7;weekday;15;1;20;Каланчёвская улица;0.014859392993796204;400;вероятно;15
7;weekday;15;1;21;МЦД Площадь трёх вокзалов;0.008915635796277722;240;вероятно;15
7;weekday;15;1;22;Метро «Комсомольская»;0.012036108324974924;324;вероятно;15
7;weekday;15;1;23;Метро «Красносельская»;0.017162598907834614;462;вероятно;15
7;weekday;15;1;24;Леснорядская улица;0.01693970801292767;456;вероятно;15
7;weekday;15;1;25;МЦД Митьково;0.01686541104795869;454;вероятно;15
7;weekday;15;1;26;Метро «Сокольники»;0.023663583342620455;637;вероятно;15
7;weekday;15;1;27;Клуб Русакова - Сцена «Мельников»;0.022920613692930643;617;вероятно;15
7;weekday;15;1;28;М. Остроумовская ул.;0.024592295404732716;662;вероятно;15
7;weekday;15;1;29;Трамвайное депо имени Русакова;0.019985883576655893;538;вероятно;15
7;weekday;15;1;30;Преображенская площадь;0.03332218878858799;897;вероятно;15
7;weekday;15;1;31;Метро «Преображенская площадь»;0.045878375868345776;1235;вероятно;15
7;weekday;15;1;32;Улица Хромова;0.0219176046658494;590;вероятно;15
7;weekday;15;1;33;Мосгорсуд;0.011776068947583491;317;вероятно;15
7;weekday;15;1;34;Телерадиокомпания «МИР»;0.008209814629072403;221;вероятно;15
7;weekday;15;1;35;1-я Прогонная улица;0.009398566068576098;253;вероятно;15
7;weekday;15;1;36;Инновационный университет;0.012853374939633715;346;вероятно;15
7;weekday;15;1;37;Богородский храм;0.020023032059140383;539;вероятно;15
7;weekday;15;1;38;Богородское;0.028232846688212788;760;вероятно;15
7;weekday;15;1;39;Ланинский переулок;0.02124893198112857;572;вероятно;15
7;weekday;15;1;40;Погонный проезд;0.013224859764478621;356;вероятно;15
7;weekday;15;1;41;Игральная улица;0.00806122069913444;217;вероятно;15
7;weekday;15;1;42;3-й проезд Подбельского;0.01166462350013002;314;вероятно;15
7;weekday;15;1;43;5-й пр. Подбельского;0.015082283888703146;406;вероятно;15
7;weekday;16;0;1;Метро «Бульвар Рокоссовского»;0.05835757596999755;1665;вероятно;16
7;weekday;16;0;2;5-й пр. Подбельского;0.00848200203287652;242;вероятно;16
7;weekday;16;0;3;3-й проезд Подбельского;0.007220216606498195;206;вероятно;16
7;weekday;16;0;4;Игральная ул.;0.007220216606498195;206;вероятно;16
7;weekday;16;0;5;Погонный проезд;0.012547755073428903;358;вероятно;16
7;weekday;16;0;6;Ланинский переулок;0.01167151519399951;333;вероятно;16
7;weekday;16;0;7;Богородское;0.02071431074971084;591;вероятно;16
7;weekday;16;0;8;Богородский храм;0.029757106305422172;849;вероятно;16
7;weekday;16;0;9;Инновационный университет;0.017735095159650906;506;вероятно;16
7;weekday;16;0;10;1-я Прогонная ул.;0.01191686236023974;340;вероятно;16
7;weekday;16;0;11;Телерадиокомпания «МИР»;0.014089937261224632;402;вероятно;16
7;weekday;16;0;12;Мосгорсуд;0.013353895762503943;381;вероятно;16
7;weekday;16;0;13;Улица Хромова;0.02618204759735025;747;вероятно;16
7;weekday;16;0;14;Метро «Преображенская площадь»;0.03161473484981248;902;вероятно;16
7;weekday;16;0;15;Преображенская площадь;0.03950089376467702;1127;вероятно;16
7;weekday;16;0;16;Трамв. депо им. Русакова;0.03354246258455715;957;вероятно;16
7;weekday;16;0;17;Малая Остроумовская улица;0.033507412989379974;956;вероятно;16
7;weekday;16;0;18;Клуб Русакова - Сцена «Мельников»;0.016368160947741052;467;вероятно;16
7;weekday;16;0;19;Метро «Сокольники»;0.017104202446461745;488;вероятно;16
7;weekday;16;0;20;МЦД Митьково;0.021835897795380463;623;вероятно;16
7;weekday;16;0;21;Леснорядская улица;0.0210648067014826;601;вероятно;16
7;weekday;16;0;22;Метро «Красносельская»;0.02397392310118818;684;вероятно;16
7;weekday;16;0;23;Метро «Комсомольская»;0.025586204479338265;730;вероятно;16
7;weekday;16;0;24;МЦД Площадь трёх вокзалов;0.02323788160246749;663;вероятно;16
7;weekday;16;0;25;Каланчёвская улица;0.029651957519890644;846;вероятно;16
7;weekday;16;0;26;Пантелеевская улица;0.019242227752269463;549;вероятно;16
7;weekday;16;0;27;Астраханский переулок;0.011005572885633171;314;вероятно;16
7;weekday;16;0;28;Ботанический переулок;0.014019838070870282;400;вероятно;16
7;weekday;16;0;29;Метро «Проспект Мира»;0.018856682205320528;538;вероятно;16
7;weekday;16;0;30;Спорткомплекс «Олимпийский»;0.015772317829729068;450;вероятно;16
7;weekday;16;0;31;Ул. Гиляровского;0.012302407907188673;351;вероятно;16
7;weekday;16;0;32;Улица Щепкина;0.021345203462900003;609;вероятно;16
7;weekday;16;0;33;Театр зверей им. Дурова;0.03862465388524763;1102;вероятно;16
7;weekday;16;0;34;Самотёчная улица;0.020539062773824963;586;вероятно;16
7;weekday;16;0;35;4-й Самотёчный переулок;0.011110721671164697;317;вероятно;16
7;weekday;16;0;36;Селезнёвская улица;0.0112509200518734;321;вероятно;16
7;weekday;16;0;37;Улица Достоевского;0.00897269636535698;256;вероятно;16
7;weekday;16;0;38;Площадь Борьбы;0.013564193333566997;387;вероятно;16
7;weekday;16;0;39;Улица Палиха;0.017735095159650906;506;вероятно;16
7;weekday;16;0;40;Лесная улица;0.014966177140654026;427;вероятно;16
7;weekday;16;0;41;Миусское депо;0.00897269636535698;256;вероятно;16
7;weekday;16;0;42;ДК Зуева;0.011951911955416915;341;вероятно;16
7;weekday;16;0;43;Метро «Белорусская»;0.011951911955416915;341;вероятно;16
7;weekday;16;1;1;Белорусский вокзал;0.03108899092215485;887;вероятно;16
7;weekday;16;1;2;Метро «Белорусская»;0.008376853247344994;239;вероятно;16
7;weekday;16;1;3;ДК Зуева;0.007710910938978655;220;вероятно;16
7;weekday;16;1;4;Миусское депо;0.0036101083032490976;103;вероятно;16
7;weekday;16;1;5;Лесная улица;0.005537836037993761;158;вероятно;16
7;weekday;16;1;6;Улица Палиха;0.006273877536714451;179;вероятно;16
7;weekday;16;1;7;Площадь Борьбы;0.005187340086222004;148;вероятно;16
7;weekday;16;1;8;Улица Достоевского;0.004381199397146963;125;вероятно;16
7;weekday;16;1;9;Селезнёвская улица;0.0062037783463600995;177;вероятно;16
7;weekday;16;1;10;4-й Самотёчный переулок;0.0042059514212610845;120;вероятно;16
7;weekday;16;1;11;Самотёчная улица;0.0042059514212610845;120;вероятно;16
7;weekday;16;1;12;Театр зверей имени Дурова;0.005537836037993761;158;вероятно;16
7;weekday;16;1;13;Улица Щепкина;0.0032245627563001647;92;вероятно;16
7;weekday;16;1;14;Ул. Гиляровского;0.0031895131611229892;91;вероятно;16
7;weekday;16;1;15;Спорткомплекс «Олимпийский»;0.001892678139567488;54;вероятно;16
7;weekday;16;1;16;Метро «Проспект Мира»;0.0025235708527566506;72;вероятно;16
7;weekday;16;1;17;Ботанический переулок;0.0010865374504924468;31;вероятно;16
7;weekday;16;1;18;Астраханский переулок;0.0006308927131891627;18;вероятно;16
7;weekday;16;1;19;Пантелеевская улица;0.00042059514212610847;12;вероятно;16
7;weekday;16;1;20;Каланчёвская улица;0.0006659423083663384;19;вероятно;16
7;weekday;16;1;21;МЦД Площадь трёх вокзалов;0.00035049595177175704;10;вероятно;16
7;weekday;16;1;22;Метро «Комсомольская»;0.0008061406890750412;23;вероятно;16
7;weekday;16;1;23;Метро «Красносельская»;0.0007009919035435141;20;вероятно;16
7;weekday;16;1;24;Леснорядская улица;0.0010164382601380955;29;вероятно;16
7;weekday;16;1;25;МЦД Митьково;0.00017524797588587852;5;вероятно;16
7;weekday;16;1;26;Метро «Сокольники»;0.0008411902842522169;24;вероятно;16
7;weekday;16;1;27;Клуб Русакова - Сцена «Мельников»;0.00038554554694893276;11;вероятно;16
7;weekday;16;1;28;М. Остроумовская ул.;0.0014720829974413795;42;вероятно;16
7;weekday;16;1;29;Трамвайное депо имени Русакова;0.001191686236023974;34;вероятно;16
7;weekday;16;1;30;Преображенская площадь;0.0005607935228348112;16;вероятно;16
7;weekday;16;1;31;Метро «Преображенская площадь»;0.004311100206792612;123;вероятно;16
7;weekday;16;1;32;Улица Хромова;0.0034699099225403945;99;вероятно;16
7;weekday;16;1;33;Мосгорсуд;0.0017524797588587852;50;вероятно;16
7;weekday;16;1;34;Телерадиокомпания «МИР»;0.001191686236023974;34;вероятно;16
7;weekday;16;1;35;1-я Прогонная улица;0.0014019838070870282;40;вероятно;16
7;weekday;16;1;36;Инновационный университет;0.001997826925099015;57;вероятно;16
7;weekday;16;1;37;Богородский храм;0.004135852230906733;118;вероятно;16
7;weekday;16;1;38;Богородское;0.008622200413585223;246;вероятно;16
7;weekday;16;1;39;Ланинский переулок;0.005993480775297045;171;вероятно;16
7;weekday;16;1;40;Погонный проезд;0.0038554554694893274;110;вероятно;16
7;weekday;16;1;41;Игральная улица;0.003680207493603449;105;вероятно;16
7;weekday;16;1;42;3-й проезд Подбельского;0.0028039676141740563;80;вероятно;16
7;weekday;16;1;43;5-й пр. Подбельского;0.0049069433248045986;140;вероятно;16
7;weekday;17;0;1;Метро «Бульвар Рокоссовского»;0.00846830551673107;309;вероятно;17
7;weekday;17;0;2;5-й пр. Подбельского;0.004412288634931075;161;вероятно;17
7;weekday;17;0;3;3-й проезд Подбельского;0.005097426621721615;186;вероятно;17
7;weekday;17;0;4;Игральная ул.;0.0016169256488256735;59;вероятно;17
7;weekday;17;0;5;Погонный проезд;0.0018087642851270247;66;вероятно;17
7;weekday;17;0;6;Ланинский переулок;0.002028008440899997;74;вероятно;17
7;weekday;17;0;7;Богородское;0.003370878895009455;123;вероятно;17
7;weekday;17;0;8;Богородский храм;0.0015073035709391872;55;вероятно;17
7;weekday;17;0;9;Инновационный университет;0.00043848831154594535;16;вероятно;17
7;weekday;17;0;10;1-я Прогонная ул.;0.0006303269478472965;23;вероятно;17
7;weekday;17;0;11;Телерадиокомпания «МИР»;0.0005207048699608101;19;вероятно;17
7;weekday;17;0;12;Мосгорсуд;0.0012058428567513497;44;вероятно;17
7;weekday;17;0;13;Улица Хромова;0.0008221655841486476;30;вероятно;17
7;weekday;17;0;14;Метро «Преображенская площадь»;0.0015895201293540519;58;вероятно;17
7;weekday;17;0;15;Преображенская площадь;0.0032886623365945902;120;вероятно;17
7;weekday;17;0;16;Трамв. депо им. Русакова;0.0033982844144810763;124;вероятно;17
7;weekday;17;0;17;Малая Остроумовская улица;0.0017539532461837814;64;вероятно;17
7;weekday;17;0;18;Клуб Русакова - Сцена «Мельников»;0.0015621146098824302;57;вероятно;17
7;weekday;17;0;19;Метро «Сокольники»;0.002658335388747294;97;вероятно;17
7;weekday;17;0;20;МЦД Митьково;0.0019731974019567542;72;вероятно;17
7;weekday;17;0;21;Леснорядская улица;0.0030146071418783744;110;вероятно;17
7;weekday;17;0;22;Метро «Красносельская»;0.003672339609197292;134;вероятно;17
7;weekday;17;0;23;Метро «Комсомольская»;0.004741154868590534;173;вероятно;17
7;weekday;17;0;24;МЦД Площадь трёх вокзалов;0.0017265477267121598;63;вероятно;17
7;weekday;17;0;25;Каланчёвская улица;0.006385486036887829;233;вероятно;17
7;weekday;17;0;26;Пантелеевская улица;0.005563320452739181;203;вероятно;17
7;weekday;17;0;27;Астраханский переулок;0.0033982844144810763;124;вероятно;17
7;weekday;17;0;28;Ботанический переулок;0.0025761188303324288;94;вероятно;17
7;weekday;17;0;29;Метро «Проспект Мира»;0.006330674997944586;231;вероятно;17
7;weekday;17;0;30;Спорткомплекс «Олимпийский»;0.006495108114774315;237;вероятно;17
7;weekday;17;0;31;Ул. Гиляровского;0.004110827920743238;150;вероятно;17
7;weekday;17;0;32;Улица Щепкина;0.008495711036202691;310;вероятно;17
7;weekday;17;0;33;Театр зверей им. Дурова;0.017018827591877003;621;вероятно;17
7;weekday;17;0;34;Самотёчная улица;0.012414700320644578;453;вероятно;17
7;weekday;17;0;35;4-й Самотёчный переулок;0.005207048699608101;190;вероятно;17
7;weekday;17;0;36;Селезнёвская улица;0.006275863959001343;229;вероятно;17
7;weekday;17;0;37;Улица Достоевского;0.005782564608512154;211;вероятно;17
7;weekday;17;0;38;Площадь Борьбы;0.010934802269177013;399;вероятно;17
7;weekday;17;0;39;Улица Палиха;0.014771574995204035;539;вероятно;17
7;weekday;17;0;40;Лесная улица;0.010277069801858094;375;вероятно;17
7;weekday;17;0;41;Миусское депо;0.006851379867905396;250;вероятно;17
7;weekday;17;0;42;ДК Зуева;0.010112636685028365;369;вероятно;17
7;weekday;17;0;43;Метро «Белорусская»;0.010112636685028365;369;вероятно;17
7;weekday;17;1;1;Белорусский вокзал;0.07281646523609855;2657;вероятно;17
7;weekday;17;1;2;Метро «Белорусская»;0.01658033928033106;605;вероятно;17
7;weekday;17;1;3;ДК Зуева;0.011318479541779714;413;вероятно;17
7;weekday;17;1;4;Миусское депо;0.010112636685028365;369;вероятно;17
7;weekday;17;1;5;Лесная улица;0.013236865904793225;483;вероятно;17
7;weekday;17;1;6;Улица Палиха;0.025514538628079696;931;вероятно;17
7;weekday;17;1;7;Площадь Борьбы;0.01869056427964592;682;вероятно;17
7;weekday;17;1;8;Улица Достоевского;0.021842199018882402;797;вероятно;17
7;weekday;17;1;9;Селезнёвская улица;0.028995039600975638;1058;вероятно;17
7;weekday;17;1;10;4-й Самотёчный переулок;0.020006029214283755;730;вероятно;17
7;weekday;17;1;11;Самотёчная улица;0.030995642522404013;1131;вероятно;17
7;weekday;17;1;12;Театр зверей имени Дурова;0.03198224122338239;1167;вероятно;17
7;weekday;17;1;13;Улица Щепкина;0.02507605031653375;915;вероятно;17
7;weekday;17;1;14;Ул. Гиляровского;0.026994436679547262;985;вероятно;17
7;weekday;17;1;15;Спорткомплекс «Олимпийский»;0.024664967524459427;900;вероятно;17
7;weekday;17;1;16;Метро «Проспект Мира»;0.027104058757433748;989;вероятно;17
7;weekday;17;1;17;Ботанический переулок;0.016854394475047274;615;вероятно;17
7;weekday;17;1;18;Астраханский переулок;0.015977417851955385;583;вероятно;17
7;weekday;17;1;19;Пантелеевская улица;0.014771574995204035;539;вероятно;17
7;weekday;17;1;20;Каланчёвская улица;0.01921126914960673;701;вероятно;17
7;weekday;17;1;21;МЦД Площадь трёх вокзалов;0.011702156814382417;427;вероятно;17
7;weekday;17;1;22;Метро «Комсомольская»;0.014278275644714846;521;вероятно;17
7;weekday;17;1;23;Метро «Красносельская»;0.01932089122749322;705;вероятно;17
7;weekday;17;1;24;Леснорядская улица;0.01847132012387295;674;вероятно;17
7;weekday;17;1;25;МЦД Митьково;0.016689961358217546;609;вероятно;17
7;weekday;17;1;26;Метро «Сокольники»;0.015456712981994573;564;вероятно;17
7;weekday;17;1;27;Клуб Русакова - Сцена «Мельников»;0.017676560059195923;645;вероятно;17
7;weekday;17;1;28;М. Остроумовская ул.;0.016717366877689165;610;вероятно;17
7;weekday;17;1;29;Трамвайное депо имени Русакова;0.019923812655868893;727;вероятно;17
7;weekday;17;1;30;Преображенская площадь;0.029844610704595907;1089;вероятно;17
7;weekday;17;1;31;Метро «Преображенская площадь»;0.040340924662226975;1472;вероятно;17
7;weekday;17;1;32;Улица Хромова;0.012003617528570255;438;вероятно;17
7;weekday;17;1;33;Мосгорсуд;0.00778316752994053;284;вероятно;17
7;weekday;17;1;34;Телерадиокомпания «МИР»;0.0046589383101756695;170;вероятно;17
7;weekday;17;1;35;1-я Прогонная улица;0.006084025322699992;222;вероятно;17
7;weekday;17;1;36;Инновационный университет;0.007015812984735126;256;вероятно;17
7;weekday;17;1;37;Богородский храм;0.012661349995889172;462;вероятно;17
7;weekday;17;1;38;Богородское;0.016552933760859437;604;вероятно;17
7;weekday;17;1;39;Ланинский переулок;0.010331880840801338;377;вероятно;17
7;weekday;17;1;40;Погонный проезд;0.005124832141193236;187;вероятно;17
7;weekday;17;1;41;Игральная улица;0.0026857409082189153;98;вероятно;17
7;weekday;17;1;42;3-й проезд Подбельского;0.003562717531310806;130;вероятно;17
7;weekday;17;1;43;5-й пр. Подбельского;0.0039463948039135084;144;вероятно;17
7;weekday;18;0;1;Метро «Бульвар Рокоссовского»;0.09471074825532833;3515;вероятно;18
7;weekday;18;0;2;5-й пр. Подбельского;0.018106862824347265;672;вероятно;18
7;weekday;18;0;3;3-й проезд Подбельского;0.009215099830248161;342;вероятно;18
7;weekday;18;0;4;Игральная ул.;0.009107320884865142;338;вероятно;18
7;weekday;18;0;5;Погонный проезд;0.015062107617276966;559;вероятно;18
7;weekday;18;0;6;Ланинский переулок;0.011640126101366098;432;вероятно;18
7;weekday;18;0;7;Богородское;0.01729852073397462;642;вероятно;18
7;weekday;18;0;8;Богородский храм;0.02907337051706949;1079;вероятно;18
7;weekday;18;0;9;Инновационный университет;0.015277665508043005;567;вероятно;18
7;weekday;18;0;10;1-я Прогонная ул.;0.011720960310403363;435;вероятно;18
7;weekday;18;0;11;Телерадиокомпания «МИР»;0.009134265621210896;339;вероятно;18
7;weekday;18;0;12;Мосгорсуд;0.014388489208633094;534;вероятно;18
7;weekday;18;0;13;Улица Хромова;0.01624767601649018;603;вероятно;18
7;weekday;18;0;14;Метро «Преображенская площадь»;0.023926925875030314;888;вероятно;18
7;weekday;18;0;15;Преображенская площадь;0.02363053377522701;877;вероятно;18
7;weekday;18;0;16;Трамв. депо им. Русакова;0.01675962600705952;622;вероятно;18
7;weekday;18;0;17;Малая Остроумовская улица;0.011020397165413736;409;вероятно;18
7;weekday;18;0;18;Клуб Русакова - Сцена «Мельников»;0.0074367472314283405;276;вероятно;18
7;weekday;18;0;19;Метро «Сокольники»;0.007894807749306173;293;вероятно;18
7;weekday;18;0;20;МЦД Митьково;0.013283755018457145;493;вероятно;18
7;weekday;18;0;21;Леснорядская улица;0.009134265621210896;339;вероятно;18
7;weekday;18;0;22;Метро «Красносельская»;0.010050386656966562;373;вероятно;18
7;weekday;18;0;23;Метро «Комсомольская»;0.009188155093902407;341;вероятно;18
7;weekday;18;0;24;МЦД Площадь трёх вокзалов;0.003906986770134454;145;вероятно;18
7;weekday;18;0;25;Каланчёвская улица;0.008002586694689192;297;вероятно;18
7;weekday;18;0;26;Пантелеевская улица;0.007328968286045321;272;вероятно;18
7;weekday;18;0;27;Астраханский переулок;0.003341147306873602;124;вероятно;18
7;weekday;18;0;28;Ботанический переулок;0.0032333683614905826;120;вероятно;18
7;weekday;18;0;29;Метро «Проспект Мира»;0.0034758709886023764;129;вероятно;18
7;weekday;18;0;30;Спорткомплекс «Олимпийский»;0.004311157815320777;160;вероятно;18
7;weekday;18;0;31;Ул. Гиляровского;0.0022094683803518984;82;вероятно;18
7;weekday;18;0;32;Улица Щепкина;0.004257268342629268;158;вероятно;18
7;weekday;18;0;33;Театр зверей им. Дурова;0.005200334114730688;193;вероятно;18
7;weekday;18;0;34;Самотёчная улица;0.00466143938781559;173;вероятно;18
7;weekday;18;0;35;4-й Самотёчный переулок;0.003368092043219357;125;вероятно;18
7;weekday;18;0;36;Селезнёвская улица;0.002128634171314634;79;вероятно;18
7;weekday;18;0;37;Улица Достоевского;0.0018322420715113303;68;вероятно;18
7;weekday;18;0;38;Площадь Борьбы;0.0026944736345754857;100;вероятно;18
7;weekday;18;0;39;Улица Палиха;0.002128634171314634;79;вероятно;18
7;weekday;18;0;40;Лесная улица;0.0010238999811386846;38;вероятно;18
7;weekday;18;0;41;Миусское депо;0.0007813973540268909;29;вероятно;18
7;weekday;18;0;42;ДК Зуева;0.001508905235362272;56;вероятно;18
7;weekday;18;0;43;Метро «Белорусская»;0.0012125131355589685;45;вероятно;18
7;weekday;18;1;1;Белорусский вокзал;0.006116455150486352;227;вероятно;18
7;weekday;18;1;2;Метро «Белорусская»;0.0019400210168943497;72;вероятно;18
7;weekday;18;1;3;ДК Зуева;0.001131678926521704;42;вероятно;18
7;weekday;18;1;4;Миусское депо;0.0009969552447929297;37;вероятно;18
7;weekday;18;1;5;Лесная улица;0.0012125131355589685;45;вероятно;18
7;weekday;18;1;6;Улица Палиха;0.002613639425538221;97;вероятно;18
7;weekday;18;1;7;Площадь Борьбы;0.0025058604801552016;93;вероятно;18
7;weekday;18;1;8;Улица Достоевского;0.0027753078436127503;103;вероятно;18
7;weekday;18;1;9;Селезнёвская улица;0.008730094576024574;324;вероятно;18
7;weekday;18;1;10;4-й Самотёчный переулок;0.005954786732411823;221;вероятно;18
7;weekday;18;1;11;Самотёчная улица;0.009996497184275052;371;вероятно;18
7;weekday;18;1;12;Театр зверей имени Дурова;0.017567968097432166;652;вероятно;18
7;weekday;18;1;13;Улица Щепкина;0.008757039312370329;325;вероятно;18
7;weekday;18;1;14;Ул. Гиляровского;0.006278123568560882;233;вероятно;18
7;weekday;18;1;15;Спорткомплекс «Олимпийский»;0.00832592353083825;309;вероятно;18
7;weekday;18;1;16;Метро «Проспект Мира»;0.013418478700185919;498;вероятно;18
7;weekday;18;1;17;Ботанический переулок;0.007382857758736831;274;вероятно;18
7;weekday;18;1;18;Астраханский переулок;0.00848759194891278;315;вероятно;18
7;weekday;18;1;19;Пантелеевская улица;0.010697060329264678;397;вероятно;18
7;weekday;18;1;20;Каланчёвская улица;0.014684881308436397;545;вероятно;18
7;weekday;18;1;21;МЦД Площадь трёх вокзалов;0.010346778756769865;384;вероятно;18
7;weekday;18;1;22;Метро «Комсомольская»;0.01702907337051707;632;вероятно;18
7;weekday;18;1;23;Метро «Красносельская»;0.016732681270713767;621;вероятно;18
7;weekday;18;1;24;Леснорядская улица;0.013660981327297712;507;вероятно;18
7;weekday;18;1;25;МЦД Митьково;0.011289844528871286;419;вероятно;18
7;weekday;18;1;26;Метро «Сокольники»;0.016193786543798667;601;вероятно;18
7;weekday;18;1;27;Клуб Русакова - Сцена «Мельников»;0.020666612777193977;767;вероятно;18
7;weekday;18;1;28;М. Остроумовская ул.;0.016517123379947728;613;вероятно;18
7;weekday;18;1;29;Трамвайное депо имени Русакова;0.022444965376013797;833;вероятно;18
7;weekday;18;1;30;Преображенская площадь;0.0238730364023388;886;вероятно;18
7;weekday;18;1;31;Метро «Преображенская площадь»;0.05052138064829036;1875;вероятно;18
7;weekday;18;1;32;Улица Хромова;0.030285883652628458;1124;вероятно;18
7;weekday;18;1;33;Мосгорсуд;0.011289844528871286;419;вероятно;18
7;weekday;18;1;34;Телерадиокомпания «МИР»;0.0073559130223910755;273;вероятно;18
7;weekday;18;1;35;1-я Прогонная улица;0.01037372349311562;385;вероятно;18
7;weekday;18;1;36;Инновационный университет;0.011505402419637325;427;вероятно;18
7;weekday;18;1;37;Богородский храм;0.020046883841241613;744;вероятно;18
7;weekday;18;1;38;Богородское;0.021555789076603885;800;вероятно;18
7;weekday;18;1;39;Ланинский переулок;0.016382399698218954;608;вероятно;18
7;weekday;18;1;40;Погонный проезд;0.010724005065610434;398;вероятно;18
7;weekday;18;1;41;Игральная улица;0.009080376148519387;337;вероятно;18
7;weekday;18;1;42;3-й проезд Подбельского;0.008864818257753348;329;вероятно;18
7;weekday;18;1;43;5-й пр. Подбельского;0.013768760272680732;511;вероятно;18
7;weekday;19;0;1;Метро «Бульвар Рокоссовского»;0.04883797866181457;1181;вероятно;19
7;weekday;19;0;2;5-й пр. Подбельского;0.007030022330659168;170;вероятно;19
7;weekday;19;0;3;3-й проезд Подбельского;0.003349598875196427;81;вероятно;19
7;weekday;19;0;4;Игральная ул.;0.002770655859730378;67;вероятно;19
7;weekday;19;0;5;Погонный проезд;0.005086427921594574;123;вероятно;19
7;weekday;19;0;6;Ланинский переулок;0.00640972624265983;155;вероятно;19
7;weekday;19;0;7;Богородское;0.010214208915722438;247;вероятно;19
7;weekday;19;0;8;Богородский храм;0.01757505582664792;425;вероятно;19
7;weekday;19;0;9;Инновационный университет;0.012364568687453477;299;вероятно;19
7;weekday;19;0;10;1-я Прогонная ул.;0.008229261434124556;199;вероятно;19
7;weekday;19;0;11;Телерадиокомпания «МИР»;0.00793978992639153;192;вероятно;19
7;weekday;19;0;12;Мосгорсуд;0.015135224547183856;366;вероятно;19
7;weekday;19;0;13;Улица Хромова;0.01914647258291291;463;вероятно;19
7;weekday;19;0;14;Метро «Преображенская площадь»;0.02559755189810603;619;вероятно;19
7;weekday;19;0;15;Преображенская площадь;0.030229096021834424;731;вероятно;19
7;weekday;19;0;16;Трамв. депо им. Русакова;0.02497725581010669;604;вероятно;19
7;weekday;19;0;17;Малая Остроумовская улица;0.02237201224050947;541;вероятно;19
7;weekday;19;0;18;Клуб Русакова - Сцена «Мельников»;0.015507402199983459;375;вероятно;19
7;weekday;19;0;19;Метро «Сокольники»;0.017244231246381605;417;вероятно;19
7;weekday;19;0;20;МЦД Митьково;0.01753370275411463;424;вероятно;19
7;weekday;19;0;21;Леснорядская улица;0.022123893805309734;535;вероятно;19
7;weekday;19;0;22;Метро «Красносельская»;0.024687784302373665;597;вероятно;19
7;weekday;19;0;23;Метро «Комсомольская»;0.022744189893309074;550;вероятно;19
7;weekday;19;0;24;МЦД Площадь трёх вокзалов;0.015300636837317012;370;вероятно;19
7;weekday;19;0;25;Каланчёвская улица;0.02146224464477711;519;вероятно;19
7;weekday;19;0;26;Пантелеевская улица;0.012075097179720454;292;вероятно;19
7;weekday;19;0;27;Астраханский переулок;0.009635265900256389;233;вероятно;19
7;weekday;19;0;28;Ботанический переулок;0.008849557522123894;214;вероятно;19
7;weekday;19;0;29;Метро «Проспект Мира»;0.01645852286824911;398;вероятно;19
7;weekday;19;0;30;Спорткомплекс «Олимпийский»;0.015259283764783723;369;вероятно;19
7;weekday;19;0;31;Ул. Гиляровского;0.012943511702919528;313;вероятно;19
7;weekday;19;0;32;Улица Щепкина;0.015755520635183193;381;вероятно;19
7;weekday;19;0;33;Театр зверей им. Дурова;0.04540567364155157;1098;вероятно;19
7;weekday;19;0;34;Самотёчная улица;0.0287817384831693;696;вероятно;19
7;weekday;19;0;35;4-й Самотёчный переулок;0.01761640889918121;426;вероятно;19
7;weekday;19;0;36;Селезнёвская улица;0.015135224547183856;366;вероятно;19
7;weekday;19;0;37;Улица Достоевского;0.013191630138119262;319;вероятно;19
7;weekday;19;0;38;Площадь Борьбы;0.014763046894384253;357;вероятно;19
7;weekday;19;0;39;Улица Палиха;0.020014887106111986;484;вероятно;19
7;weekday;19;0;40;Лесная улица;0.012033744107187164;291;вероятно;19
7;weekday;19;0;41;Миусское депо;0.00909767595732363;220;вероятно;19
7;weekday;19;0;42;ДК Зуева;0.013894632371185179;336;вероятно;19
7;weekday;19;0;43;Метро «Белорусская»;0.01745099660904805;422;вероятно;19
7;weekday;19;1;1;Белорусский вокзал;0.058225126126871224;1408;вероятно;19
7;weekday;19;1;2;Метро «Белорусская»;0.012860805557852949;311;вероятно;19
7;weekday;19;1;3;ДК Зуева;0.007774377636258374;188;вероятно;19
7;weekday;19;1;4;Миусское депо;0.006202960879993383;150;вероятно;19
7;weekday;19;1;5;Лесная улица;0.007567612273591928;183;вероятно;19
7;weekday;19;1;6;Улица Палиха;0.008849557522123894;214;вероятно;19
7;weekday;19;1;7;Площадь Борьбы;0.006823256967992722;165;вероятно;19
7;weekday;19;1;8;Улица Достоевского;0.009221735174923498;223;вероятно;19
7;weekday;19;1;9;Селезнёвская улица;0.01116532958398809;270;вероятно;19
7;weekday;19;1;10;4-й Самотёчный переулок;0.009924737407989414;240;вероятно;19
7;weekday;19;1;11;Самотёчная улица;0.01281945248531966;310;вероятно;19
7;weekday;19;1;12;Театр зверей имени Дурова;0.009966090480522704;241;вероятно;19
7;weekday;19;1;13;Улица Щепкина;0.008849557522123894;214;вероятно;19
7;weekday;19;1;14;Ул. Гиляровского;0.0063683731701265405;154;вероятно;19
7;weekday;19;1;15;Спорткомплекс «Олимпийский»;0.0054999586469274666;133;вероятно;19
7;weekday;19;1;16;Метро «Проспект Мира»;0.0038044826730626083;92;вероятно;19
7;weekday;19;1;17;Ботанический переулок;0.0021917128442643288;53;вероятно;19
7;weekday;19;1;18;Астраханский переулок;0.0021917128442643288;53;вероятно;19
7;weekday;19;1;19;Пантелеевская улица;0.0028947150773302455;70;вероятно;19
7;weekday;19;1;20;Каланчёвская улица;0.0035563642378628733;86;вероятно;19
7;weekday;19;1;21;МЦД Площадь трёх вокзалов;0.0038458357455958977;93;вероятно;19
7;weekday;19;1;22;Метро «Комсомольская»;0.004548837978661815;110;вероятно;19
7;weekday;19;1;23;Метро «Красносельская»;0.006120254734926805;148;вероятно;19
7;weekday;19;1;24;Леснорядская улица;0.0053758994293275995;130;вероятно;19
7;weekday;19;1;25;МЦД Митьково;0.005541311719460756;134;вероятно;19
7;weekday;19;1;26;Метро «Сокольники»;0.0033909519477297164;82;вероятно;19
7;weekday;19;1;27;Клуб Русакова - Сцена «Мельников»;0.0031841865850632703;77;вероятно;19
7;weekday;19;1;28;М. Остроумовская ул.;0.0013646513935985443;33;вероятно;19
7;weekday;19;1;29;Трамвайное депо имени Русакова;0.0007857083781324952;19;вероятно;19
7;weekday;19;1;30;Преображенская площадь;0.007071375403192457;171;вероятно;19
7;weekday;19;1;31;Метро «Преображенская площадь»;0.01492845918451741;361;вероятно;19
7;weekday;19;1;32;Улица Хромова;0.0033909519477297164;82;вероятно;19
7;weekday;19;1;33;Мосгорсуд;0.001860888263998015;45;вероятно;19
7;weekday;19;1;34;Телерадиокомпания «МИР»;0.0009097675957323629;22;вероятно;19
7;weekday;19;1;35;1-я Прогонная улица;0.0010338268133322306;25;вероятно;19
7;weekday;19;1;36;Инновационный университет;0.0009924737407989413;24;вероятно;19
7;weekday;19;1;37;Богородский храм;0.0025225374245306425;61;вероятно;19
7;weekday;19;1;38;Богородское;0.0031841865850632703;77;вероятно;19
7;weekday;19;1;39;Ланинский переулок;0.00372177652799603;90;вероятно;19
7;weekday;19;1;40;Погонный проезд;0.0009924737407989413;24;вероятно;19
7;weekday;19;1;41;Игральная улица;0.0017781821189314366;43;вероятно;19
7;weekday;19;1;42;3-й проезд Подбельского;0.001488710611198412;36;вероятно;19
7;weekday;19;1;43;5-й пр. Подбельского;0.002977421222396824;72;вероятно;19
7;weekday;20;0;1;Метро «Бульвар Рокоссовского»;0.04486894713460684;707;вероятно;20
7;weekday;20;0;2;5-й пр. Подбельского;0.005013644729326649;79;вероятно;20
7;weekday;20;0;3;3-й проезд Подбельского;0.0032366567239956847;51;вероятно;20
7;weekday;20;0;4;Игральная ул.;0.002411626578663451;38;вероятно;20
7;weekday;20;0;5;Погонный проезд;0.00444247001332741;70;вероятно;20
7;weekday;20;0;6;Ланинский переулок;0.0038712952973281715;61;вероятно;20
7;weekday;20;0;7;Богородское;0.006029066446658628;95;вероятно;20
7;weekday;20;0;8;Богородский храм;0.006155994161325126;97;вероятно;20
7;weekday;20;0;9;Инновационный университет;0.0045693977279939076;72;вероятно;20
7;weekday;20;0;10;1-я Прогонная ул.;0.0032366567239956847;51;вероятно;20
7;weekday;20;0;11;Телерадиокомпания «МИР»;0.0018404518626642127;29;вероятно;20
7;weekday;20;0;12;Мосгорсуд;0.003553976010661928;56;вероятно;20
7;weekday;20;0;13;Улица Хромова;0.0036174398679951767;57;вероятно;20
7;weekday;20;0;14;Метро «Преображенская площадь»;0.004696325442660405;74;вероятно;20
7;weekday;20;0;15;Преображенская площадь;0.00393475915466142;62;вероятно;20
7;weekday;20;0;16;Трамв. депо им. Русакова;0.002030843434663959;32;вероятно;20
7;weekday;20;0;17;Малая Остроумовская улица;0.001776988005330964;28;вероятно;20
7;weekday;20;0;18;Клуб Русакова - Сцена «Мельников»;0.001078885574665228;17;вероятно;20
7;weekday;20;0;19;Метро «Сокольники»;0.0020943072919972078;33;вероятно;20
7;weekday;20;0;20;МЦД Митьково;0.002157771149330456;34;вероятно;20
7;weekday;20;0;21;Леснорядская улица;0.0029828012946626894;47;вероятно;20
7;weekday;20;0;22;Метро «Красносельская»;0.0036174398679951767;57;вероятно;20
7;weekday;20;0;23;Метро «Комсомольская»;0.002221235006663705;35;вероятно;20
7;weekday;20;0;24;МЦД Площадь трёх вокзалов;0.0017135241479977153;27;вероятно;20
7;weekday;20;0;25;Каланчёвская улица;0.0055213555879926384;87;вероятно;20
7;weekday;20;0;26;Пантелеевская улица;0.00640984959065812;101;вероятно;20
7;weekday;20;0;27;Астраханский переулок;0.0025385542933299486;40;вероятно;20
7;weekday;20;0;28;Ботанический переулок;0.0034905121533286795;55;вероятно;20
7;weekday;20;0;29;Метро «Проспект Мира»;0.006473313447991369;102;вероятно;20
7;weekday;20;0;30;Спорткомплекс «Олимпийский»;0.004125150726661166;65;вероятно;20
7;weekday;20;0;31;Ул. Гиляровского;0.003173192866662436;50;вероятно;20
7;weekday;20;0;32;Улица Щепкина;0.0036174398679951767;57;вероятно;20
7;weekday;20;0;33;Театр зверей им. Дурова;0.012185060607983753;192;вероятно;20
7;weekday;20;0;34;Самотёчная улица;0.015612108903979184;246;вероятно;20
7;weekday;20;0;35;4-й Самотёчный переулок;0.011486958177318018;181;вероятно;20
7;weekday;20;0;36;Селезнёвская улица;0.007044488163990607;111;вероятно;20
7;weekday;20;0;37;Улица Достоевского;0.006790632734657612;107;вероятно;20
7;weekday;20;0;38;Площадь Борьбы;0.008694548454655074;137;вероятно;20
7;weekday;20;0;39;Улица Палиха;0.007615662879989845;120;вероятно;20
7;weekday;20;0;40;Лесная улица;0.005140572443993146;81;вероятно;20
7;weekday;20;0;41;Миусское депо;0.003553976010661928;56;вероятно;20
7;weekday;20;0;42;ДК Зуева;0.008758012311988323;138;вероятно;20
7;weekday;20;0;43;Метро «Белорусская»;0.011931205178650758;188;вероятно;20
7;weekday;20;1;1;Белорусский вокзал;0.05971948975058704;941;вероятно;20
7;weekday;20;1;2;Метро «Белорусская»;0.014596687186647205;230;вероятно;20
7;weekday;20;1;3;ДК Зуева;0.012946626895982739;204;вероятно;20
7;weekday;20;1;4;Миусское депо;0.008123373738655836;128;вероятно;20
7;weekday;20;1;5;Лесная улица;0.011740813606651012;185;вероятно;20
7;weekday;20;1;6;Улица Палиха;0.017135241479977154;270;вероятно;20
7;weekday;20;1;7;Площадь Борьбы;0.013581265469315224;214;вероятно;20
7;weekday;20;1;8;Улица Достоевского;0.016437139049311416;259;вероятно;20
7;weekday;20;1;9;Селезнёвская улица;0.01840451862664213;290;вероятно;20
7;weekday;20;1;10;4-й Самотёчный переулок;0.017960271625309387;283;вероятно;20
7;weekday;20;1;11;Самотёчная улица;0.02062575363330583;325;вероятно;20
7;weekday;20;1;12;Театр зверей имени Дурова;0.026845211651964206;423;вероятно;20
7;weekday;20;1;13;Улица Щепкина;0.01726216919464365;272;вероятно;20
7;weekday;20;1;14;Ул. Гиляровского;0.01586596433331218;250;вероятно;20
7;weekday;20;1;15;Спорткомплекс «Олимпийский»;0.017071777622643905;269;вероятно;20
7;weekday;20;1;16;Метро «Проспект Мира»;0.017071777622643905;269;вероятно;20
7;weekday;20;1;17;Ботанический переулок;0.011550422034651266;182;вероятно;20
7;weekday;20;1;18;Астраханский переулок;0.011613885891984515;183;вероятно;20
7;weekday;20;1;19;Пантелеевская улица;0.02030843434663959;320;вероятно;20
7;weekday;20;1;20;Каланчёвская улица;0.021387319921304816;337;вероятно;20
7;weekday;20;1;21;МЦД Площадь трёх вокзалов;0.01872183791330837;295;вероятно;20
7;weekday;20;1;22;Метро «Комсомольская»;0.02322777178396903;366;вероятно;20
7;weekday;20;1;23;Метро «Красносельская»;0.029447229802627404;464;вероятно;20
7;weekday;20;1;24;Леснорядская улица;0.027289458653296947;430;вероятно;20
7;weekday;20;1;25;МЦД Митьково;0.02424319350130101;382;вероятно;20
7;weekday;20;1;26;Метро «Сокольники»;0.02278352478263629;359;вероятно;20
7;weekday;20;1;27;Клуб Русакова - Сцена «Мельников»;0.02417972964396776;381;вероятно;20
7;weekday;20;1;28;М. Остроумовская ул.;0.015040934187979945;237;вероятно;20
7;weekday;20;1;29;Трамвайное депо имени Русакова;0.022085422351970554;348;вероятно;20
7;weekday;20;1;30;Преображенская площадь;0.02062575363330583;325;вероятно;20
7;weekday;20;1;31;Метро «Преображенская площадь»;0.03185885638129086;502;вероятно;20
7;weekday;20;1;32;Улица Хромова;0.02272006092530304;358;вероятно;20
7;weekday;20;1;33;Мосгорсуд;0.016373675191978167;258;вероятно;20
7;weekday;20;1;34;Телерадиокомпания «МИР»;0.006536777305324618;103;вероятно;20
7;weekday;20;1;35;1-я Прогонная улица;0.0062829218759916225;99;вероятно;20
7;weekday;20;1;36;Инновационный университет;0.011740813606651012;185;вероятно;20
7;weekday;20;1;37;Богородский храм;0.010027289458653298;158;вероятно;20
7;weekday;20;1;38;Богородское;0.012248524465317002;193;вероятно;20
7;weekday;20;1;39;Ланинский переулок;0.006219458018658374;98;вероятно;20
7;weekday;20;1;40;Погонный проезд;0.0036174398679951767;57;вероятно;20
7;weekday;20;1;41;Игральная улица;0.004252078441327664;67;вероятно;20
7;weekday;20;1;42;3-й проезд Подбельского;0.003173192866662436;50;вероятно;20
7;weekday;20;1;43;5-й пр. Подбельского;0.011740813606651012;185;вероятно;20
7;weekday;21;0;1;Метро «Бульвар Рокоссовского»;0.08565608919382504;799;вероятно;21
7;weekday;21;0;2;5-й пр. Подбельского;0.012328473413379074;115;вероятно;21
7;weekday;21;0;3;3-й проезд Подбельского;0.008683533447684392;81;вероятно;21
7;weekday;21;0;4;Игральная ул.;0.0038593481989708405;36;вероятно;21
7;weekday;21;0;5;Погонный проезд;0.007611492281303602;71;вероятно;21
7;weekday;21;0;6;Ланинский переулок;0.011685248713550601;109;вероятно;21
7;weekday;21;0;7;Богородское;0.012221269296740995;114;вероятно;21
7;weekday;21;0;8;Богородский храм;0.023906518010291596;223;вероятно;21
7;weekday;21;0;9;Инновационный университет;0.016831046312178386;157;вероятно;21
7;weekday;21;0;10;1-я Прогонная ул.;0.00975557461406518;91;вероятно;21
7;weekday;21;0;11;Телерадиокомпания «МИР»;0.009648370497427101;90;вероятно;21
7;weekday;21;0;12;Мосгорсуд;0.019189536878216125;179;вероятно;21
7;weekday;21;0;13;Улица Хромова;0.01747427101200686;163;вероятно;21
7;weekday;21;0;14;Метро «Преображенская площадь»;0.019403945111492283;181;вероятно;21
7;weekday;21;0;15;Преображенская площадь;0.0177958833619211;166;вероятно;21
7;weekday;21;0;16;Трамв. депо им. Русакова;0.015008576329331046;140;вероятно;21
7;weekday;21;0;17;Малая Остроумовская улица;0.01361492281303602;127;вероятно;21
7;weekday;21;0;18;Клуб Русакова - Сцена «Мельников»;0.006110634648370497;57;вероятно;21
7;weekday;21;0;19;Метро «Сокольники»;0.007933104631217838;74;вероятно;21
7;weekday;21;0;20;МЦД Митьково;0.014043739279588336;131;вероятно;21
7;weekday;21;0;21;Леснорядская улица;0.0157590051457976;147;вероятно;21
7;weekday;21;0;22;Метро «Красносельская»;0.02240566037735849;209;вероятно;21
7;weekday;21;0;23;Метро «Комсомольская»;0.011042024013722127;103;вероятно;21
7;weekday;21;0;24;МЦД Площадь трёх вокзалов;0.007611492281303602;71;вероятно;21
7;weekday;21;0;25;Каланчёвская улица;0.018224699828473412;170;вероятно;21
7;weekday;21;0;26;Пантелеевская улица;0.008040308747855917;75;вероятно;21
7;weekday;21;0;27;Астраханский переулок;0.004180960548885077;39;вероятно;21
7;weekday;21;0;28;Ботанический переулок;0.00493138936535163;46;вероятно;21
7;weekday;21;0;29;Метро «Проспект Мира»;0.011470840480274443;107;вероятно;21
7;weekday;21;0;30;Спорткомплекс «Олимпийский»;0.010827615780445969;101;вероятно;21
7;weekday;21;0;31;Ул. Гиляровского;0.002144082332761578;20;вероятно;21
7;weekday;21;0;32;Улица Щепкина;0.012435677530017153;116;вероятно;21
7;weekday;21;0;33;Театр зверей им. Дурова;0.027980274442538592;261;вероятно;21
7;weekday;21;0;34;Самотёчная улица;0.02647941680960549;247;вероятно;21
7;weekday;21;0;35;4-й Самотёчный переулок;0.0047169811320754715;44;вероятно;21
7;weekday;21;0;36;Селезнёвская улица;0.006325042881646655;59;вероятно;21
7;weekday;21;0;37;Улица Достоевского;0.008576329331046312;80;вероятно;21
7;weekday;21;0;38;Площадь Борьбы;0.00879073756432247;82;вероятно;21
7;weekday;21;0;39;Улица Палиха;0.009219554030874785;86;вероятно;21
7;weekday;21;0;40;Лесная улица;0.007289879931389366;68;вероятно;21
7;weekday;21;0;41;Миусское депо;0.0026801029159519724;25;вероятно;21
7;weekday;21;0;42;ДК Зуева;0.010506003430531732;98;вероятно;21
7;weekday;21;0;43;Метро «Белорусская»;0.016295025728987993;152;вероятно;21
7;weekday;21;1;1;Белорусский вокзал;0.006753859348198971;63;вероятно;21
7;weekday;21;1;2;Метро «Белорусская»;0.002036878216123499;19;вероятно;21
7;weekday;21;1;3;ДК Зуева;0.0009648370497427101;9;вероятно;21
7;weekday;21;1;4;Миусское депо;0.0016080617495711836;15;вероятно;21
7;weekday;21;1;5;Лесная улица;0.0033233276157804458;31;вероятно;21
7;weekday;21;1;6;Улица Палиха;0.002572898799313894;24;вероятно;21
7;weekday;21;1;7;Площадь Борьбы;0.003644939965694683;34;вероятно;21
7;weekday;21;1;8;Улица Достоевского;0.002251286449399657;21;вероятно;21
7;weekday;21;1;9;Селезнёвская улица;0.0028945111492281305;27;вероятно;21
7;weekday;21;1;10;4-й Самотёчный переулок;0.001072041166380789;10;вероятно;21
7;weekday;21;1;11;Самотёчная улица;0.002251286449399657;21;вероятно;21
7;weekday;21;1;12;Театр зверей имени Дурова;0.0026801029159519724;25;вероятно;21
7;weekday;21;1;13;Улица Щепкина;0.005467409948542024;51;вероятно;21
7;weekday;21;1;14;Ул. Гиляровского;0.003644939965694683;34;вероятно;21
7;weekday;21;1;15;Спорткомплекс «Олимпийский»;0.004073756432246998;38;вероятно;21
7;weekday;21;1;16;Метро «Проспект Мира»;0.005789022298456261;54;вероятно;21
7;weekday;21;1;17;Ботанический переулок;0.0015008576329331046;14;вероятно;21
7;weekday;21;1;18;Астраханский переулок;0.0026801029159519724;25;вероятно;21
7;weekday;21;1;19;Пантелеевская улица;0.005038593481989709;47;вероятно;21
7;weekday;21;1;20;Каланчёвская улица;0.005574614065180103;52;вероятно;21
7;weekday;21;1;21;МЦД Площадь трёх вокзалов;0.007182675814751287;67;вероятно;21
7;weekday;21;1;22;Метро «Комсомольская»;0.008361921097770154;78;вероятно;21
7;weekday;21;1;23;Метро «Красносельская»;0.012221269296740995;114;вероятно;21
7;weekday;21;1;24;Леснорядская улица;0.01672384219554031;156;вероятно;21
7;weekday;21;1;25;МЦД Митьково;0.013293310463121783;124;вероятно;21
7;weekday;21;1;26;Метро «Сокольники»;0.014043739279588336;131;вероятно;21
7;weekday;21;1;27;Клуб Русакова - Сцена «Мельников»;0.009541166380789022;89;вероятно;21
7;weekday;21;1;28;М. Остроумовская ул.;0.007611492281303602;71;вероятно;21
7;weekday;21;1;29;Трамвайное депо имени Русакова;0.014043739279588336;131;вероятно;21
7;weekday;21;1;30;Преображенская площадь;0.016402229845626073;153;вероятно;21
7;weekday;21;1;31;Метро «Преображенская площадь»;0.022834476843910805;213;вероятно;21
7;weekday;21;1;32;Улица Хромова;0.03141080617495712;293;вероятно;21
7;weekday;21;1;33;Мосгорсуд;0.019082332761578044;178;вероятно;21
7;weekday;21;1;34;Телерадиокомпания «МИР»;0.01061320754716981;99;вероятно;21
7;weekday;21;1;35;1-я Прогонная улица;0.005574614065180103;52;вероятно;21
7;weekday;21;1;36;Инновационный университет;0.01672384219554031;156;вероятно;21
7;weekday;21;1;37;Богородский храм;0.01747427101200686;163;вероятно;21
7;weekday;21;1;38;Богородское;0.024013722126929673;224;вероятно;21
7;weekday;21;1;39;Ланинский переулок;0.013507718696397941;126;вероятно;21
7;weekday;21;1;40;Погонный проезд;0.01072041166380789;100;вероятно;21
7;weekday;21;1;41;Игральная улица;0.014472555746140653;135;вероятно;21
7;weekday;21;1;42;3-й проезд Подбельского;0.009969982847341338;93;вероятно;21
7;weekday;21;1;43;5-й пр. Подбельского;0.027658662092624357;258;вероятно;21
7;weekday;22;0;1;Метро «Бульвар Рокоссовского»;0.0345956054230949;148;вероятно;22
7;weekday;22;0;2;5-й пр. Подбельского;0.004441327723235157;19;вероятно;22
7;weekday;22;0;3;3-й проезд Подбельского;0.0023375409069658717;10;вероятно;22
7;weekday;22;0;4;Игральная ул.;0.001402524544179523;6;вероятно;22
7;weekday;22;0;5;Погонный проезд;0.0023375409069658717;10;вероятно;22
7;weekday;22;0;6;Ланинский переулок;0.0035063113604488078;15;вероятно;22
7;weekday;22;0;7;Богородское;0.004908835904628331;21;вероятно;22
7;weekday;22;0;8;Богородский храм;0.013090229079008883;56;вероятно;22
7;weekday;22;0;9;Инновационный университет;0.006077606358111267;26;вероятно;22
7;weekday;22;0;10;1-я Прогонная ул.;0.0037400654511453952;16;вероятно;22
7;weekday;22;0;11;Телерадиокомпания «МИР»;0.006077606358111267;26;вероятно;22
7;weekday;22;0;12;Мосгорсуд;0.004675081813931743;20;вероятно;22
7;weekday;22;0;13;Улица Хромова;0.0065451145395044414;28;вероятно;22
7;weekday;22;0;14;Метро «Преображенская площадь»;0.010986442262739598;47;вероятно;22
7;weekday;22;0;15;Преображенская площадь;0.010285179990649837;44;вероятно;22
7;weekday;22;0;16;Трамв. депо им. Русакова;0.016362786348761104;70;вероятно;22
7;weekday;22;0;17;Малая Остроумовская улица;0.006077606358111267;26;вероятно;22
7;weekday;22;0;18;Клуб Русакова - Сцена «Мельников»;0.008181393174380552;35;вероятно;22
7;weekday;22;0;19;Метро «Сокольники»;0.010285179990649837;44;вероятно;22
7;weekday;22;0;20;МЦД Митьково;0.011453950444132773;49;вероятно;22
7;weekday;22;0;21;Леснорядская улица;0.016830294530154277;72;вероятно;22
7;weekday;22;0;22;Метро «Красносельская»;0.02758298270219729;118;вероятно;22
7;weekday;22;0;23;Метро «Комсомольская»;0.008648901355773725;37;вероятно;22
7;weekday;22;0;24;МЦД Площадь трёх вокзалов;0.010051425899953248;43;вероятно;22
7;weekday;22;0;25;Каланчёвская улица;0.015895278167367927;68;вероятно;22
7;weekday;22;0;26;Пантелеевская улица;0.0091164095371669;39;вероятно;22
7;weekday;22;0;27;Астраханский переулок;0.0074801309022907905;32;вероятно;22
7;weekday;22;0;28;Ботанический переулок;0.009817671809256662;42;вероятно;22
7;weekday;22;0;29;Метро «Проспект Мира»;0.017999064983637212;77;вероятно;22
7;weekday;22;0;30;Спорткомплекс «Олимпийский»;0.014960261804581581;64;вероятно;22
7;weekday;22;0;31;Ул. Гиляровского;0.008181393174380552;35;вероятно;22
7;weekday;22;0;32;Улица Щепкина;0.009583917718560075;41;вероятно;22
7;weekday;22;0;33;Театр зверей им. Дурова;0.027115474520804116;116;вероятно;22
7;weekday;22;0;34;Самотёчная улица;0.019635343618513323;84;вероятно;22
7;weekday;22;0;35;4-й Самотёчный переулок;0.01659654043945769;71;вероятно;22
7;weekday;22;0;36;Селезнёвская улица;0.010285179990649837;44;вероятно;22
7;weekday;22;0;37;Улица Достоевского;0.011220196353436185;48;вероятно;22
7;weekday;22;0;38;Площадь Борьбы;0.016129032258064516;69;вероятно;22
7;weekday;22;0;39;Улица Палиха;0.013557737260402058;58;вероятно;22
7;weekday;22;0;40;Лесная улица;0.006778868630201029;29;вероятно;22
7;weekday;22;0;41;Миусское депо;0.004441327723235157;19;вероятно;22
7;weekday;22;0;42;ДК Зуева;0.013090229079008883;56;вероятно;22
7;weekday;22;0;43;Метро «Белорусская»;0.05493221131369799;235;вероятно;22
7;weekday;22;1;1;Белорусский вокзал;0.08999532491818607;385;вероятно;22
7;weekday;22;1;2;Метро «Белорусская»;0.014492753623188406;62;вероятно;22
7;weekday;22;1;3;ДК Зуева;0.0070126227208976155;30;вероятно;22
7;weekday;22;1;4;Миусское депо;0.007947639083683964;34;вероятно;22
7;weekday;22;1;5;Лесная улица;0.013557737260402058;58;вероятно;22
7;weekday;22;1;6;Улица Палиха;0.01753155680224404;75;вероятно;22
7;weekday;22;1;7;Площадь Борьбы;0.011921458625525946;51;вероятно;22
7;weekday;22;1;8;Улица Достоевского;0.010752688172043012;46;вероятно;22
7;weekday;22;1;9;Селезнёвская улица;0.017064048620850866;73;вероятно;22
7;weekday;22;1;10;4-й Самотёчный переулок;0.012622720897615708;54;вероятно;22
7;weekday;22;1;11;Самотёчная улица;0.016129032258064516;69;вероятно;22
7;weekday;22;1;12;Театр зверей имени Дурова;0.008648901355773725;37;вероятно;22
7;weekday;22;1;13;Улица Щепкина;0.014025245441795231;60;вероятно;22
7;weekday;22;1;14;Ул. Гиляровского;0.016830294530154277;72;вероятно;22
7;weekday;22;1;15;Спорткомплекс «Олимпийский»;0.010986442262739598;47;вероятно;22
7;weekday;22;1;16;Метро «Проспект Мира»;0.009583917718560075;41;вероятно;22
7;weekday;22;1;17;Ботанический переулок;0.006311360448807854;27;вероятно;22
7;weekday;22;1;18;Астраханский переулок;0.007713884992987377;33;вероятно;22
7;weekday;22;1;19;Пантелеевская улица;0.008415147265077139;36;вероятно;22
7;weekday;22;1;20;Каланчёвская улица;0.007947639083683964;34;вероятно;22
7;weekday;22;1;21;МЦД Площадь трёх вокзалов;0.007947639083683964;34;вероятно;22
7;weekday;22;1;22;Метро «Комсомольская»;0.008648901355773725;37;вероятно;22
7;weekday;22;1;23;Метро «Красносельская»;0.01168770453482936;50;вероятно;22
7;weekday;22;1;24;Леснорядская улица;0.009817671809256662;42;вероятно;22
7;weekday;22;1;25;МЦД Митьково;0.003973819541841982;17;вероятно;22
7;weekday;22;1;26;Метро «Сокольники»;0.0074801309022907905;32;вероятно;22
7;weekday;22;1;27;Клуб Русакова - Сцена «Мельников»;0.007947639083683964;34;вероятно;22
7;weekday;22;1;28;М. Остроумовская ул.;0.005142589995324918;22;вероятно;22
7;weekday;22;1;29;Трамвайное депо имени Русакова;0.003973819541841982;17;вероятно;22
7;weekday;22;1;30;Преображенская площадь;0.006311360448807854;27;вероятно;22
7;weekday;22;1;31;Метро «Преображенская площадь»;0.01425899953249182;61;вероятно;22
7;weekday;22;1;32;Улица Хромова;0.007246376811594203;31;вероятно;22
7;weekday;22;1;33;Мосгорсуд;0.007246376811594203;31;вероятно;22
7;weekday;22;1;34;Телерадиокомпания «МИР»;0.003973819541841982;17;вероятно;22
7;weekday;22;1;35;1-я Прогонная улица;0.0016362786348761104;7;вероятно;22
7;weekday;22;1;36;Инновационный университет;0.010285179990649837;44;вероятно;22
7;weekday;22;1;37;Богородский храм;0.015194015895278168;65;вероятно;22
7;weekday;22;1;38;Богородское;0.0091164095371669;39;вероятно;22
7;weekday;22;1;39;Ланинский переулок;0.006311360448807854;27;вероятно;22
7;weekday;22;1;40;Погонный проезд;0.005610098176718092;24;вероятно;22
7;weekday;22;1;41;Игральная улица;0.0030388031790556337;13;вероятно;22
7;weekday;22;1;42;3-й проезд Подбельского;0.005376344086021506;23;вероятно;22
7;weekday;22;1;43;5-й пр. Подбельского;0.010986442262739598;47;вероятно;22
7;weekday;23;0;1;Метро «Бульвар Рокоссовского»;0.06863711001642037;209;вероятно;23
7;weekday;23;0;2;5-й пр. Подбельского;0.006896551724137931;21;вероятно;23
7;weekday;23;0;3;3-й проезд Подбельского;0.002627257799671593;8;вероятно;23
7;weekday;23;0;4;Игральная ул.;0.0062397372742200325;19;вероятно;23
7;weekday;23;0;5;Погонный проезд;0.008210180623973728;25;вероятно;23
7;weekday;23;0;6;Ланинский переулок;0.0062397372742200325;19;вероятно;23
7;weekday;23;0;7;Богородское;0.007553366174055829;23;вероятно;23
7;weekday;23;0;8;Богородский храм;0.005254515599343186;16;вероятно;23
7;weekday;23;0;9;Инновационный университет;0.004597701149425287;14;вероятно;23
7;weekday;23;0;10;1-я Прогонная ул.;0.005582922824302135;17;вероятно;23
7;weekday;23;0;11;Телерадиокомпания «МИР»;0.006896551724137931;21;вероятно;23
7;weekday;23;0;12;Мосгорсуд;0.0049261083743842365;15;вероятно;23
7;weekday;23;0;13;Улица Хромова;0.006568144499178982;20;вероятно;23
7;weekday;23;0;14;Метро «Преображенская площадь»;0.005582922824302135;17;вероятно;23
7;weekday;23;0;15;Преображенская площадь;0.0013136288998357964;4;вероятно;23
7;weekday;23;0;16;Трамв. депо им. Русакова;0.008210180623973728;25;вероятно;23
7;weekday;23;0;17;Малая Остроумовская улица;0.0006568144499178982;2;вероятно;23
7;weekday;23;0;18;Клуб Русакова - Сцена «Мельников»;0.003284072249589491;10;вероятно;23
7;weekday;23;0;19;Метро «Сокольники»;0.0003284072249589491;1;вероятно;23
7;weekday;23;0;20;МЦД Митьково;0.0062397372742200325;19;вероятно;23
7;weekday;23;0;21;Леснорядская улица;0.003284072249589491;10;вероятно;23
7;weekday;23;0;22;Метро «Красносельская»;0.019376026272577996;59;вероятно;23
7;weekday;23;0;23;Метро «Комсомольская»;0.002955665024630542;9;вероятно;23
7;weekday;23;0;24;МЦД Площадь трёх вокзалов;0.0006568144499178982;2;вероятно;23
7;weekday;23;0;25;Каланчёвская улица;0.002955665024630542;9;вероятно;23
7;weekday;23;0;26;Пантелеевская улица;0.0019704433497536944;6;вероятно;23
7;weekday;23;0;27;Астраханский переулок;0.0006568144499178982;2;вероятно;23
7;weekday;23;0;28;Ботанический переулок;0.0013136288998357964;4;вероятно;23
7;weekday;23;0;29;Метро «Проспект Мира»;0.012479474548440065;38;вероятно;23
7;weekday;23;0;30;Спорткомплекс «Олимпийский»;0.002955665024630542;9;вероятно;23
7;weekday;23;0;31;Ул. Гиляровского;0.0009852216748768472;3;вероятно;23
7;weekday;23;0;32;Улица Щепкина;0.005254515599343186;16;вероятно;23
7;weekday;23;0;33;Театр зверей им. Дурова;0.003284072249589491;10;вероятно;23
7;weekday;23;0;34;Самотёчная улица;0.002627257799671593;8;вероятно;23
7;weekday;23;0;35;4-й Самотёчный переулок;0.0019704433497536944;6;вероятно;23
7;weekday;23;0;36;Селезнёвская улица;0.0013136288998357964;4;вероятно;23
7;weekday;23;0;37;Улица Достоевского;0.002627257799671593;8;вероятно;23
7;weekday;23;0;38;Площадь Борьбы;0.00361247947454844;11;вероятно;23
7;weekday;23;0;39;Улица Палиха;0.00361247947454844;11;вероятно;23
7;weekday;23;0;40;Лесная улица;0.004269293924466338;13;вероятно;23
7;weekday;23;0;41;Миусское депо;0.005582922824302135;17;вероятно;23
7;weekday;23;0;42;ДК Зуева;0.002627257799671593;8;вероятно;23
7;weekday;23;0;43;Метро «Белорусская»;0.03316912972085386;101;вероятно;23
7;weekday;23;1;1;Белорусский вокзал;0.05714285714285714;174;вероятно;23
7;weekday;23;1;2;Метро «Белорусская»;0.006896551724137931;21;вероятно;23
7;weekday;23;1;3;ДК Зуева;0.0062397372742200325;19;вероятно;23
7;weekday;23;1;4;Миусское депо;0.008538587848932676;26;вероятно;23
7;weekday;23;1;5;Лесная улица;0.013464696223316914;41;вероятно;23
7;weekday;23;1;6;Улица Палиха;0.012151067323481117;37;вероятно;23
7;weekday;23;1;7;Площадь Борьбы;0.0062397372742200325;19;вероятно;23
7;weekday;23;1;8;Улица Достоевского;0.019376026272577996;59;вероятно;23
7;weekday;23;1;9;Селезнёвская улица;0.024302134646962233;74;вероятно;23
7;weekday;23;1;10;4-й Самотёчный переулок;0.0187192118226601;57;вероятно;23
7;weekday;23;1;11;Самотёчная улица;0.015763546798029555;48;вероятно;23
7;weekday;23;1;12;Театр зверей имени Дурова;0.01839080459770115;56;вероятно;23
7;weekday;23;1;13;Улица Щепкина;0.01444991789819376;44;вероятно;23
7;weekday;23;1;14;Ул. Гиляровского;0.012151067323481117;37;вероятно;23
7;weekday;23;1;15;Спорткомплекс «Олимпийский»;0.012807881773399015;39;вероятно;23
7;weekday;23;1;16;Метро «Проспект Мира»;0.010509031198686371;32;вероятно;23
7;weekday;23;1;17;Ботанический переулок;0.012151067323481117;37;вероятно;23
7;weekday;23;1;18;Астраханский переулок;0.012151067323481117;37;вероятно;23
7;weekday;23;1;19;Пантелеевская улица;0.026272577996715927;80;вероятно;23
7;weekday;23;1;20;Каланчёвская улица;0.012807881773399015;39;вероятно;23
7;weekday;23;1;21;МЦД Площадь трёх вокзалов;0.010509031198686371;32;вероятно;23
7;weekday;23;1;22;Метро «Комсомольская»;0.01839080459770115;56;вероятно;23
7;weekday;23;1;23;Метро «Красносельская»;0.01904761904761905;58;вероятно;23
7;weekday;23;1;24;Леснорядская улица;0.015106732348111659;46;вероятно;23
7;weekday;23;1;25;МЦД Митьково;0.011494252873563218;35;вероятно;23
7;weekday;23;1;26;Метро «Сокольники»;0.013464696223316914;41;вероятно;23
7;weekday;23;1;27;Клуб Русакова - Сцена «Мельников»;0.027257799671592774;83;вероятно;23
7;weekday;23;1;28;М. Остроумовская ул.;0.02528735632183908;77;вероятно;23
7;weekday;23;1;29;Трамвайное депо имени Русакова;0.014778325123152709;45;вероятно;23
7;weekday;23;1;30;Преображенская площадь;0.03645320197044335;111;вероятно;23
7;weekday;23;1;31;Метро «Преображенская площадь»;0.017733990147783252;54;вероятно;23
7;weekday;23;1;32;Улица Хромова;0.008538587848932676;26;вероятно;23
7;weekday;23;1;33;Мосгорсуд;0.006896551724137931;21;вероятно;23
7;weekday;23;1;34;Телерадиокомпания «МИР»;0.0062397372742200325;19;вероятно;23
7;weekday;23;1;35;1-я Прогонная улица;0.010180623973727421;31;вероятно;23
7;weekday;23;1;36;Инновационный университет;0.014778325123152709;45;вероятно;23
7;weekday;23;1;37;Богородский храм;0.009852216748768473;30;вероятно;23
7;weekday;23;1;38;Богородское;0.01444991789819376;44;вероятно;23
7;weekday;23;1;39;Ланинский переулок;0.016091954022988506;49;вероятно;23
7;weekday;23;1;40;Погонный проезд;0.006896551724137931;21;вероятно;23
7;weekday;23;1;41;Игральная улица;0.00361247947454844;11;вероятно;23
7;weekday;23;1;42;3-й проезд Подбельского;0.021346469622331693;65;вероятно;23
7;weekday;23;1;43;5-й пр. Подбельского;0.06568144499178982;200;вероятно;23
7;weekend;0;0;1;Метро «Бульвар Рокоссовского»;0.13538461538461538;44;вероятно;0
7;weekend;0;0;2;5-й пр. Подбельского;0.015384615384615385;5;вероятно;0
7;weekend;0;0;3;3-й проезд Подбельского;0.006153846153846154;2;вероятно;0
7;weekend;0;0;5;Погонный проезд;0.012307692307692308;4;вероятно;0
7;weekend;0;0;6;Ланинский переулок;0.003076923076923077;1;вероятно;0
7;weekend;0;0;8;Богородский храм;0.006153846153846154;2;вероятно;0
7;weekend;0;0;9;Инновационный университет;0.015384615384615385;5;вероятно;0
7;weekend;0;0;11;Телерадиокомпания «МИР»;0.003076923076923077;1;вероятно;0
7;weekend;0;0;12;Мосгорсуд;0.003076923076923077;1;вероятно;0
7;weekend;0;0;14;Метро «Преображенская площадь»;0.009230769230769232;3;вероятно;0
7;weekend;0;0;15;Преображенская площадь;0.024615384615384615;8;вероятно;0
7;weekend;0;0;17;Малая Остроумовская улица;0.009230769230769232;3;вероятно;0
7;weekend;0;0;19;Метро «Сокольники»;0.024615384615384615;8;вероятно;0
7;weekend;0;0;20;МЦД Митьково;0.009230769230769232;3;вероятно;0
7;weekend;0;0;21;Леснорядская улица;0.021538461538461538;7;вероятно;0
7;weekend;0;0;22;Метро «Красносельская»;0.03076923076923077;10;вероятно;0
7;weekend;0;0;23;Метро «Комсомольская»;0.018461538461538463;6;вероятно;0
7;weekend;0;0;24;МЦД Площадь трёх вокзалов;0.003076923076923077;1;вероятно;0
7;weekend;0;0;25;Каланчёвская улица;0.021538461538461538;7;вероятно;0
7;weekend;0;0;26;Пантелеевская улица;0.07076923076923076;23;вероятно;0
7;weekend;0;0;27;Астраханский переулок;0.021538461538461538;7;вероятно;0
7;weekend;0;0;28;Ботанический переулок;0.006153846153846154;2;вероятно;0
7;weekend;0;0;29;Метро «Проспект Мира»;0.012307692307692308;4;вероятно;0
7;weekend;0;0;30;Спорткомплекс «Олимпийский»;0.06769230769230769;22;вероятно;0
7;weekend;0;0;31;Ул. Гиляровского;0.006153846153846154;2;вероятно;0
7;weekend;0;0;32;Улица Щепкина;0.036923076923076927;12;вероятно;0
7;weekend;0;0;33;Театр зверей им. Дурова;0.027692307692307693;9;вероятно;0
7;weekend;0;0;34;Самотёчная улица;0.006153846153846154;2;вероятно;0
7;weekend;0;0;35;4-й Самотёчный переулок;0.009230769230769232;3;вероятно;0
7;weekend;0;0;36;Селезнёвская улица;0.006153846153846154;2;вероятно;0
7;weekend;0;0;37;Улица Достоевского;0.003076923076923077;1;вероятно;0
7;weekend;0;0;38;Площадь Борьбы;0.021538461538461538;7;вероятно;0
7;weekend;0;0;39;Улица Палиха;0.006153846153846154;2;вероятно;0
7;weekend;0;0;40;Лесная улица;0.052307692307692305;17;вероятно;0
7;weekend;0;0;41;Миусское депо;0.006153846153846154;2;вероятно;0
7;weekend;0;0;42;ДК Зуева;0.021538461538461538;7;вероятно;0
7;weekend;0;0;43;Метро «Белорусская»;0.04923076923076923;16;вероятно;0
7;weekend;0;1;1;Белорусский вокзал;0.04923076923076923;16;вероятно;0
7;weekend;0;1;5;Лесная улица;0.04923076923076923;16;вероятно;0
7;weekend;0;1;6;Улица Палиха;0.006153846153846154;2;вероятно;0
7;weekend;0;1;7;Площадь Борьбы;0.003076923076923077;1;вероятно;0
7;weekend;0;1;8;Улица Достоевского;0.003076923076923077;1;вероятно;0
7;weekend;0;1;10;4-й Самотёчный переулок;0.003076923076923077;1;вероятно;0
7;weekend;0;1;12;Театр зверей имени Дурова;0.009230769230769232;3;вероятно;0
7;weekend;0;1;15;Спорткомплекс «Олимпийский»;0.03076923076923077;10;вероятно;0
7;weekend;0;1;17;Ботанический переулок;0.003076923076923077;1;вероятно;0
7;weekend;0;1;20;Каланчёвская улица;0.003076923076923077;1;вероятно;0
7;weekend;0;1;40;Погонный проезд;0.003076923076923077;1;вероятно;0
7;weekend;0;1;43;5-й пр. Подбельского;0.033846153846153845;11;вероятно;0
7;weekend;1;0;24;МЦД Площадь трёх вокзалов;0.02857142857142857;2;вероятно;1
7;weekend;1;0;26;Пантелеевская улица;0.014285714285714285;1;вероятно;1
7;weekend;1;0;27;Астраханский переулок;0.04285714285714286;3;вероятно;1
7;weekend;1;0;30;Спорткомплекс «Олимпийский»;0.05714285714285714;4;вероятно;1
7;weekend;1;0;31;Ул. Гиляровского;0.014285714285714285;1;вероятно;1
7;weekend;1;0;32;Улица Щепкина;0.1;7;вероятно;1
7;weekend;1;0;37;Улица Достоевского;0.014285714285714285;1;вероятно;1
7;weekend;1;0;41;Миусское депо;0.014285714285714285;1;вероятно;1
7;weekend;1;0;42;ДК Зуева;0.02857142857142857;2;вероятно;1
7;weekend;1;0;43;Метро «Белорусская»;0.21428571428571427;15;вероятно;1
7;weekend;1;1;26;Метро «Сокольники»;0.014285714285714285;1;вероятно;1
7;weekend;1;1;29;Трамвайное депо имени Русакова;0.014285714285714285;1;вероятно;1
7;weekend;1;1;30;Преображенская площадь;0.05714285714285714;4;вероятно;1
7;weekend;1;1;36;Инновационный университет;0.014285714285714285;1;вероятно;1
7;weekend;1;1;37;Богородский храм;0.1;7;вероятно;1
7;weekend;1;1;38;Богородское;0.02857142857142857;2;вероятно;1
7;weekend;1;1;41;Игральная улица;0.02857142857142857;2;вероятно;1
7;weekend;1;1;42;3-й проезд Подбельского;0.014285714285714285;1;вероятно;1
7;weekend;1;1;43;5-й пр. Подбельского;0.2;14;вероятно;1
7;weekend;2;0;24;МЦД Площадь трёх вокзалов;0.02857142857142857;2;вероятно;1
7;weekend;2;0;26;Пантелеевская улица;0.014285714285714285;1;вероятно;1
7;weekend;2;0;27;Астраханский переулок;0.04285714285714286;3;вероятно;1
7;weekend;2;0;30;Спорткомплекс «Олимпийский»;0.05714285714285714;4;вероятно;1
7;weekend;2;0;31;Ул. Гиляровского;0.014285714285714285;1;вероятно;1
7;weekend;2;0;32;Улица Щепкина;0.1;7;вероятно;1
7;weekend;2;0;37;Улица Достоевского;0.014285714285714285;1;вероятно;1
7;weekend;2;0;41;Миусское депо;0.014285714285714285;1;вероятно;1
7;weekend;2;0;42;ДК Зуева;0.02857142857142857;2;вероятно;1
7;weekend;2;0;43;Метро «Белорусская»;0.21428571428571427;15;вероятно;1
7;weekend;2;1;26;Метро «Сокольники»;0.014285714285714285;1;вероятно;1
7;weekend;2;1;29;Трамвайное депо имени Русакова;0.014285714285714285;1;вероятно;1
7;weekend;2;1;30;Преображенская площадь;0.05714285714285714;4;вероятно;1
7;weekend;2;1;36;Инновационный университет;0.014285714285714285;1;вероятно;1
7;weekend;2;1;37;Богородский храм;0.1;7;вероятно;1
7;weekend;2;1;38;Богородское;0.02857142857142857;2;вероятно;1
7;weekend;2;1;41;Игральная улица;0.02857142857142857;2;вероятно;1
7;weekend;2;1;42;3-й проезд Подбельского;0.014285714285714285;1;вероятно;1
7;weekend;2;1;43;5-й пр. Подбельского;0.2;14;вероятно;1
7;weekend;3;0;1;Метро «Бульвар Рокоссовского»;0.3333333333333333;1;вероятно;4
7;weekend;3;1;1;Белорусский вокзал;0.6666666666666666;2;вероятно;4
7;weekend;4;0;1;Метро «Бульвар Рокоссовского»;0.3333333333333333;1;вероятно;4
7;weekend;4;1;1;Белорусский вокзал;0.6666666666666666;2;вероятно;4
7;weekend;5;0;1;Метро «Бульвар Рокоссовского»;0.049079754601226995;8;вероятно;5
7;weekend;5;0;2;5-й пр. Подбельского;0.006134969325153374;1;вероятно;5
7;weekend;5;0;3;3-й проезд Подбельского;0.006134969325153374;1;вероятно;5
7;weekend;5;0;6;Ланинский переулок;0.006134969325153374;1;вероятно;5
7;weekend;5;0;7;Богородское;0.018404907975460124;3;вероятно;5
7;weekend;5;0;8;Богородский храм;0.006134969325153374;1;вероятно;5
7;weekend;5;0;9;Инновационный университет;0.03680981595092025;6;вероятно;5
7;weekend;5;0;11;Телерадиокомпания «МИР»;0.03067484662576687;5;вероятно;5
7;weekend;5;0;13;Улица Хромова;0.03680981595092025;6;вероятно;5
7;weekend;5;0;14;Метро «Преображенская площадь»;0.024539877300613498;4;вероятно;5
7;weekend;5;0;15;Преображенская площадь;0.006134969325153374;1;вероятно;5
7;weekend;5;0;20;МЦД Митьково;0.006134969325153374;1;вероятно;5
7;weekend;5;0;21;Леснорядская улица;0.012269938650306749;2;вероятно;5
7;weekend;5;0;22;Метро «Красносельская»;0.049079754601226995;8;вероятно;5
7;weekend;5;0;23;Метро «Комсомольская»;0.06134969325153374;10;вероятно;5
7;weekend;5;0;24;МЦД Площадь трёх вокзалов;0.012269938650306749;2;вероятно;5
7;weekend;5;0;29;Метро «Проспект Мира»;0.006134969325153374;1;вероятно;5
7;weekend;5;0;33;Театр зверей им. Дурова;0.018404907975460124;3;вероятно;5
7;weekend;5;0;34;Самотёчная улица;0.006134969325153374;1;вероятно;5
7;weekend;5;0;35;4-й Самотёчный переулок;0.012269938650306749;2;вероятно;5
7;weekend;5;0;36;Селезнёвская улица;0.006134969325153374;1;вероятно;5
7;weekend;5;0;38;Площадь Борьбы;0.006134969325153374;1;вероятно;5
7;weekend;5;0;43;Метро «Белорусская»;0.018404907975460124;3;вероятно;5
7;weekend;5;1;1;Белорусский вокзал;0.10429447852760736;17;вероятно;5
7;weekend;5;1;2;Метро «Белорусская»;0.0736196319018405;12;вероятно;5
7;weekend;5;1;3;ДК Зуева;0.03067484662576687;5;вероятно;5
7;weekend;5;1;4;Миусское депо;0.018404907975460124;3;вероятно;5
7;weekend;5;1;5;Лесная улица;0.012269938650306749;2;вероятно;5
7;weekend;5;1;6;Улица Палиха;0.018404907975460124;3;вероятно;5
7;weekend;5;1;7;Площадь Борьбы;0.006134969325153374;1;вероятно;5
7;weekend;5;1;11;Самотёчная улица;0.018404907975460124;3;вероятно;5
7;weekend;5;1;12;Театр зверей имени Дурова;0.10429447852760736;17;вероятно;5
7;weekend;5;1;13;Улица Щепкина;0.10429447852760736;17;вероятно;5
7;weekend;5;1;14;Ул. Гиляровского;0.012269938650306749;2;вероятно;5
7;weekend;5;1;15;Спорткомплекс «Олимпийский»;0.012269938650306749;2;вероятно;5
7;weekend;5;1;16;Метро «Проспект Мира»;0.006134969325153374;1;вероятно;5
7;weekend;5;1;20;Каланчёвская улица;0.012269938650306749;2;вероятно;5
7;weekend;5;1;24;Леснорядская улица;0.018404907975460124;3;вероятно;5
7;weekend;5;1;28;М. Остроумовская ул.;0.006134969325153374;1;вероятно;5
7;weekend;6;0;1;Метро «Бульвар Рокоссовского»;0.011890606420927468;10;вероятно;6
7;weekend;6;0;2;5-й пр. Подбельского;0.0023781212841854932;2;вероятно;6
7;weekend;6;0;3;3-й проезд Подбельского;0.0011890606420927466;1;вероятно;6
7;weekend;6;0;5;Погонный проезд;0.02140309155766944;18;вероятно;6
7;weekend;6;0;6;Ланинский переулок;0.04875148632580262;41;вероятно;6
7;weekend;6;0;7;Богородское;0.009512485136741973;8;вероятно;6
7;weekend;6;0;8;Богородский храм;0.026159334126040427;22;вероятно;6
7;weekend;6;0;21;Леснорядская улица;0.0011890606420927466;1;вероятно;6
7;weekend;6;0;23;Метро «Комсомольская»;0.0047562425683709865;4;вероятно;6
7;weekend;6;0;24;МЦД Площадь трёх вокзалов;0.026159334126040427;22;вероятно;6
7;weekend;6;0;25;Каланчёвская улица;0.005945303210463734;5;вероятно;6
7;weekend;6;0;26;Пантелеевская улица;0.005945303210463734;5;вероятно;6
7;weekend;6;0;28;Ботанический переулок;0.0047562425683709865;4;вероятно;6
7;weekend;6;0;29;Метро «Проспект Мира»;0.0035671819262782403;3;вероятно;6
7;weekend;6;0;30;Спорткомплекс «Олимпийский»;0.0178359096313912;15;вероятно;6
7;weekend;6;0;31;Ул. Гиляровского;0.008323424494649227;7;вероятно;6
7;weekend;6;0;32;Улица Щепкина;0.020214030915576695;17;вероятно;6
7;weekend;6;0;33;Театр зверей им. Дурова;0.019024970273483946;16;вероятно;6
7;weekend;6;0;34;Самотёчная улица;0.011890606420927468;10;вероятно;6
7;weekend;6;0;35;4-й Самотёчный переулок;0.005945303210463734;5;вероятно;6
7;weekend;6;0;36;Селезнёвская улица;0.0035671819262782403;3;вероятно;6
7;weekend;6;0;37;Улица Достоевского;0.008323424494649227;7;вероятно;6
7;weekend;6;0;38;Площадь Борьбы;0.04994054696789536;42;вероятно;6
7;weekend;6;0;39;Улица Палиха;0.07372175980975029;62;вероятно;6
7;weekend;6;0;40;Лесная улица;0.023781212841854936;20;вероятно;6
7;weekend;6;0;41;Миусское депо;0.015457788347205707;13;вероятно;6
7;weekend;6;0;42;ДК Зуева;0.014268727705112961;12;вероятно;6
7;weekend;6;0;43;Метро «Белорусская»;0.0178359096313912;15;вероятно;6
7;weekend;6;1;1;Белорусский вокзал;0.014268727705112961;12;вероятно;6
7;weekend;6;1;2;Метро «Белорусская»;0.008323424494649227;7;вероятно;6
7;weekend;6;1;3;ДК Зуева;0.0023781212841854932;2;вероятно;6
7;weekend;6;1;4;Миусское депо;0.0035671819262782403;3;вероятно;6
7;weekend;6;1;5;Лесная улица;0.014268727705112961;12;вероятно;6
7;weekend;6;1;6;Улица Палиха;0.015457788347205707;13;вероятно;6
7;weekend;6;1;7;Площадь Борьбы;0.005945303210463734;5;вероятно;6
7;weekend;6;1;8;Улица Достоевского;0.0023781212841854932;2;вероятно;6
7;weekend;6;1;9;Селезнёвская улица;0.0011890606420927466;1;вероятно;6
7;weekend;6;1;10;4-й Самотёчный переулок;0.007134363852556481;6;вероятно;6
7;weekend;6;1;11;Самотёчная улица;0.0047562425683709865;4;вероятно;6
7;weekend;6;1;12;Театр зверей имени Дурова;0.0023781212841854932;2;вероятно;6
7;weekend;6;1;13;Улица Щепкина;0.007134363852556481;6;вероятно;6
7;weekend;6;1;14;Ул. Гиляровского;0.0011890606420927466;1;вероятно;6
7;weekend;6;1;15;Спорткомплекс «Олимпийский»;0.008323424494649227;7;вероятно;6
7;weekend;6;1;16;Метро «Проспект Мира»;0.0035671819262782403;3;вероятно;6
7;weekend;6;1;17;Ботанический переулок;0.0035671819262782403;3;вероятно;6
7;weekend;6;1;18;Астраханский переулок;0.0011890606420927466;1;вероятно;6
7;weekend;6;1;19;Пантелеевская улица;0.0035671819262782403;3;вероятно;6
7;weekend;6;1;20;Каланчёвская улица;0.008323424494649227;7;вероятно;6
7;weekend;6;1;21;МЦД Площадь трёх вокзалов;0.0023781212841854932;2;вероятно;6
7;weekend;6;1;22;Метро «Комсомольская»;0.0047562425683709865;4;вероятно;6
7;weekend;6;1;23;Метро «Красносельская»;0.009512485136741973;8;вероятно;6
7;weekend;6;1;24;Леснорядская улица;0.06420927467300833;54;вероятно;6
7;weekend;6;1;25;МЦД Митьково;0.041617122473246136;35;вероятно;6
7;weekend;6;1;26;Метро «Сокольники»;0.02497027348394768;21;вероятно;6
7;weekend;6;1;27;Клуб Русакова - Сцена «Мельников»;0.028537455410225922;24;вероятно;6
7;weekend;6;1;28;М. Остроумовская ул.;0.008323424494649227;7;вероятно;6
7;weekend;6;1;29;Трамвайное депо имени Русакова;0.016646848989298454;14;вероятно;6
7;weekend;6;1;30;Преображенская площадь;0.022592152199762187;19;вероятно;6
7;weekend;6;1;31;Метро «Преображенская площадь»;0.0047562425683709865;4;вероятно;6
7;weekend;6;1;32;Улица Хромова;0.02497027348394768;21;вероятно;6
7;weekend;6;1;33;Мосгорсуд;0.022592152199762187;19;вероятно;6
7;weekend;6;1;34;Телерадиокомпания «МИР»;0.0023781212841854932;2;вероятно;6
7;weekend;6;1;36;Инновационный университет;0.03329369797859691;28;вероятно;6
7;weekend;6;1;37;Богородский храм;0.008323424494649227;7;вероятно;6
7;weekend;6;1;38;Богородское;0.023781212841854936;20;вероятно;6
7;weekend;6;1;39;Ланинский переулок;0.022592152199762187;19;вероятно;6
7;weekend;6;1;40;Погонный проезд;0.0178359096313912;15;вероятно;6
7;weekend;6;1;41;Игральная улица;0.015457788347205707;13;вероятно;6
7;weekend;6;1;42;3-й проезд Подбельского;0.009512485136741973;8;вероятно;6
7;weekend;6;1;43;5-й пр. Подбельского;0.008323424494649227;7;вероятно;6
7;weekend;7;0;1;Метро «Бульвар Рокоссовского»;0.04569055036344756;44;вероятно;7
7;weekend;7;0;2;5-й пр. Подбельского;0.008307372793354102;8;вероятно;7
7;weekend;7;0;3;3-й проезд Подбельского;0.005192107995846314;5;вероятно;7
7;weekend;7;0;4;Игральная ул.;0.017653167185877467;17;вероятно;7
7;weekend;7;0;5;Погонный проезд;0.017653167185877467;17;вероятно;7
7;weekend;7;0;6;Ланинский переулок;0.0020768431983385254;2;вероятно;7
7;weekend;7;0;7;Богородское;0.035306334371754934;34;вероятно;7
7;weekend;7;0;8;Богородский храм;0.024922118380062305;24;вероятно;7
7;weekend;7;0;9;Инновационный университет;0.024922118380062305;24;вероятно;7
7;weekend;7;0;10;1-я Прогонная ул.;0.013499480789200415;13;вероятно;7
7;weekend;7;0;11;Телерадиокомпания «МИР»;0.01142263759086189;11;вероятно;7
7;weekend;7;0;12;Мосгорсуд;0.024922118380062305;24;вероятно;7
7;weekend;7;0;13;Улица Хромова;0.033229491173416406;32;вероятно;7
7;weekend;7;0;14;Метро «Преображенская площадь»;0.033229491173416406;32;вероятно;7
7;weekend;7;0;15;Преображенская площадь;0.03842159916926272;37;вероятно;7
7;weekend;7;0;16;Трамв. депо им. Русакова;0.006230529595015576;6;вероятно;7
7;weekend;7;0;17;Малая Остроумовская улица;0.003115264797507788;3;вероятно;7
7;weekend;7;0;18;Клуб Русакова - Сцена «Мельников»;0.008307372793354102;8;вероятно;7
7;weekend;7;0;19;Метро «Сокольники»;0.01142263759086189;11;вероятно;7
7;weekend;7;0;20;МЦД Митьково;0.006230529595015576;6;вероятно;7
7;weekend;7;0;21;Леснорядская улица;0.006230529595015576;6;вероятно;7
7;weekend;7;0;22;Метро «Красносельская»;0.02699896157840083;26;вероятно;7
7;weekend;7;0;23;Метро «Комсомольская»;0.01557632398753894;15;вероятно;7
7;weekend;7;0;24;МЦД Площадь трёх вокзалов;0.003115264797507788;3;вероятно;7
7;weekend;7;0;25;Каланчёвская улица;0.030114226375908618;29;вероятно;7
7;weekend;7;0;26;Пантелеевская улица;0.009345794392523364;9;вероятно;7
7;weekend;7;0;27;Астраханский переулок;0.012461059190031152;12;вероятно;7
7;weekend;7;0;28;Ботанический переулок;0.010384215991692628;10;вероятно;7
7;weekend;7;0;29;Метро «Проспект Мира»;0.02284527518172378;22;вероятно;7
7;weekend;7;0;30;Спорткомплекс «Олимпийский»;0.023883696780893044;23;вероятно;7
7;weekend;7;0;31;Ул. Гиляровского;0.006230529595015576;6;вероятно;7
7;weekend;7;0;32;Улица Щепкина;0.01973001038421599;19;вероятно;7
7;weekend;7;0;33;Театр зверей им. Дурова;0.010384215991692628;10;вероятно;7
7;weekend;7;0;34;Самотёчная улица;0.003115264797507788;3;вероятно;7
7;weekend;7;0;35;4-й Самотёчный переулок;0.014537902388369679;14;вероятно;7
7;weekend;7;0;36;Селезнёвская улица;0.006230529595015576;6;вероятно;7
7;weekend;7;0;37;Улица Достоевского;0.004153686396677051;4;вероятно;7
7;weekend;7;0;38;Площадь Борьбы;0.005192107995846314;5;вероятно;7
7;weekend;7;0;39;Улица Палиха;0.013499480789200415;13;вероятно;7
7;weekend;7;0;40;Лесная улица;0.009345794392523364;9;вероятно;7
7;weekend;7;0;41;Миусское депо;0.0010384215991692627;1;вероятно;7
7;weekend;7;0;43;Метро «Белорусская»;0.0010384215991692627;1;вероятно;7
7;weekend;7;1;1;Белорусский вокзал;0.009345794392523364;9;вероятно;7
7;weekend;7;1;2;Метро «Белорусская»;0.003115264797507788;3;вероятно;7
7;weekend;7;1;4;Миусское депо;0.0020768431983385254;2;вероятно;7
7;weekend;7;1;5;Лесная улица;0.003115264797507788;3;вероятно;7
7;weekend;7;1;6;Улица Палиха;0.004153686396677051;4;вероятно;7
7;weekend;7;1;7;Площадь Борьбы;0.0020768431983385254;2;вероятно;7
7;weekend;7;1;8;Улица Достоевского;0.0020768431983385254;2;вероятно;7
7;weekend;7;1;9;Селезнёвская улица;0.012461059190031152;12;вероятно;7
7;weekend;7;1;10;4-й Самотёчный переулок;0.0020768431983385254;2;вероятно;7
7;weekend;7;1;11;Самотёчная улица;0.0020768431983385254;2;вероятно;7
7;weekend;7;1;12;Театр зверей имени Дурова;0.0010384215991692627;1;вероятно;7
7;weekend;7;1;13;Улица Щепкина;0.0020768431983385254;2;вероятно;7
7;weekend;7;1;14;Ул. Гиляровского;0.005192107995846314;5;вероятно;7
7;weekend;7;1;15;Спорткомплекс «Олимпийский»;0.004153686396677051;4;вероятно;7
7;weekend;7;1;16;Метро «Проспект Мира»;0.003115264797507788;3;вероятно;7
7;weekend;7;1;17;Ботанический переулок;0.004153686396677051;4;вероятно;7
7;weekend;7;1;18;Астраханский переулок;0.0020768431983385254;2;вероятно;7
7;weekend;7;1;19;Пантелеевская улица;0.004153686396677051;4;вероятно;7
7;weekend;7;1;20;Каланчёвская улица;0.007268951194184839;7;вероятно;7
7;weekend;7;1;23;Метро «Красносельская»;0.004153686396677051;4;вероятно;7
7;weekend;7;1;24;Леснорядская улица;0.012461059190031152;12;вероятно;7
7;weekend;7;1;25;МЦД Митьково;0.009345794392523364;9;вероятно;7
7;weekend;7;1;26;Метро «Сокольники»;0.010384215991692628;10;вероятно;7
7;weekend;7;1;27;Клуб Русакова - Сцена «Мельников»;0.009345794392523364;9;вероятно;7
7;weekend;7;1;28;М. Остроумовская ул.;0.006230529595015576;6;вероятно;7
7;weekend;7;1;29;Трамвайное депо имени Русакова;0.0020768431983385254;2;вероятно;7
7;weekend;7;1;30;Преображенская площадь;0.01557632398753894;15;вероятно;7
7;weekend;7;1;31;Метро «Преображенская площадь»;0.020768431983385256;20;вероятно;7
7;weekend;7;1;32;Улица Хромова;0.058151609553478714;56;вероятно;7
7;weekend;7;1;33;Мосгорсуд;0.02699896157840083;26;вероятно;7
7;weekend;7;1;34;Телерадиокомпания «МИР»;0.010384215991692628;10;вероятно;7
7;weekend;7;1;35;1-я Прогонная улица;0.01142263759086189;11;вероятно;7
7;weekend;7;1;36;Инновационный университет;0.01557632398753894;15;вероятно;7
7;weekend;7;1;37;Богородский храм;0.009345794392523364;9;вероятно;7
7;weekend;7;1;38;Богородское;0.01973001038421599;19;вероятно;7
7;weekend;7;1;39;Ланинский переулок;0.016614745586708203;16;вероятно;7
7;weekend;7;1;40;Погонный проезд;0.005192107995846314;5;вероятно;7
7;weekend;7;1;41;Игральная улица;0.008307372793354102;8;вероятно;7
7;weekend;7;1;42;3-й проезд Подбельского;0.006230529595015576;6;вероятно;7
7;weekend;7;1;43;5-й пр. Подбельского;0.018691588785046728;18;вероятно;7
7;weekend;8;0;1;Метро «Бульвар Рокоссовского»;0.023830935251798562;53;вероятно;8
7;weekend;8;0;2;5-й пр. Подбельского;0.002697841726618705;6;вероятно;8
7;weekend;8;0;3;3-й проезд Подбельского;0.0013489208633093526;3;вероятно;8
7;weekend;8;0;4;Игральная ул.;0.0013489208633093526;3;вероятно;8
7;weekend;8;0;5;Погонный проезд;0.0049460431654676255;11;вероятно;8
7;weekend;8;0;6;Ланинский переулок;0.00539568345323741;12;вероятно;8
7;weekend;8;0;7;Богородское;0.008992805755395683;20;вероятно;8
7;weekend;8;0;8;Богородский храм;0.00539568345323741;12;вероятно;8
7;weekend;8;0;9;Инновационный университет;0.0022482014388489208;5;вероятно;8
7;weekend;8;0;10;1-я Прогонная ул.;0.002697841726618705;6;вероятно;8
7;weekend;8;0;11;Телерадиокомпания «МИР»;0.0017985611510791368;4;вероятно;8
7;weekend;8;0;12;Мосгорсуд;0.002697841726618705;6;вероятно;8
7;weekend;8;0;13;Улица Хромова;0.0040467625899280575;9;вероятно;8
7;weekend;8;0;14;Метро «Преображенская площадь»;0.012140287769784174;27;вероятно;8
7;weekend;8;0;15;Преображенская площадь;0.007643884892086331;17;вероятно;8
7;weekend;8;0;16;Трамв. депо им. Русакова;0.002697841726618705;6;вероятно;8
7;weekend;8;0;17;Малая Остроумовская улица;0.006294964028776978;14;вероятно;8
7;weekend;8;0;18;Клуб Русакова - Сцена «Мельников»;0.0017985611510791368;4;вероятно;8
7;weekend;8;0;19;Метро «Сокольники»;0.0017985611510791368;4;вероятно;8
7;weekend;8;0;20;МЦД Митьково;0.010341726618705036;23;вероятно;8
7;weekend;8;0;21;Леснорядская улица;0.002697841726618705;6;вероятно;8
7;weekend;8;0;22;Метро «Красносельская»;0.009892086330935251;22;вероятно;8
7;weekend;8;0;23;Метро «Комсомольская»;0.009442446043165468;21;вероятно;8
7;weekend;8;0;24;МЦД Площадь трёх вокзалов;0.007194244604316547;16;вероятно;8
7;weekend;8;0;25;Каланчёвская улица;0.006294964028776978;14;вероятно;8
7;weekend;8;0;26;Пантелеевская улица;0.01618705035971223;36;вероятно;8
7;weekend;8;0;27;Астраханский переулок;0.024280575539568347;54;вероятно;8
7;weekend;8;0;28;Ботанический переулок;0.02697841726618705;60;вероятно;8
7;weekend;8;0;29;Метро «Проспект Мира»;0.022482014388489208;50;вероятно;8
7;weekend;8;0;30;Спорткомплекс «Олимпийский»;0.02068345323741007;46;вероятно;8
7;weekend;8;0;31;Ул. Гиляровского;0.010341726618705036;23;вероятно;8
7;weekend;8;0;32;Улица Щепкина;0.015737410071942445;35;вероятно;8
7;weekend;8;0;33;Театр зверей им. Дурова;0.030575539568345324;68;вероятно;8
7;weekend;8;0;34;Самотёчная улица;0.04091726618705036;91;вероятно;8
7;weekend;8;0;35;4-й Самотёчный переулок;0.011690647482014389;26;вероятно;8
7;weekend;8;0;36;Селезнёвская улица;0.03327338129496403;74;вероятно;8
7;weekend;8;0;37;Улица Достоевского;0.013489208633093525;30;вероятно;8
7;weekend;8;0;38;Площадь Борьбы;0.03642086330935252;81;вероятно;8
7;weekend;8;0;39;Улица Палиха;0.03147482014388489;70;вероятно;8
7;weekend;8;0;40;Лесная улица;0.023381294964028777;52;вероятно;8
7;weekend;8;0;41;Миусское депо;0.02922661870503597;65;вероятно;8
7;weekend;8;0;42;ДК Зуева;0.04091726618705036;91;вероятно;8
7;weekend;8;0;43;Метро «Белорусская»;0.025179856115107913;56;вероятно;8
7;weekend;8;1;1;Белорусский вокзал;0.049010791366906475;109;вероятно;8
7;weekend;8;1;2;Метро «Белорусская»;0.014838129496402877;33;вероятно;8
7;weekend;8;1;3;ДК Зуева;0.010341726618705036;23;вероятно;8
7;weekend;8;1;4;Миусское депо;0.007194244604316547;16;вероятно;8
7;weekend;8;1;5;Лесная улица;0.014388489208633094;32;вероятно;8
7;weekend;8;1;6;Улица Палиха;0.03642086330935252;81;вероятно;8
7;weekend;8;1;7;Площадь Борьбы;0.022032374100719423;49;вероятно;8
7;weekend;8;1;8;Улица Достоевского;0.01618705035971223;36;вероятно;8
7;weekend;8;1;9;Селезнёвская улица;0.0170863309352518;38;вероятно;8
7;weekend;8;1;10;4-й Самотёчный переулок;0.011690647482014389;26;вероятно;8
7;weekend;8;1;11;Самотёчная улица;0.006744604316546762;15;вероятно;8
7;weekend;8;1;12;Театр зверей имени Дурова;0.006294964028776978;14;вероятно;8
7;weekend;8;1;13;Улица Щепкина;0.007194244604316547;16;вероятно;8
7;weekend;8;1;14;Ул. Гиляровского;0.008992805755395683;20;вероятно;8
7;weekend;8;1;15;Спорткомплекс «Олимпийский»;0.0008992805755395684;2;вероятно;8
7;weekend;8;1;17;Ботанический переулок;0.0013489208633093526;3;вероятно;8
7;weekend;8;1;19;Пантелеевская улица;0.003147482014388489;7;вероятно;8
7;weekend;8;1;20;Каланчёвская улица;0.0022482014388489208;5;вероятно;8
7;weekend;8;1;21;МЦД Площадь трёх вокзалов;0.007194244604316547;16;вероятно;8
7;weekend;8;1;22;Метро «Комсомольская»;0.0008992805755395684;2;вероятно;8
7;weekend;8;1;23;Метро «Красносельская»;0.002697841726618705;6;вероятно;8
7;weekend;8;1;24;Леснорядская улица;0.008093525179856115;18;вероятно;8
7;weekend;8;1;25;МЦД Митьково;0.006294964028776978;14;вероятно;8
7;weekend;8;1;26;Метро «Сокольники»;0.0035971223021582736;8;вероятно;8
7;weekend;8;1;27;Клуб Русакова - Сцена «Мельников»;0.0035971223021582736;8;вероятно;8
7;weekend;8;1;28;М. Остроумовская ул.;0.0017985611510791368;4;вероятно;8
7;weekend;8;1;29;Трамвайное депо имени Русакова;0.002697841726618705;6;вероятно;8
7;weekend;8;1;30;Преображенская площадь;0.009442446043165468;21;вероятно;8
7;weekend;8;1;31;Метро «Преображенская площадь»;0.01753597122302158;39;вероятно;8
7;weekend;8;1;32;Улица Хромова;0.012589928057553957;28;вероятно;8
7;weekend;8;1;33;Мосгорсуд;0.0017985611510791368;4;вероятно;8
7;weekend;8;1;34;Телерадиокомпания «МИР»;0.007194244604316547;16;вероятно;8
7;weekend;8;1;35;1-я Прогонная улица;0.0008992805755395684;2;вероятно;8
7;weekend;8;1;36;Инновационный университет;0.020233812949640287;45;вероятно;8
7;weekend;8;1;37;Богородский храм;0.011690647482014389;26;вероятно;8
7;weekend;8;1;38;Богородское;0.013489208633093525;30;вероятно;8
7;weekend;8;1;39;Ланинский переулок;0.01393884892086331;31;вероятно;8
7;weekend;8;1;40;Погонный проезд;0.008093525179856115;18;вероятно;8
7;weekend;8;1;41;Игральная улица;0.0035971223021582736;8;вероятно;8
7;weekend;8;1;42;3-й проезд Подбельского;0.003147482014388489;7;вероятно;8
7;weekend;8;1;43;5-й пр. Подбельского;0.0044964028776978415;10;вероятно;8
7;weekend;9;0;1;Метро «Бульвар Рокоссовского»;0.03723932472691162;75;вероятно;9
7;weekend;9;0;2;5-й пр. Подбельского;0.010923535253227408;22;вероятно;9
7;weekend;9;0;3;3-й проезд Подбельского;0.008440913604766634;17;вероятно;9
7;weekend;9;0;4;Игральная ул.;0.006454816285998014;13;вероятно;9
7;weekend;9;0;5;Погонный проезд;0.014399205561072492;29;вероятно;9
7;weekend;9;0;6;Ланинский переулок;0.012413108242303872;25;вероятно;9
7;weekend;9;0;7;Богородское;0.02830188679245283;57;вероятно;9
7;weekend;9;0;8;Богородский храм;0.011420059582919563;23;вероятно;9
7;weekend;9;0;9;Инновационный университет;0.0029791459781529296;6;вероятно;9
7;weekend;9;0;10;1-я Прогонная ул.;0.0019860973187686196;4;вероятно;9
7;weekend;9;0;11;Телерадиокомпания «МИР»;0.0004965243296921549;1;вероятно;9
7;weekend;9;0;12;Мосгорсуд;0.0014895729890764648;3;вероятно;9
7;weekend;9;0;13;Улица Хромова;0.005461767626613704;11;вероятно;9
7;weekend;9;0;14;Метро «Преображенская площадь»;0.009930486593843098;20;вероятно;9
7;weekend;9;0;15;Преображенская площадь;0.0024826216484607746;5;вероятно;9
7;weekend;9;0;16;Трамв. депо им. Русакова;0.0009930486593843098;2;вероятно;9
7;weekend;9;0;17;Малая Остроумовская улица;0.0014895729890764648;3;вероятно;9
7;weekend;9;0;18;Клуб Русакова - Сцена «Мельников»;0.0024826216484607746;5;вероятно;9
7;weekend;9;0;19;Метро «Сокольники»;0.0014895729890764648;3;вероятно;9
7;weekend;9;0;20;МЦД Митьково;0.003972194637537239;8;вероятно;9
7;weekend;9;0;21;Леснорядская улица;0.003972194637537239;8;вероятно;9
7;weekend;9;0;22;Метро «Красносельская»;0.003475670307845084;7;вероятно;9
7;weekend;9;0;23;Метро «Комсомольская»;0.007447864945382324;15;вероятно;9
7;weekend;9;0;24;МЦД Площадь трёх вокзалов;0.003475670307845084;7;вероятно;9
7;weekend;9;0;25;Каланчёвская улица;0.003475670307845084;7;вероятно;9
7;weekend;9;0;26;Пантелеевская улица;0.0004965243296921549;1;вероятно;9
7;weekend;9;0;27;Астраханский переулок;0.0024826216484607746;5;вероятно;9
7;weekend;9;0;28;Ботанический переулок;0.0009930486593843098;2;вероятно;9
7;weekend;9;0;29;Метро «Проспект Мира»;0.007447864945382324;15;вероятно;9
7;weekend;9;0;30;Спорткомплекс «Олимпийский»;0.0029791459781529296;6;вероятно;9
7;weekend;9;0;31;Ул. Гиляровского;0.0009930486593843098;2;вероятно;9
7;weekend;9;0;32;Улица Щепкина;0.0009930486593843098;2;вероятно;9
7;weekend;9;0;33;Театр зверей им. Дурова;0.008440913604766634;17;вероятно;9
7;weekend;9;0;34;Самотёчная улица;0.00893743793445879;18;вероятно;9
7;weekend;9;0;35;4-й Самотёчный переулок;0.003972194637537239;8;вероятно;9
7;weekend;9;0;36;Селезнёвская улица;0.005461767626613704;11;вероятно;9
7;weekend;9;0;37;Улица Достоевского;0.003475670307845084;7;вероятно;9
7;weekend;9;0;38;Площадь Борьбы;0.009930486593843098;20;вероятно;9
7;weekend;9;0;39;Улица Палиха;0.009930486593843098;20;вероятно;9
7;weekend;9;0;40;Лесная улица;0.004965243296921549;10;вероятно;9
7;weekend;9;0;41;Миусское депо;0.005461767626613704;11;вероятно;9
7;weekend;9;0;42;ДК Зуева;0.0029791459781529296;6;вероятно;9
7;weekend;9;0;43;Метро «Белорусская»;0.005461767626613704;11;вероятно;9
7;weekend;9;1;1;Белорусский вокзал;0.02035749751737835;41;вероятно;9
7;weekend;9;1;2;Метро «Белорусская»;0.014895729890764648;30;вероятно;9
7;weekend;9;1;3;ДК Зуева;0.005461767626613704;11;вероятно;9
7;weekend;9;1;4;Миусское депо;0.007447864945382324;15;вероятно;9
7;weekend;9;1;5;Лесная улица;0.004965243296921549;10;вероятно;9
7;weekend;9;1;6;Улица Палиха;0.022840119165839126;46;вероятно;9
7;weekend;9;1;7;Площадь Борьбы;0.01737835153922542;35;вероятно;9
7;weekend;9;1;8;Улица Достоевского;0.01737835153922542;35;вероятно;9
7;weekend;9;1;9;Селезнёвская улица;0.024826216484607744;50;вероятно;9
7;weekend;9;1;10;4-й Самотёчный переулок;0.009930486593843098;20;вероятно;9
7;weekend;9;1;11;Самотёчная улица;0.010427010923535254;21;вероятно;9
7;weekend;9;1;12;Театр зверей имени Дурова;0.014399205561072492;29;вероятно;9
7;weekend;9;1;13;Улица Щепкина;0.007447864945382324;15;вероятно;9
7;weekend;9;1;14;Ул. Гиляровского;0.013406156901688183;27;вероятно;9
7;weekend;9;1;15;Спорткомплекс «Олимпийский»;0.004468718967229395;9;вероятно;9
7;weekend;9;1;16;Метро «Проспект Мира»;0.007944389275074478;16;вероятно;9
7;weekend;9;1;17;Ботанический переулок;0.006951340615690168;14;вероятно;9
7;weekend;9;1;18;Астраханский переулок;0.012909632571996028;26;вероятно;9
7;weekend;9;1;19;Пантелеевская улица;0.012413108242303872;25;вероятно;9
7;weekend;9;1;20;Каланчёвская улица;0.013406156901688183;27;вероятно;9
7;weekend;9;1;21;МЦД Площадь трёх вокзалов;0.012909632571996028;26;вероятно;9
7;weekend;9;1;22;Метро «Комсомольская»;0.021847070506454815;44;вероятно;9
7;weekend;9;1;23;Метро «Красносельская»;0.02432969215491559;49;вероятно;9
7;weekend;9;1;24;Леснорядская улица;0.031777557100297914;64;вероятно;9
7;weekend;9;1;25;МЦД Митьково;0.013902681231380337;28;вероятно;9
7;weekend;9;1;26;Метро «Сокольники»;0.006454816285998014;13;вероятно;9
7;weekend;9;1;27;Клуб Русакова - Сцена «Мельников»;0.012909632571996028;26;вероятно;9
7;weekend;9;1;28;М. Остроумовская ул.;0.011420059582919563;23;вероятно;9
7;weekend;9;1;29;Трамвайное депо имени Русакова;0.012413108242303872;25;вероятно;9
7;weekend;9;1;30;Преображенская площадь;0.014895729890764648;30;вероятно;9
7;weekend;9;1;31;Метро «Преображенская площадь»;0.03227408142999007;65;вероятно;9
7;weekend;9;1;32;Улица Хромова;0.018371400198609732;37;вероятно;9
7;weekend;9;1;33;Мосгорсуд;0.027805362462760674;56;вероятно;9
7;weekend;9;1;34;Телерадиокомпания «МИР»;0.006951340615690168;14;вероятно;9
7;weekend;9;1;35;1-я Прогонная улица;0.018371400198609732;37;вероятно;9
7;weekend;9;1;36;Инновационный университет;0.014399205561072492;29;вероятно;9
7;weekend;9;1;37;Богородский храм;0.03128103277060576;63;вероятно;9
7;weekend;9;1;38;Богородское;0.04716981132075472;95;вероятно;9
7;weekend;9;1;39;Ланинский переулок;0.020854021847070508;42;вероятно;9
7;weekend;9;1;40;Погонный проезд;0.027805362462760674;56;вероятно;9
7;weekend;9;1;41;Игральная улица;0.031777557100297914;64;вероятно;9
7;weekend;9;1;42;3-й проезд Подбельского;0.013902681231380337;28;вероятно;9
7;weekend;9;1;43;5-й пр. Подбельского;0.024826216484607744;50;вероятно;9
7;weekend;10;0;1;Метро «Бульвар Рокоссовского»;0.06618357487922705;137;вероятно;10
7;weekend;10;0;2;5-й пр. Подбельского;0.014009661835748793;29;вероятно;10
7;weekend;10;0;3;3-й проезд Подбельского;0.007246376811594203;15;вероятно;10
7;weekend;10;0;4;Игральная ул.;0.010144927536231883;21;вероятно;10
7;weekend;10;0;5;Погонный проезд;0.02463768115942029;51;вероятно;10
7;weekend;10;0;6;Ланинский переулок;0.018357487922705314;38;вероятно;10
7;weekend;10;0;7;Богородское;0.03333333333333333;69;вероятно;10
7;weekend;10;0;8;Богородский храм;0.043478260869565216;90;вероятно;10
7;weekend;10;0;9;Инновационный университет;0.03816425120772947;79;вероятно;10
7;weekend;10;0;10;1-я Прогонная ул.;0.017391304347826087;36;вероятно;10
7;weekend;10;0;11;Телерадиокомпания «МИР»;0.018357487922705314;38;вероятно;10
7;weekend;10;0;12;Мосгорсуд;0.02608695652173913;54;вероятно;10
7;weekend;10;0;13;Улица Хромова;0.018357487922705314;38;вероятно;10
7;weekend;10;0;14;Метро «Преображенская площадь»;0.028019323671497585;58;вероятно;10
7;weekend;10;0;15;Преображенская площадь;0.021256038647342997;44;вероятно;10
7;weekend;10;0;16;Трамв. депо им. Русакова;0.03333333333333333;69;вероятно;10
7;weekend;10;0;17;Малая Остроумовская улица;0.011111111111111112;23;вероятно;10
7;weekend;10;0;18;Клуб Русакова - Сцена «Мельников»;0.007246376811594203;15;вероятно;10
7;weekend;10;0;19;Метро «Сокольники»;0.00821256038647343;17;вероятно;10
7;weekend;10;0;20;МЦД Митьково;0.017874396135265702;37;вероятно;10
7;weekend;10;0;21;Леснорядская улица;0.01497584541062802;31;вероятно;10
7;weekend;10;0;22;Метро «Красносельская»;0.030434782608695653;63;вероятно;10
7;weekend;10;0;23;Метро «Комсомольская»;0.022705314009661835;47;вероятно;10
7;weekend;10;0;24;МЦД Площадь трёх вокзалов;0.012560386473429951;26;вероятно;10
7;weekend;10;0;25;Каланчёвская улица;0.01352657004830918;28;вероятно;10
7;weekend;10;0;26;Пантелеевская улица;0.01884057971014493;39;вероятно;10
7;weekend;10;0;27;Астраханский переулок;0.010144927536231883;21;вероятно;10
7;weekend;10;0;28;Ботанический переулок;0.006280193236714976;13;вероятно;10
7;weekend;10;0;29;Метро «Проспект Мира»;0.01352657004830918;28;вероятно;10
7;weekend;10;0;30;Спорткомплекс «Олимпийский»;0.008695652173913044;18;вероятно;10
7;weekend;10;0;31;Ул. Гиляровского;0.001932367149758454;4;вероятно;10
7;weekend;10;0;32;Улица Щепкина;0.007246376811594203;15;вероятно;10
7;weekend;10;0;33;Театр зверей им. Дурова;0.01932367149758454;40;вероятно;10
7;weekend;10;0;34;Самотёчная улица;0.022705314009661835;47;вероятно;10
7;weekend;10;0;35;4-й Самотёчный переулок;0.01642512077294686;34;вероятно;10
7;weekend;10;0;36;Селезнёвская улица;0.005797101449275362;12;вероятно;10
7;weekend;10;0;37;Улица Достоевского;0.004830917874396135;10;вероятно;10
7;weekend;10;0;38;Площадь Борьбы;0.008695652173913044;18;вероятно;10
7;weekend;10;0;39;Улица Палиха;0.014492753623188406;30;вероятно;10
7;weekend;10;0;40;Лесная улица;0.016908212560386472;35;вероятно;10
7;weekend;10;0;41;Миусское депо;0.00966183574879227;20;вероятно;10
7;weekend;10;0;42;ДК Зуева;0.018357487922705314;38;вероятно;10
7;weekend;10;0;43;Метро «Белорусская»;0.017391304347826087;36;вероятно;10
7;weekend;10;1;1;Белорусский вокзал;0.012077294685990338;25;вероятно;10
7;weekend;10;1;2;Метро «Белорусская»;0.004347826086956522;9;вероятно;10
7;weekend;10;1;3;ДК Зуева;0.003864734299516908;8;вероятно;10
7;weekend;10;1;4;Миусское депо;0.007729468599033816;16;вероятно;10
7;weekend;10;1;5;Лесная улица;0.003381642512077295;7;вероятно;10
7;weekend;10;1;6;Улица Палиха;0.006280193236714976;13;вероятно;10
7;weekend;10;1;7;Площадь Борьбы;0.003864734299516908;8;вероятно;10
7;weekend;10;1;8;Улица Достоевского;0.0004830917874396135;1;вероятно;10
7;weekend;10;1;9;Селезнёвская улица;0.000966183574879227;2;вероятно;10
7;weekend;10;1;10;4-й Самотёчный переулок;0.000966183574879227;2;вероятно;10
7;weekend;10;1;11;Самотёчная улица;0.005314009661835749;11;вероятно;10
7;weekend;10;1;12;Театр зверей имени Дурова;0.013043478260869565;27;вероятно;10
7;weekend;10;1;13;Улица Щепкина;0.003381642512077295;7;вероятно;10
7;weekend;10;1;14;Ул. Гиляровского;0.004347826086956522;9;вероятно;10
7;weekend;10;1;15;Спорткомплекс «Олимпийский»;0.0014492753623188406;3;вероятно;10
7;weekend;10;1;16;Метро «Проспект Мира»;0.003864734299516908;8;вероятно;10
7;weekend;10;1;18;Астраханский переулок;0.000966183574879227;2;вероятно;10
7;weekend;10;1;19;Пантелеевская улица;0.001932367149758454;4;вероятно;10
7;weekend;10;1;20;Каланчёвская улица;0.005314009661835749;11;вероятно;10
7;weekend;10;1;23;Метро «Красносельская»;0.008695652173913044;18;вероятно;10
7;weekend;10;1;24;Леснорядская улица;0.0024154589371980675;5;вероятно;10
7;weekend;10;1;25;МЦД Митьково;0.003381642512077295;7;вероятно;10
7;weekend;10;1;26;Метро «Сокольники»;0.004347826086956522;9;вероятно;10
7;weekend;10;1;27;Клуб Русакова - Сцена «Мельников»;0.003864734299516908;8;вероятно;10
7;weekend;10;1;28;М. Остроумовская ул.;0.002898550724637681;6;вероятно;10
7;weekend;10;1;29;Трамвайное депо имени Русакова;0.0024154589371980675;5;вероятно;10
7;weekend;10;1;30;Преображенская площадь;0.012077294685990338;25;вероятно;10
7;weekend;10;1;31;Метро «Преображенская площадь»;0.004347826086956522;9;вероятно;10
7;weekend;10;1;32;Улица Хромова;0.007729468599033816;16;вероятно;10
7;weekend;10;1;33;Мосгорсуд;0.001932367149758454;4;вероятно;10
7;weekend;10;1;34;Телерадиокомпания «МИР»;0.0014492753623188406;3;вероятно;10
7;weekend;10;1;35;1-я Прогонная улица;0.004830917874396135;10;вероятно;10
7;weekend;10;1;36;Инновационный университет;0.009178743961352657;19;вероятно;10
7;weekend;10;1;37;Богородский храм;0.012560386473429951;26;вероятно;10
7;weekend;10;1;38;Богородское;0.005314009661835749;11;вероятно;10
7;weekend;10;1;39;Ланинский переулок;0.006280193236714976;13;вероятно;10
7;weekend;10;1;40;Погонный проезд;0.007729468599033816;16;вероятно;10
7;weekend;10;1;41;Игральная улица;0.01642512077294686;34;вероятно;10
7;weekend;10;1;42;3-й проезд Подбельского;0.006280193236714976;13;вероятно;10
7;weekend;10;1;43;5-й пр. Подбельского;0.014009661835748793;29;вероятно;10
7;weekend;11;0;1;Метро «Бульвар Рокоссовского»;0.00422102839600921;11;вероятно;11
7;weekend;11;0;2;5-й пр. Подбельского;0.0007674597083653108;2;вероятно;11
7;weekend;11;0;3;3-й проезд Подбельского;0.0015349194167306216;4;вероятно;11
7;weekend;11;0;5;Погонный проезд;0.0003837298541826554;1;вероятно;11
7;weekend;11;0;6;Ланинский переулок;0.0015349194167306216;4;вероятно;11
7;weekend;11;0;7;Богородское;0.0015349194167306216;4;вероятно;11
7;weekend;11;0;8;Богородский храм;0.0049884881043745204;13;вероятно;11
7;weekend;11;0;9;Инновационный университет;0.005372217958557176;14;вероятно;11
7;weekend;11;0;10;1-я Прогонная ул.;0.0007674597083653108;2;вероятно;11
7;weekend;11;0;11;Телерадиокомпания «МИР»;0.0049884881043745204;13;вероятно;11
7;weekend;11;0;12;Мосгорсуд;0.009976976208749041;26;вероятно;11
7;weekend;11;0;13;Улица Хромова;0.0061396776669224865;16;вероятно;11
7;weekend;11;0;14;Метро «Преображенская площадь»;0.0049884881043745204;13;вероятно;11
7;weekend;11;0;15;Преображенская площадь;0.006523407521105142;17;вероятно;11
7;weekend;11;0;16;Трамв. депо им. Русакова;0.004604758250191865;12;вероятно;11
7;weekend;11;0;17;Малая Остроумовская улица;0.0015349194167306216;4;вероятно;11
7;weekend;11;0;18;Клуб Русакова - Сцена «Мельников»;0.0023023791250959325;6;вероятно;11
7;weekend;11;0;19;Метро «Сокольники»;0.00844205679201842;22;вероятно;11
7;weekend;11;0;20;МЦД Митьково;0.007674597083653108;20;вероятно;11
7;weekend;11;0;21;Леснорядская улица;0.007674597083653108;20;вероятно;11
7;weekend;11;0;22;Метро «Красносельская»;0.01266308518802763;33;вероятно;11
7;weekend;11;0;23;Метро «Комсомольская»;0.014965464313123561;39;вероятно;11
7;weekend;11;0;24;МЦД Площадь трёх вокзалов;0.013046815042210284;34;вероятно;11
7;weekend;11;0;25;Каланчёвская улица;0.008825786646201074;23;вероятно;11
7;weekend;11;0;26;Пантелеевская улица;0.010744435917114352;28;вероятно;11
7;weekend;11;0;27;Астраханский переулок;0.004604758250191865;12;вероятно;11
7;weekend;11;0;28;Ботанический переулок;0.00844205679201842;22;вероятно;11
7;weekend;11;0;29;Метро «Проспект Мира»;0.010360706062931695;27;вероятно;11
7;weekend;11;0;30;Спорткомплекс «Олимпийский»;0.0049884881043745204;13;вероятно;11
7;weekend;11;0;31;Ул. Гиляровского;0.0072908672294704525;19;вероятно;11
7;weekend;11;0;32;Улица Щепкина;0.004604758250191865;12;вероятно;11
7;weekend;11;0;33;Театр зверей им. Дурова;0.017651573292402148;46;вероятно;11
7;weekend;11;0;34;Самотёчная улица;0.02340752110514198;61;вероятно;11
7;weekend;11;0;35;4-й Самотёчный переулок;0.01266308518802763;33;вероятно;11
7;weekend;11;0;36;Селезнёвская улица;0.017267843438219493;45;вероятно;11
7;weekend;11;0;37;Улица Достоевского;0.011895625479662318;31;вероятно;11
7;weekend;11;0;38;Площадь Борьбы;0.025709900230237913;67;вероятно;11
7;weekend;11;0;39;Улица Палиха;0.04067536454336147;106;вероятно;11
7;weekend;11;0;40;Лесная улица;0.026093630084420567;68;вероятно;11
7;weekend;11;0;41;Миусское депо;0.011128165771297006;29;вероятно;11
7;weekend;11;0;42;ДК Зуева;0.019953952417498082;52;вероятно;11
7;weekend;11;0;43;Метро «Белорусская»;0.0283960092095165;74;вероятно;11
7;weekend;11;1;1;Белорусский вокзал;0.08019953952417498;209;вероятно;11
7;weekend;11;1;2;Метро «Белорусская»;0.021872601688411358;57;вероятно;11
7;weekend;11;1;3;ДК Зуева;0.022256331542594012;58;вероятно;11
7;weekend;11;1;4;Миусское депо;0.018035303146584806;47;вероятно;11
7;weekend;11;1;5;Лесная улица;0.04144282425172678;108;вероятно;11
7;weekend;11;1;6;Улица Палиха;0.060629316960859554;158;вероятно;11
7;weekend;11;1;7;Площадь Борьбы;0.03261703760552571;85;вероятно;11
7;weekend;11;1;8;Улица Достоевского;0.02532617037605526;66;вероятно;11
7;weekend;11;1;9;Селезнёвская улица;0.03108211818879509;81;вероятно;11
7;weekend;11;1;10;4-й Самотёчный переулок;0.023791250959324637;62;вероятно;11
7;weekend;11;1;11;Самотёчная улица;0.022256331542594012;58;вероятно;11
7;weekend;11;1;12;Театр зверей имени Дурова;0.02110514198004605;55;вероятно;11
7;weekend;11;1;13;Улица Щепкина;0.017651573292402148;46;вероятно;11
7;weekend;11;1;14;Ул. Гиляровского;0.010744435917114352;28;вероятно;11
7;weekend;11;1;15;Спорткомплекс «Олимпийский»;0.018035303146584806;47;вероятно;11
7;weekend;11;1;16;Метро «Проспект Мира»;0.011895625479662318;31;вероятно;11
7;weekend;11;1;17;Ботанический переулок;0.002686108979278588;7;вероятно;11
7;weekend;11;1;18;Астраханский переулок;0.003837298541826554;10;вероятно;11
7;weekend;11;1;19;Пантелеевская улица;0.0061396776669224865;16;вероятно;11
7;weekend;11;1;20;Каланчёвская улица;0.00920951650038373;24;вероятно;11
7;weekend;11;1;21;МЦД Площадь трёх вокзалов;0.008058326937835763;21;вероятно;11
7;weekend;11;1;22;Метро «Комсомольская»;0.0034535686876438986;9;вероятно;11
7;weekend;11;1;23;Метро «Красносельская»;0.006523407521105142;17;вероятно;11
7;weekend;11;1;24;Леснорядская улица;0.006523407521105142;17;вероятно;11
7;weekend;11;1;25;МЦД Митьково;0.00920951650038373;24;вероятно;11
7;weekend;11;1;26;Метро «Сокольники»;0.002686108979278588;7;вероятно;11
7;weekend;11;1;27;Клуб Русакова - Сцена «Мельников»;0.003837298541826554;10;вероятно;11
7;weekend;11;1;28;М. Остроумовская ул.;0.007674597083653108;20;вероятно;11
7;weekend;11;1;29;Трамвайное депо имени Русакова;0.019570222563315427;51;вероятно;11
7;weekend;11;1;30;Преображенская площадь;0.007674597083653108;20;вероятно;11
7;weekend;11;1;31;Метро «Преображенская площадь»;0.0030698388334612432;8;вероятно;11
7;weekend;11;1;32;Улица Хромова;0.00422102839600921;11;вероятно;11
7;weekend;11;1;33;Мосгорсуд;0.0007674597083653108;2;вероятно;11
7;weekend;11;1;34;Телерадиокомпания «МИР»;0.0003837298541826554;1;вероятно;11
7;weekend;11;1;35;1-я Прогонная улица;0.0003837298541826554;1;вероятно;11
7;weekend;11;1;37;Богородский храм;0.0007674597083653108;2;вероятно;11
7;weekend;11;1;38;Богородское;0.0023023791250959325;6;вероятно;11
7;weekend;11;1;39;Ланинский переулок;0.003837298541826554;10;вероятно;11
7;weekend;11;1;40;Погонный проезд;0.0030698388334612432;8;вероятно;11
7;weekend;11;1;41;Игральная улица;0.0007674597083653108;2;вероятно;11
7;weekend;11;1;42;3-й проезд Подбельского;0.002686108979278588;7;вероятно;11
7;weekend;11;1;43;5-й пр. Подбельского;0.0003837298541826554;1;вероятно;11
7;weekend;12;0;1;Метро «Бульвар Рокоссовского»;0.058325778180719254;193;вероятно;12
7;weekend;12;0;2;5-й пр. Подбельского;0.011483831973405863;38;вероятно;12
7;weekend;12;0;3;3-й проезд Подбельского;0.005741915986702931;19;вероятно;12
7;weekend;12;0;4;Игральная ул.;0.005137503777576307;17;вероятно;12
7;weekend;12;0;5;Погонный проезд;0.014203686914475672;47;вероятно;12
7;weekend;12;0;6;Ланинский переулок;0.013297068600785736;44;вероятно;12
7;weekend;12;0;7;Богородское;0.01390148080991236;46;вероятно;12
7;weekend;12;0;8;Богородский храм;0.01390148080991236;46;вероятно;12
7;weekend;12;0;9;Инновационный университет;0.007857358718646117;26;вероятно;12
7;weekend;12;0;10;1-я Прогонная ул.;0.003928679359323058;13;вероятно;12
7;weekend;12;0;11;Телерадиокомпания «МИР»;0.001813236627379873;6;вероятно;12
7;weekend;12;0;12;Мосгорсуд;0.003928679359323058;13;вероятно;12
7;weekend;12;0;13;Улица Хромова;0.00695074040495618;23;вероятно;12
7;weekend;12;0;14;Метро «Преображенская площадь»;0.007857358718646117;26;вероятно;12
7;weekend;12;0;15;Преображенская площадь;0.010577213659715926;35;вероятно;12
7;weekend;12;0;16;Трамв. депо им. Русакова;0.007252946509519492;24;вероятно;12
7;weekend;12;0;17;Малая Остроумовская улица;0.0027198549410698096;9;вероятно;12
7;weekend;12;0;18;Клуб Русакова - Сцена «Мельников»;0.0003022061045633122;1;вероятно;12
7;weekend;12;0;19;Метро «Сокольники»;0.003324267150196434;11;вероятно;12
7;weekend;12;0;20;МЦД Митьково;0.0006044122091266244;2;вероятно;12
7;weekend;12;0;21;Леснорядская улица;0.0009066183136899365;3;вероятно;12
7;weekend;12;0;22;Метро «Красносельская»;0.0027198549410698096;9;вероятно;12
7;weekend;12;0;23;Метро «Комсомольская»;0.0021154427319431852;7;вероятно;12
7;weekend;12;0;24;МЦД Площадь трёх вокзалов;0.0003022061045633122;1;вероятно;12
7;weekend;12;0;25;Каланчёвская улица;0.0006044122091266244;2;вероятно;12
7;weekend;12;0;26;Пантелеевская улица;0.0003022061045633122;1;вероятно;12
7;weekend;12;0;33;Театр зверей им. Дурова;0.0009066183136899365;3;вероятно;12
7;weekend;12;0;34;Самотёчная улица;0.0009066183136899365;3;вероятно;12
7;weekend;12;0;35;4-й Самотёчный переулок;0.0012088244182532487;4;вероятно;12
7;weekend;12;0;36;Селезнёвская улица;0.0024176488365064974;8;вероятно;12
7;weekend;12;0;37;Улица Достоевского;0.0003022061045633122;1;вероятно;12
7;weekend;12;0;38;Площадь Борьбы;0.0021154427319431852;7;вероятно;12
7;weekend;12;0;39;Улица Палиха;0.0021154427319431852;7;вероятно;12
7;weekend;12;0;40;Лесная улица;0.0009066183136899365;3;вероятно;12
7;weekend;12;0;42;ДК Зуева;0.0021154427319431852;7;вероятно;12
7;weekend;12;0;43;Метро «Белорусская»;0.0024176488365064974;8;вероятно;12
7;weekend;12;1;1;Белорусский вокзал;0.017225747960108794;57;вероятно;12
7;weekend;12;1;2;Метро «Белорусская»;0.009066183136899365;30;вероятно;12
7;weekend;12;1;3;ДК Зуева;0.0075551526140828044;25;вероятно;12
7;weekend;12;1;4;Миусское депо;0.003928679359323058;13;вероятно;12
7;weekend;12;1;5;Лесная улица;0.005137503777576307;17;вероятно;12
7;weekend;12;1;6;Улица Палиха;0.005439709882139619;18;вероятно;12
7;weekend;12;1;7;Площадь Борьбы;0.004835297673012995;16;вероятно;12
7;weekend;12;1;8;Улица Достоевского;0.008461770927772741;28;вероятно;12
7;weekend;12;1;9;Селезнёвская улица;0.010275007555152614;34;вероятно;12
7;weekend;12;1;10;4-й Самотёчный переулок;0.006648534300392868;22;вероятно;12
7;weekend;12;1;11;Самотёчная улица;0.01390148080991236;46;вероятно;12
7;weekend;12;1;12;Театр зверей имени Дурова;0.02508310667875491;83;вероятно;12
7;weekend;12;1;13;Улица Щепкина;0.021456633423995165;71;вероятно;12
7;weekend;12;1;14;Ул. Гиляровского;0.011786038077969175;39;вероятно;12
7;weekend;12;1;15;Спорткомплекс «Олимпийский»;0.009972801450589302;33;вероятно;12
7;weekend;12;1;16;Метро «Проспект Мира»;0.010275007555152614;34;вероятно;12
7;weekend;12;1;17;Ботанический переулок;0.006346328195829556;21;вероятно;12
7;weekend;12;1;18;Астраханский переулок;0.0060441220912662436;20;вероятно;12
7;weekend;12;1;19;Пантелеевская улица;0.013297068600785736;44;вероятно;12
7;weekend;12;1;20;Каланчёвская улица;0.02629193109700816;87;вероятно;12
7;weekend;12;1;21;МЦД Площадь трёх вокзалов;0.008461770927772741;28;вероятно;12
7;weekend;12;1;22;Метро «Комсомольская»;0.012692656391659111;42;вероятно;12
7;weekend;12;1;23;Метро «Красносельская»;0.013599274705349048;45;вероятно;12
7;weekend;12;1;24;Леснорядская улица;0.03445149592021759;114;вероятно;12
7;weekend;12;1;25;МЦД Митьково;0.013297068600785736;44;вероятно;12
7;weekend;12;1;26;Метро «Сокольники»;0.00967059534602599;32;вероятно;12
7;weekend;12;1;27;Клуб Русакова - Сцена «Мельников»;0.016016923541855545;53;вероятно;12
7;weekend;12;1;28;М. Остроумовская ул.;0.029918404351767906;99;вероятно;12
7;weekend;12;1;29;Трамвайное депо имени Русакова;0.0247809005741916;82;вероятно;12
7;weekend;12;1;30;Преображенская площадь;0.031127228770021154;103;вероятно;12
7;weekend;12;1;31;Метро «Преображенская площадь»;0.030220610456331218;100;вероятно;12
7;weekend;12;1;32;Улица Хромова;0.051979449984889695;172;вероятно;12
7;weekend;12;1;33;Мосгорсуд;0.03203384708371109;106;вероятно;12
7;weekend;12;1;34;Телерадиокомпания «МИР»;0.01390148080991236;46;вероятно;12
7;weekend;12;1;35;1-я Прогонная улица;0.015714717437292233;52;вероятно;12
7;weekend;12;1;36;Инновационный университет;0.028407373828951345;94;вероятно;12
7;weekend;12;1;37;Богородский храм;0.03324267150196434;110;вероятно;12
7;weekend;12;1;38;Богородское;0.047446358416440015;157;вероятно;12
7;weekend;12;1;39;Ланинский переулок;0.03868238138410396;128;вероятно;12
7;weekend;12;1;40;Погонный проезд;0.018434572378362043;61;вероятно;12
7;weekend;12;1;41;Игральная улица;0.0223632517376851;74;вероятно;12
7;weekend;12;1;42;3-й проезд Подбельского;0.02206104563312179;73;вероятно;12
7;weekend;12;1;43;5-й пр. Подбельского;0.012994862496222424;43;вероятно;12
7;weekend;13;0;1;Метро «Бульвар Рокоссовского»;0.03179012345679012;103;вероятно;13
7;weekend;13;0;2;5-й пр. Подбельского;0.010493827160493827;34;вероятно;13
7;weekend;13;0;3;3-й проезд Подбельского;0.0030864197530864196;10;вероятно;13
7;weekend;13;0;4;Игральная ул.;0.004012345679012346;13;вероятно;13
7;weekend;13;0;5;Погонный проезд;0.01574074074074074;51;вероятно;13
7;weekend;13;0;6;Ланинский переулок;0.01728395061728395;56;вероятно;13
7;weekend;13;0;7;Богородское;0.029012345679012345;94;вероятно;13
7;weekend;13;0;8;Богородский храм;0.04135802469135803;134;вероятно;13
7;weekend;13;0;9;Инновационный университет;0.026851851851851852;87;вероятно;13
7;weekend;13;0;10;1-я Прогонная ул.;0.014814814814814815;48;вероятно;13
7;weekend;13;0;11;Телерадиокомпания «МИР»;0.021296296296296296;69;вероятно;13
7;weekend;13;0;12;Мосгорсуд;0.030864197530864196;100;вероятно;13
7;weekend;13;0;13;Улица Хромова;0.030246913580246913;98;вероятно;13
7;weekend;13;0;14;Метро «Преображенская площадь»;0.019135802469135803;62;вероятно;13
7;weekend;13;0;15;Преображенская площадь;0.020061728395061727;65;вероятно;13
7;weekend;13;0;16;Трамв. депо им. Русакова;0.008950617283950617;29;вероятно;13
7;weekend;13;0;17;Малая Остроумовская улица;0.012654320987654321;41;вероятно;13
7;weekend;13;0;18;Клуб Русакова - Сцена «Мельников»;0.006481481481481481;21;вероятно;13
7;weekend;13;0;19;Метро «Сокольники»;0.012345679012345678;40;вероятно;13
7;weekend;13;0;20;МЦД Митьково;0.015432098765432098;50;вероятно;13
7;weekend;13;0;21;Леснорядская улица;0.011728395061728396;38;вероятно;13
7;weekend;13;0;22;Метро «Красносельская»;0.020679012345679013;67;вероятно;13
7;weekend;13;0;23;Метро «Комсомольская»;0.008641975308641974;28;вероятно;13
7;weekend;13;0;24;МЦД Площадь трёх вокзалов;0.026851851851851852;87;вероятно;13
7;weekend;13;0;25;Каланчёвская улица;0.037037037037037035;120;вероятно;13
7;weekend;13;0;26;Пантелеевская улица;0.007716049382716049;25;вероятно;13
7;weekend;13;0;27;Астраханский переулок;0.008641975308641974;28;вероятно;13
7;weekend;13;0;28;Ботанический переулок;0.0070987654320987656;23;вероятно;13
7;weekend;13;0;29;Метро «Проспект Мира»;0.014197530864197531;46;вероятно;13
7;weekend;13;0;30;Спорткомплекс «Олимпийский»;0.021913580246913582;71;вероятно;13
7;weekend;13;0;31;Ул. Гиляровского;0.009567901234567902;31;вероятно;13
7;weekend;13;0;32;Улица Щепкина;0.029320987654320986;95;вероятно;13
7;weekend;13;0;33;Театр зверей им. Дурова;0.046296296296296294;150;вероятно;13
7;weekend;13;0;34;Самотёчная улица;0.03302469135802469;107;вероятно;13
7;weekend;13;0;35;4-й Самотёчный переулок;0.014197530864197531;46;вероятно;13
7;weekend;13;0;36;Селезнёвская улица;0.012037037037037037;39;вероятно;13
7;weekend;13;0;37;Улица Достоевского;0.010493827160493827;34;вероятно;13
7;weekend;13;0;38;Площадь Борьбы;0.015123456790123457;49;вероятно;13
7;weekend;13;0;39;Улица Палиха;0.02808641975308642;91;вероятно;13
7;weekend;13;0;40;Лесная улица;0.016666666666666666;54;вероятно;13
7;weekend;13;0;41;Миусское депо;0.027469135802469135;89;вероятно;13
7;weekend;13;0;42;ДК Зуева;0.018827160493827162;61;вероятно;13
7;weekend;13;0;43;Метро «Белорусская»;0.016666666666666666;54;вероятно;13
7;weekend;13;1;1;Белорусский вокзал;0.018518518518518517;60;вероятно;13
7;weekend;13;1;2;Метро «Белорусская»;0.007407407407407408;24;вероятно;13
7;weekend;13;1;3;ДК Зуева;0.0006172839506172839;2;вероятно;13
7;weekend;13;1;4;Миусское депо;0.0033950617283950617;11;вероятно;13
7;weekend;13;1;5;Лесная улица;0.004320987654320987;14;вероятно;13
7;weekend;13;1;6;Улица Палиха;0.005555555555555556;18;вероятно;13
7;weekend;13;1;7;Площадь Борьбы;0.00030864197530864197;1;вероятно;13
7;weekend;13;1;8;Улица Достоевского;0.0006172839506172839;2;вероятно;13
7;weekend;13;1;9;Селезнёвская улица;0.0030864197530864196;10;вероятно;13
7;weekend;13;1;10;4-й Самотёчный переулок;0.00030864197530864197;1;вероятно;13
7;weekend;13;1;11;Самотёчная улица;0.001851851851851852;6;вероятно;13
7;weekend;13;1;12;Театр зверей имени Дурова;0.00030864197530864197;1;вероятно;13
7;weekend;13;1;13;Улица Щепкина;0.0012345679012345679;4;вероятно;13
7;weekend;13;1;14;Ул. Гиляровского;0.0006172839506172839;2;вероятно;13
7;weekend;13;1;26;Метро «Сокольники»;0.001851851851851852;6;вероятно;13
7;weekend;13;1;27;Клуб Русакова - Сцена «Мельников»;0.0006172839506172839;2;вероятно;13
7;weekend;13;1;28;М. Остроумовская ул.;0.002777777777777778;9;вероятно;13
7;weekend;13;1;29;Трамвайное депо имени Русакова;0.001851851851851852;6;вероятно;13
7;weekend;13;1;30;Преображенская площадь;0.0021604938271604936;7;вероятно;13
7;weekend;13;1;31;Метро «Преображенская площадь»;0.005555555555555556;18;вероятно;13
7;weekend;13;1;32;Улица Хромова;0.004629629629629629;15;вероятно;13
7;weekend;13;1;33;Мосгорсуд;0.004320987654320987;14;вероятно;13
7;weekend;13;1;34;Телерадиокомпания «МИР»;0.002777777777777778;9;вероятно;13
7;weekend;13;1;35;1-я Прогонная улица;0.012962962962962963;42;вероятно;13
7;weekend;13;1;36;Инновационный университет;0.004629629629629629;15;вероятно;13
7;weekend;13;1;37;Богородский храм;0.019444444444444445;63;вероятно;13
7;weekend;13;1;38;Богородское;0.020987654320987655;68;вероятно;13
7;weekend;13;1;39;Ланинский переулок;0.018518518518518517;60;вероятно;13
7;weekend;13;1;40;Погонный проезд;0.012962962962962963;42;вероятно;13
7;weekend;13;1;41;Игральная улица;0.007716049382716049;25;вероятно;13
7;weekend;13;1;42;3-й проезд Подбельского;0.005555555555555556;18;вероятно;13
7;weekend;13;1;43;5-й пр. Подбельского;0.008333333333333333;27;вероятно;13
7;weekend;14;0;1;Метро «Бульвар Рокоссовского»;0.0006734006734006734;2;вероятно;14
7;weekend;14;0;2;5-й пр. Подбельского;0.0006734006734006734;2;вероятно;14
7;weekend;14;0;3;3-й проезд Подбельского;0.0006734006734006734;2;вероятно;14
7;weekend;14;0;4;Игральная ул.;0.0013468013468013469;4;вероятно;14
7;weekend;14;0;5;Погонный проезд;0.0006734006734006734;2;вероятно;14
7;weekend;14;0;6;Ланинский переулок;0.00101010101010101;3;вероятно;14
7;weekend;14;0;8;Богородский храм;0.0016835016835016834;5;вероятно;14
7;weekend;14;0;9;Инновационный университет;0.0003367003367003367;1;вероятно;14
7;weekend;14;0;11;Телерадиокомпания «МИР»;0.00101010101010101;3;вероятно;14
7;weekend;14;0;12;Мосгорсуд;0.0013468013468013469;4;вероятно;14
7;weekend;14;0;13;Улица Хромова;0.0013468013468013469;4;вероятно;14
7;weekend;14;0;14;Метро «Преображенская площадь»;0.0013468013468013469;4;вероятно;14
7;weekend;14;0;15;Преображенская площадь;0.00101010101010101;3;вероятно;14
7;weekend;14;0;16;Трамв. депо им. Русакова;0.0016835016835016834;5;вероятно;14
7;weekend;14;0;17;Малая Остроумовская улица;0.00101010101010101;3;вероятно;14
7;weekend;14;0;18;Клуб Русакова - Сцена «Мельников»;0.0013468013468013469;4;вероятно;14
7;weekend;14;0;19;Метро «Сокольники»;0.006397306397306397;19;вероятно;14
7;weekend;14;0;20;МЦД Митьково;0.0053872053872053875;16;вероятно;14
7;weekend;14;0;21;Леснорядская улица;0.0013468013468013469;4;вероятно;14
7;weekend;14;0;22;Метро «Красносельская»;0.003703703703703704;11;вероятно;14
7;weekend;14;0;23;Метро «Комсомольская»;0.005050505050505051;15;вероятно;14
7;weekend;14;0;24;МЦД Площадь трёх вокзалов;0.006060606060606061;18;вероятно;14
7;weekend;14;0;25;Каланчёвская улица;0.003703703703703704;11;вероятно;14
7;weekend;14;0;26;Пантелеевская улица;0.004377104377104377;13;вероятно;14
7;weekend;14;0;27;Астраханский переулок;0.0016835016835016834;5;вероятно;14
7;weekend;14;0;28;Ботанический переулок;0.00404040404040404;12;вероятно;14
7;weekend;14;0;29;Метро «Проспект Мира»;0.0053872053872053875;16;вероятно;14
7;weekend;14;0;30;Спорткомплекс «Олимпийский»;0.005723905723905724;17;вероятно;14
7;weekend;14;0;31;Ул. Гиляровского;0.01818181818181818;54;вероятно;14
7;weekend;14;0;32;Улица Щепкина;0.011111111111111112;33;вероятно;14
7;weekend;14;0;33;Театр зверей им. Дурова;0.013468013468013467;40;вероятно;14
7;weekend;14;0;34;Самотёчная улица;0.010774410774410775;32;вероятно;14
7;weekend;14;0;35;4-й Самотёчный переулок;0.011784511784511785;35;вероятно;14
7;weekend;14;0;36;Селезнёвская улица;0.01616161616161616;48;вероятно;14
7;weekend;14;0;37;Улица Достоевского;0.01616161616161616;48;вероятно;14
7;weekend;14;0;38;Площадь Борьбы;0.02154882154882155;64;вероятно;14
7;weekend;14;0;39;Улица Палиха;0.03636363636363636;108;вероятно;14
7;weekend;14;0;40;Лесная улица;0.01919191919191919;57;вероятно;14
7;weekend;14;0;41;Миусское депо;0.021885521885521887;65;вероятно;14
7;weekend;14;0;42;ДК Зуева;0.03434343434343434;102;вероятно;14
7;weekend;14;0;43;Метро «Белорусская»;0.023905723905723906;71;вероятно;14
7;weekend;14;1;1;Белорусский вокзал;0.08350168350168351;248;вероятно;14
7;weekend;14;1;2;Метро «Белорусская»;0.02861952861952862;85;вероятно;14
7;weekend;14;1;3;ДК Зуева;0.013804713804713804;41;вероятно;14
7;weekend;14;1;4;Миусское депо;0.018855218855218854;56;вероятно;14
7;weekend;14;1;5;Лесная улица;0.03063973063973064;91;вероятно;14
7;weekend;14;1;6;Улица Палиха;0.03838383838383838;114;вероятно;14
7;weekend;14;1;7;Площадь Борьбы;0.02962962962962963;88;вероятно;14
7;weekend;14;1;8;Улица Достоевского;0.021212121212121213;63;вероятно;14
7;weekend;14;1;9;Селезнёвская улица;0.026262626262626262;78;вероятно;14
7;weekend;14;1;10;4-й Самотёчный переулок;0.014814814814814815;44;вероятно;14
7;weekend;14;1;11;Самотёчная улица;0.035016835016835016;104;вероятно;14
7;weekend;14;1;12;Театр зверей имени Дурова;0.022895622895622896;68;вероятно;14
7;weekend;14;1;13;Улица Щепкина;0.01616161616161616;48;вероятно;14
7;weekend;14;1;14;Ул. Гиляровского;0.020202020202020204;60;вероятно;14
7;weekend;14;1;15;Спорткомплекс «Олимпийский»;0.018855218855218854;56;вероятно;14
7;weekend;14;1;16;Метро «Проспект Мира»;0.016835016835016835;50;вероятно;14
7;weekend;14;1;17;Ботанический переулок;0.006734006734006734;20;вероятно;14
7;weekend;14;1;18;Астраханский переулок;0.0047138047138047135;14;вероятно;14
7;weekend;14;1;19;Пантелеевская улица;0.011111111111111112;33;вероятно;14
7;weekend;14;1;20;Каланчёвская улица;0.012457912457912458;37;вероятно;14
7;weekend;14;1;21;МЦД Площадь трёх вокзалов;0.017508417508417508;52;вероятно;14
7;weekend;14;1;22;Метро «Комсомольская»;0.008417508417508417;25;вероятно;14
7;weekend;14;1;23;Метро «Красносельская»;0.004377104377104377;13;вероятно;14
7;weekend;14;1;24;Леснорядская улица;0.014814814814814815;44;вероятно;14
7;weekend;14;1;25;МЦД Митьково;0.006397306397306397;19;вероятно;14
7;weekend;14;1;26;Метро «Сокольники»;0.00909090909090909;27;вероятно;14
7;weekend;14;1;27;Клуб Русакова - Сцена «Мельников»;0.01818181818181818;54;вероятно;14
7;weekend;14;1;28;М. Остроумовская ул.;0.021212121212121213;63;вероятно;14
7;weekend;14;1;29;Трамвайное депо имени Русакова;0.02255892255892256;67;вероятно;14
7;weekend;14;1;30;Преображенская площадь;0.010437710437710438;31;вероятно;14
7;weekend;14;1;31;Метро «Преображенская площадь»;0.019865319865319864;59;вероятно;14
7;weekend;14;1;32;Улица Хромова;0.0047138047138047135;14;вероятно;14
7;weekend;14;1;33;Мосгорсуд;0.017845117845117844;53;вероятно;14
7;weekend;14;1;34;Телерадиокомпания «МИР»;0.0013468013468013469;4;вероятно;14
7;weekend;14;1;35;1-я Прогонная улица;0.0013468013468013469;4;вероятно;14
7;weekend;14;1;36;Инновационный университет;0.004377104377104377;13;вероятно;14
7;weekend;14;1;37;Богородский храм;0.007070707070707071;21;вероятно;14
7;weekend;14;1;38;Богородское;0.003367003367003367;10;вероятно;14
7;weekend;14;1;39;Ланинский переулок;0.00404040404040404;12;вероятно;14
7;weekend;14;1;40;Погонный проезд;0.0030303030303030303;9;вероятно;14
7;weekend;14;1;41;Игральная улица;0.0023569023569023568;7;вероятно;14
7;weekend;14;1;42;3-й проезд Подбельского;0.0003367003367003367;1;вероятно;14
7;weekend;14;1;43;5-й пр. Подбельского;0.0016835016835016834;5;вероятно;14
7;weekend;15;0;1;Метро «Бульвар Рокоссовского»;0.10666229077781425;325;вероятно;15
7;weekend;15;0;2;5-й пр. Подбельского;0.02297341647522153;70;вероятно;15
7;weekend;15;0;3;3-й проезд Подбельского;0.01017394158188382;31;вероятно;15
7;weekend;15;0;4;Игральная ул.;0.016737774860518542;51;вероятно;15
7;weekend;15;0;5;Погонный проезд;0.019363308171972432;59;вероятно;15
7;weekend;15;0;6;Ланинский переулок;0.029537249753856253;90;вероятно;15
7;weekend;15;0;7;Богородское;0.031178208073514933;95;вероятно;15
7;weekend;15;0;8;Богородский храм;0.030193633081719726;92;вероятно;15
7;weekend;15;0;9;Инновационный университет;0.01017394158188382;31;вероятно;15
7;weekend;15;0;10;1-я Прогонная ул.;0.00590744995077125;18;вероятно;15
7;weekend;15;0;11;Телерадиокомпания «МИР»;0.002297341647522153;7;вероятно;15
7;weekend;15;0;12;Мосгорсуд;0.020676074827699377;63;вероятно;15
7;weekend;15;0;13;Улица Хромова;0.017394158188382015;53;вероятно;15
7;weekend;15;0;14;Метро «Преображенская площадь»;0.012143091565474237;37;вероятно;15
7;weekend;15;0;15;Преображенская площадь;0.00426649163111257;13;вероятно;15
7;weekend;15;0;16;Трамв. депо им. Русакова;0.003938299967180834;12;вероятно;15
7;weekend;15;0;17;Малая Остроумовская улица;0.002953724975385625;9;вероятно;15
7;weekend;15;0;18;Клуб Русакова - Сцена «Мельников»;0.0032819166393173614;10;вероятно;15
7;weekend;15;0;19;Метро «Сокольники»;0.002297341647522153;7;вероятно;15
7;weekend;15;0;20;МЦД Митьково;0.005579258286839514;17;вероятно;15
7;weekend;15;0;21;Леснорядская улица;0.0006563833278634722;2;вероятно;15
7;weekend;15;0;22;Метро «Красносельская»;0.0016409583196586807;5;вероятно;15
7;weekend;15;0;23;Метро «Комсомольская»;0.0003281916639317361;1;вероятно;15
7;weekend;15;0;24;МЦД Площадь трёх вокзалов;0.006892024942566459;21;вероятно;15
7;weekend;15;0;25;Каланчёвская улица;0.0013127666557269445;4;вероятно;15
7;weekend;15;0;26;Пантелеевская улица;0.002953724975385625;9;вероятно;15
7;weekend;15;0;27;Астраханский переулок;0.0016409583196586807;5;вероятно;15
7;weekend;15;0;29;Метро «Проспект Мира»;0.0006563833278634722;2;вероятно;15
7;weekend;15;0;30;Спорткомплекс «Олимпийский»;0.0003281916639317361;1;вероятно;15
7;weekend;15;0;32;Улица Щепкина;0.0003281916639317361;1;вероятно;15
7;weekend;15;0;33;Театр зверей им. Дурова;0.0013127666557269445;4;вероятно;15
7;weekend;15;0;38;Площадь Борьбы;0.0003281916639317361;1;вероятно;15
7;weekend;15;0;40;Лесная улица;0.001969149983590417;6;вероятно;15
7;weekend;15;0;41;Миусское депо;0.0003281916639317361;1;вероятно;15
7;weekend;15;0;43;Метро «Белорусская»;0.0003281916639317361;1;вероятно;15
7;weekend;15;1;1;Белорусский вокзал;0.002625533311453889;8;вероятно;15
7;weekend;15;1;2;Метро «Белорусская»;0.0009845749917952085;3;вероятно;15
7;weekend;15;1;3;ДК Зуева;0.0016409583196586807;5;вероятно;15
7;weekend;15;1;4;Миусское депо;0.002953724975385625;9;вероятно;15
7;weekend;15;1;5;Лесная улица;0.0032819166393173614;10;вероятно;15
7;weekend;15;1;6;Улица Палиха;0.007548408270429931;23;вероятно;15
7;weekend;15;1;7;Площадь Борьбы;0.011158516573679028;34;вероятно;15
7;weekend;15;1;8;Улица Достоевского;0.01608139153265507;49;вероятно;15
7;weekend;15;1;9;Селезнёвская улица;0.006892024942566459;21;вероятно;15
7;weekend;15;1;10;4-й Самотёчный переулок;0.010830324909747292;33;вероятно;15
7;weekend;15;1;11;Самотёчная улица;0.007548408270429931;23;вероятно;15
7;weekend;15;1;12;Театр зверей имени Дурова;0.002625533311453889;8;вероятно;15
7;weekend;15;1;13;Улица Щепкина;0.002625533311453889;8;вероятно;15
7;weekend;15;1;14;Ул. Гиляровского;0.002953724975385625;9;вероятно;15
7;weekend;15;1;15;Спорткомплекс «Олимпийский»;0.002953724975385625;9;вероятно;15
7;weekend;15;1;16;Метро «Проспект Мира»;0.0013127666557269445;4;вероятно;15
7;weekend;15;1;17;Ботанический переулок;0.0013127666557269445;4;вероятно;15
7;weekend;15;1;18;Астраханский переулок;0.003938299967180834;12;вероятно;15
7;weekend;15;1;19;Пантелеевская улица;0.007876599934361668;24;вероятно;15
7;weekend;15;1;20;Каланчёвская улица;0.00853298326222514;26;вероятно;15
7;weekend;15;1;21;МЦД Площадь трёх вокзалов;0.012471283229405973;38;вероятно;15
7;weekend;15;1;22;Метро «Комсомольская»;0.013127666557269446;40;вероятно;15
7;weekend;15;1;23;Метро «Красносельская»;0.01870692484410896;57;вероятно;15
7;weekend;15;1;24;Леснорядская улица;0.009189366590088613;28;вероятно;15
7;weekend;15;1;25;МЦД Митьково;0.010830324909747292;33;вероятно;15
7;weekend;15;1;26;Метро «Сокольники»;0.025927141450607153;79;вероятно;15
7;weekend;15;1;27;Клуб Русакова - Сцена «Мельников»;0.01608139153265507;49;вероятно;15
7;weekend;15;1;28;М. Остроумовская ул.;0.02100426649163111;64;вероятно;15
7;weekend;15;1;29;Трамвайное депо имени Русакова;0.03150639973744667;96;вероятно;15
7;weekend;15;1;30;Преображенская площадь;0.04463406629471611;136;вероятно;15
7;weekend;15;1;31;Метро «Преображенская площадь»;0.03380374138496882;103;вероятно;15
7;weekend;15;1;32;Улица Хромова;0.022317033147358056;68;вероятно;15
7;weekend;15;1;33;Мосгорсуд;0.03380374138496882;103;вероятно;15
7;weekend;15;1;34;Телерадиокомпания «МИР»;0.024942566458811946;76;вероятно;15
7;weekend;15;1;35;1-я Прогонная улица;0.01706596652445028;52;вероятно;15
7;weekend;15;1;36;Инновационный университет;0.019691499835904167;60;вероятно;15
7;weekend;15;1;37;Богородский храм;0.03150639973744667;96;вероятно;15
7;weekend;15;1;38;Богородское;0.035444699704627505;108;вероятно;15
7;weekend;15;1;39;Ланинский переулок;0.021660649819494584;66;вероятно;15
7;weekend;15;1;40;Погонный проезд;0.0118148999015425;36;вероятно;15
7;weekend;15;1;41;Игральная улица;0.021660649819494584;66;вероятно;15
7;weekend;15;1;42;3-й проезд Подбельского;0.016409583196586808;50;вероятно;15
7;weekend;15;1;43;5-й пр. Подбельского;0.021988841483426322;67;вероятно;15
7;weekend;16;0;1;Метро «Бульвар Рокоссовского»;0.04532871972318339;131;вероятно;16
7;weekend;16;0;2;5-й пр. Подбельского;0.009342560553633217;27;вероятно;16
7;weekend;16;0;3;3-й проезд Подбельского;0.00865051903114187;25;вероятно;16
7;weekend;16;0;4;Игральная ул.;0.00865051903114187;25;вероятно;16
7;weekend;16;0;5;Погонный проезд;0.011418685121107266;33;вероятно;16
7;weekend;16;0;6;Ланинский переулок;0.009342560553633217;27;вероятно;16
7;weekend;16;0;7;Богородское;0.02906574394463668;84;вероятно;16
7;weekend;16;0;8;Богородский храм;0.021453287197231833;62;вероятно;16
7;weekend;16;0;9;Инновационный университет;0.01660899653979239;48;вероятно;16
7;weekend;16;0;10;1-я Прогонная ул.;0.008996539792387544;26;вероятно;16
7;weekend;16;0;11;Телерадиокомпания «МИР»;0.008304498269896194;24;вероятно;16
7;weekend;16;0;12;Мосгорсуд;0.01730103806228374;50;вероятно;16
7;weekend;16;0;13;Улица Хромова;0.02837370242214533;82;вероятно;16
7;weekend;16;0;14;Метро «Преображенская площадь»;0.05709342560553633;165;вероятно;16
7;weekend;16;0;15;Преображенская площадь;0.01522491349480969;44;вероятно;16
7;weekend;16;0;16;Трамв. депо им. Русакова;0.010380622837370242;30;вероятно;16
7;weekend;16;0;17;Малая Остроумовская улица;0.02560553633217993;74;вероятно;16
7;weekend;16;0;18;Клуб Русакова - Сцена «Мельников»;0.005536332179930796;16;вероятно;16
7;weekend;16;0;19;Метро «Сокольники»;0.016955017301038062;49;вероятно;16
7;weekend;16;0;20;МЦД Митьково;0.014878892733564015;43;вероятно;16
7;weekend;16;0;21;Леснорядская улица;0.01522491349480969;44;вероятно;16
7;weekend;16;0;22;Метро «Красносельская»;0.017993079584775088;52;вероятно;16
7;weekend;16;0;23;Метро «Комсомольская»;0.030103806228373702;87;вероятно;16
7;weekend;16;0;24;МЦД Площадь трёх вокзалов;0.025259515570934254;73;вероятно;16
7;weekend;16;0;25;Каланчёвская улица;0.01453287197231834;42;вероятно;16
7;weekend;16;0;26;Пантелеевская улица;0.005536332179930796;16;вероятно;16
7;weekend;16;0;27;Астраханский переулок;0.00865051903114187;25;вероятно;16
7;weekend;16;0;28;Ботанический переулок;0.010034602076124567;29;вероятно;16
7;weekend;16;0;29;Метро «Проспект Мира»;0.030795847750865052;89;вероятно;16
7;weekend;16;0;30;Спорткомплекс «Олимпийский»;0.025951557093425604;75;вероятно;16
7;weekend;16;0;31;Ул. Гиляровского;0.014186851211072665;41;вероятно;16
7;weekend;16;0;32;Улица Щепкина;0.02041522491349481;59;вероятно;16
7;weekend;16;0;33;Театр зверей им. Дурова;0.01660899653979239;48;вероятно;16
7;weekend;16;0;34;Самотёчная улица;0.028719723183391003;83;вероятно;16
7;weekend;16;0;35;4-й Самотёчный переулок;0.0342560553633218;99;вероятно;16
7;weekend;16;0;36;Селезнёвская улица;0.02491349480968858;72;вероятно;16
7;weekend;16;0;37;Улица Достоевского;0.014878892733564015;43;вероятно;16
7;weekend;16;0;38;Площадь Борьбы;0.029411764705882353;85;вероятно;16
7;weekend;16;0;39;Улица Палиха;0.037024221453287195;107;вероятно;16
7;weekend;16;0;40;Лесная улица;0.01833910034602076;53;вероятно;16
7;weekend;16;0;41;Миусское депо;0.011418685121107266;33;вероятно;16
7;weekend;16;0;42;ДК Зуева;0.016262975778546712;47;вероятно;16
7;weekend;16;0;43;Метро «Белорусская»;0.02249134948096886;65;вероятно;16
7;weekend;16;1;1;Белорусский вокзал;0.04256055363321799;123;вероятно;16
7;weekend;16;1;2;Метро «Белорусская»;0.01314878892733564;38;вероятно;16
7;weekend;16;1;3;ДК Зуева;0.006920415224913495;20;вероятно;16
7;weekend;16;1;4;Миусское депо;0.004844290657439446;14;вероятно;16
7;weekend;16;1;5;Лесная улица;0.008304498269896194;24;вероятно;16
7;weekend;16;1;6;Улица Палиха;0.0058823529411764705;17;вероятно;16
7;weekend;16;1;7;Площадь Борьбы;0.009342560553633217;27;вероятно;16
7;weekend;16;1;8;Улица Достоевского;0.004844290657439446;14;вероятно;16
7;weekend;16;1;9;Селезнёвская улица;0.004152249134948097;12;вероятно;16
7;weekend;16;1;10;4-й Самотёчный переулок;0.002422145328719723;7;вероятно;16
7;weekend;16;1;11;Самотёчная улица;0.0020761245674740486;6;вероятно;16
7;weekend;16;1;12;Театр зверей имени Дурова;0.002422145328719723;7;вероятно;16
7;weekend;16;1;13;Улица Щепкина;0.0006920415224913495;2;вероятно;16
7;weekend;16;1;14;Ул. Гиляровского;0.0010380622837370243;3;вероятно;16
7;weekend;16;1;27;Клуб Русакова - Сцена «Мельников»;0.00034602076124567473;1;вероятно;16
7;weekend;16;1;28;М. Остроумовская ул.;0.0020761245674740486;6;вероятно;16
7;weekend;16;1;29;Трамвайное депо имени Русакова;0.0020761245674740486;6;вероятно;16
7;weekend;16;1;30;Преображенская площадь;0.00034602076124567473;1;вероятно;16
7;weekend;16;1;31;Метро «Преображенская площадь»;0.00034602076124567473;1;вероятно;16
7;weekend;16;1;32;Улица Хромова;0.002422145328719723;7;вероятно;16
7;weekend;16;1;33;Мосгорсуд;0.0020761245674740486;6;вероятно;16
7;weekend;16;1;35;1-я Прогонная улица;0.001384083044982699;4;вероятно;16
7;weekend;16;1;36;Инновационный университет;0.002422145328719723;7;вероятно;16
7;weekend;16;1;37;Богородский храм;0.0031141868512110727;9;вероятно;16
7;weekend;16;1;38;Богородское;0.004498269896193772;13;вероятно;16
7;weekend;16;1;39;Ланинский переулок;0.0038062283737024223;11;вероятно;16
7;weekend;16;1;40;Погонный проезд;0.009688581314878892;28;вероятно;16
7;weekend;16;1;41;Игральная улица;0.009688581314878892;28;вероятно;16
7;weekend;16;1;42;3-й проезд Подбельского;0.001384083044982699;4;вероятно;16
7;weekend;16;1;43;5-й пр. Подбельского;0.004152249134948097;12;вероятно;16
7;weekend;17;0;1;Метро «Бульвар Рокоссовского»;0.005780346820809248;17;вероятно;17
7;weekend;17;0;2;5-й пр. Подбельского;0.003060183611016661;9;вероятно;17
7;weekend;17;0;3;3-й проезд Подбельского;0.0010200612036722204;3;вероятно;17
7;weekend;17;0;4;Игральная ул.;0.002040122407344441;6;вероятно;17
7;weekend;17;0;5;Погонный проезд;0.0013600816048962938;4;вероятно;17
7;weekend;17;0;6;Ланинский переулок;0.002040122407344441;6;вероятно;17
7;weekend;17;0;7;Богородское;0.002040122407344441;6;вероятно;17
7;weekend;17;0;8;Богородский храм;0.00034002040122407346;1;вероятно;17
7;weekend;17;0;9;Инновационный университет;0.0006800408024481469;2;вероятно;17
7;weekend;17;0;15;Преображенская площадь;0.006460387623257395;19;вероятно;17
7;weekend;17;0;16;Трамв. депо им. Русакова;0.0013600816048962938;4;вероятно;17
7;weekend;17;0;17;Малая Остроумовская улица;0.0023801428085685142;7;вероятно;17
7;weekend;17;0;18;Клуб Русакова - Сцена «Мельников»;0.00034002040122407346;1;вероятно;17
7;weekend;17;0;19;Метро «Сокольники»;0.0010200612036722204;3;вероятно;17
7;weekend;17;0;20;МЦД Митьково;0.002040122407344441;6;вероятно;17
7;weekend;17;0;21;Леснорядская улица;0.0010200612036722204;3;вероятно;17
7;weekend;17;0;22;Метро «Красносельская»;0.003740224413464808;11;вероятно;17
7;weekend;17;0;23;Метро «Комсомольская»;0.004420265215912955;13;вероятно;17
7;weekend;17;0;24;МЦД Площадь трёх вокзалов;0.0006800408024481469;2;вероятно;17
7;weekend;17;0;25;Каланчёвская улица;0.0010200612036722204;3;вероятно;17
7;weekend;17;0;26;Пантелеевская улица;0.007140428425705543;21;вероятно;17
7;weekend;17;0;27;Астраханский переулок;0.008160489629377763;24;вероятно;17
7;weekend;17;0;28;Ботанический переулок;0.01394083645018701;41;вероятно;17
7;weekend;17;0;29;Метро «Проспект Мира»;0.003060183611016661;9;вероятно;17
7;weekend;17;0;30;Спорткомплекс «Олимпийский»;0.0023801428085685142;7;вероятно;17
7;weekend;17;0;31;Ул. Гиляровского;0.0017001020061203672;5;вероятно;17
7;weekend;17;0;32;Улица Щепкина;0.007140428425705543;21;вероятно;17
7;weekend;17;0;33;Театр зверей им. Дурова;0.005780346820809248;17;вероятно;17
7;weekend;17;0;34;Самотёчная улица;0.044202652159129545;130;вероятно;17
7;weekend;17;0;35;4-й Самотёчный переулок;0.00884053043182591;26;вероятно;17
7;weekend;17;0;36;Селезнёвская улица;0.01088065283917035;32;вероятно;17
7;weekend;17;0;37;Улица Достоевского;0.009520571234274057;28;вероятно;17
7;weekend;17;0;38;Площадь Борьбы;0.015300918055083304;45;вероятно;17
7;weekend;17;0;39;Улица Палиха;0.021081264875892555;62;вероятно;17
7;weekend;17;0;40;Лесная улица;0.009520571234274057;28;вероятно;17
7;weekend;17;0;41;Миусское депо;0.01292077524651479;38;вероятно;17
7;weekend;17;0;42;ДК Зуева;0.014960897653859231;44;вероятно;17
7;weekend;17;0;43;Метро «Белорусская»;0.012580754845290717;37;вероятно;17
7;weekend;17;1;1;Белорусский вокзал;0.09146548792927575;269;вероятно;17
7;weekend;17;1;2;Метро «Белорусская»;0.02788167290037402;82;вероятно;17
7;weekend;17;1;3;ДК Зуева;0.022101326079564772;65;вероятно;17
7;weekend;17;1;4;Миусское депо;0.012240734444066644;36;вероятно;17
7;weekend;17;1;5;Лесная улица;0.023461407684461068;69;вероятно;17
7;weekend;17;1;6;Улица Палиха;0.028221693301598096;83;вероятно;17
7;weekend;17;1;7;Площадь Борьбы;0.027201632097925876;80;вероятно;17
7;weekend;17;1;8;Улица Достоевского;0.019041142468548114;56;вероятно;17
7;weekend;17;1;9;Селезнёвская улица;0.024141448486909214;71;вероятно;17
7;weekend;17;1;10;4-й Самотёчный переулок;0.00986059163549813;29;вероятно;17
7;weekend;17;1;11;Самотёчная улица;0.03060183611016661;90;вероятно;17
7;weekend;17;1;12;Театр зверей имени Дурова;0.013260795647738865;39;вероятно;17
7;weekend;17;1;13;Улица Щепкина;0.015980958857531452;47;вероятно;17
7;weekend;17;1;14;Ул. Гиляровского;0.01394083645018701;41;вероятно;17
7;weekend;17;1;15;Спорткомплекс «Олимпийский»;0.013600816048962938;40;вероятно;17
7;weekend;17;1;16;Метро «Проспект Мира»;0.00884053043182591;26;вероятно;17
7;weekend;17;1;17;Ботанический переулок;0.009180550833049982;27;вероятно;17
7;weekend;17;1;18;Астраханский переулок;0.007480448826929616;22;вероятно;17
7;weekend;17;1;19;Пантелеевская улица;0.015980958857531452;47;вероятно;17
7;weekend;17;1;20;Каланчёвская улица;0.029921795307718463;88;вероятно;17
7;weekend;17;1;21;МЦД Площадь трёх вокзалов;0.012580754845290717;37;вероятно;17
7;weekend;17;1;22;Метро «Комсомольская»;0.015300918055083304;45;вероятно;17
7;weekend;17;1;23;Метро «Красносельская»;0.015980958857531452;47;вероятно;17
7;weekend;17;1;24;Леснорядская улица;0.011560693641618497;34;вероятно;17
7;weekend;17;1;25;МЦД Митьково;0.022441346480788847;66;вероятно;17
7;weekend;17;1;26;Метро «Сокольники»;0.0268616116967018;79;вероятно;17
7;weekend;17;1;27;Клуб Русакова - Сцена «Мельников»;0.012580754845290717;37;вероятно;17
7;weekend;17;1;28;М. Остроумовская ул.;0.016660999659979598;49;вероятно;17
7;weekend;17;1;29;Трамвайное депо имени Русакова;0.012580754845290717;37;вероятно;17
7;weekend;17;1;30;Преображенская площадь;0.023121387283236993;68;вероятно;17
7;weekend;17;1;31;Метро «Преображенская площадь»;0.024821489289357363;73;вероятно;17
7;weekend;17;1;32;Улица Хромова;0.021421285277116626;63;вероятно;17
7;weekend;17;1;33;Мосгорсуд;0.014280856851411085;42;вероятно;17
7;weekend;17;1;34;Телерадиокомпания «МИР»;0.006800408024481469;20;вероятно;17
7;weekend;17;1;35;1-я Прогонная улица;0.007480448826929616;22;вероятно;17
7;weekend;17;1;36;Инновационный университет;0.008500510030601836;25;вероятно;17
7;weekend;17;1;37;Богородский храм;0.007480448826929616;22;вероятно;17
7;weekend;17;1;38;Богородское;0.00986059163549813;29;вероятно;17
7;weekend;17;1;39;Ланинский переулок;0.008500510030601836;25;вероятно;17
7;weekend;17;1;40;Погонный проезд;0.006800408024481469;20;вероятно;17
7;weekend;17;1;41;Игральная улица;0.003060183611016661;9;вероятно;17
7;weekend;17;1;42;3-й проезд Подбельского;0.005440326419585175;16;вероятно;17
7;weekend;17;1;43;5-й пр. Подбельского;0.009520571234274057;28;вероятно;17
7;weekend;18;0;1;Метро «Бульвар Рокоссовского»;0.09169054441260745;256;вероятно;18
7;weekend;18;0;2;5-й пр. Подбельского;0.015759312320916905;44;вероятно;18
7;weekend;18;0;3;3-й проезд Подбельского;0.008595988538681949;24;вероятно;18
7;weekend;18;0;4;Игральная ул.;0.011103151862464184;31;вероятно;18
7;weekend;18;0;5;Погонный проезд;0.020773638968481375;58;вероятно;18
7;weekend;18;0;6;Ланинский переулок;0.013968481375358166;39;вероятно;18
7;weekend;18;0;7;Богородское;0.02184813753581662;61;вероятно;18
7;weekend;18;0;8;Богородский храм;0.02328080229226361;65;вероятно;18
7;weekend;18;0;9;Инновационный университет;0.007879656160458453;22;вероятно;18
7;weekend;18;0;10;1-я Прогонная ул.;0.0071633237822349575;20;вероятно;18
7;weekend;18;0;11;Телерадиокомпания «МИР»;0.0014326647564469914;4;вероятно;18
7;weekend;18;0;12;Мосгорсуд;0.01325214899713467;37;вероятно;18
7;weekend;18;0;13;Улица Хромова;0.01504297994269341;42;вероятно;18
7;weekend;18;0;14;Метро «Преображенская площадь»;0.022206303724928367;62;вероятно;18
7;weekend;18;0;15;Преображенская площадь;0.008954154727793696;25;вероятно;18
7;weekend;18;0;16;Трамв. депо им. Русакова;0.008595988538681949;24;вероятно;18
7;weekend;18;0;17;Малая Остроумовская улица;0.003939828080229226;11;вероятно;18
7;weekend;18;0;18;Клуб Русакова - Сцена «Мельников»;0.007879656160458453;22;вероятно;18
7;weekend;18;0;19;Метро «Сокольники»;0.01862464183381089;52;вероятно;18
7;weekend;18;0;20;МЦД Митьково;0.011461318051575931;32;вероятно;18
7;weekend;18;0;21;Леснорядская улица;0.008595988538681949;24;вероятно;18
7;weekend;18;0;22;Метро «Красносельская»;0.012893982808022923;36;вероятно;18
7;weekend;18;0;23;Метро «Комсомольская»;0.007521489971346705;21;вероятно;18
7;weekend;18;0;24;МЦД Площадь трёх вокзалов;0.0068051575931232094;19;вероятно;18
7;weekend;18;0;25;Каланчёвская улица;0.011103151862464184;31;вероятно;18
7;weekend;18;0;26;Пантелеевская улица;0.008954154727793696;25;вероятно;18
7;weekend;18;0;27;Астраханский переулок;0.0014326647564469914;4;вероятно;18
7;weekend;18;0;28;Ботанический переулок;0.0032234957020057307;9;вероятно;18
7;weekend;18;0;29;Метро «Проспект Мира»;0.0064469914040114614;18;вероятно;18
7;weekend;18;0;30;Спорткомплекс «Олимпийский»;0.01862464183381089;52;вероятно;18
7;weekend;18;0;31;Ул. Гиляровского;0.014326647564469915;40;вероятно;18
7;weekend;18;0;32;Улица Щепкина;0.004297994269340974;12;вероятно;18
7;weekend;18;0;33;Театр зверей им. Дурова;0.017550143266475644;49;вероятно;18
7;weekend;18;0;34;Самотёчная улица;0.0053724928366762174;15;вероятно;18
7;weekend;18;0;35;4-й Самотёчный переулок;0.017191977077363897;48;вероятно;18
7;weekend;18;0;36;Селезнёвская улица;0.004297994269340974;12;вероятно;18
7;weekend;18;0;37;Улица Достоевского;0.0007163323782234957;2;вероятно;18
7;weekend;18;0;38;Площадь Борьбы;0.0028653295128939827;8;вероятно;18
7;weekend;18;0;39;Улица Палиха;0.0053724928366762174;15;вероятно;18
7;weekend;18;0;40;Лесная улица;0.0035816618911174787;10;вероятно;18
7;weekend;18;0;41;Миусское депо;0.0010744985673352436;3;вероятно;18
7;weekend;18;0;42;ДК Зуева;0.0007163323782234957;2;вероятно;18
7;weekend;18;0;43;Метро «Белорусская»;0.0010744985673352436;3;вероятно;18
7;weekend;18;1;1;Белорусский вокзал;0.0028653295128939827;8;вероятно;18
7;weekend;18;1;3;ДК Зуева;0.0007163323782234957;2;вероятно;18
7;weekend;18;1;5;Лесная улица;0.0007163323782234957;2;вероятно;18
7;weekend;18;1;6;Улица Палиха;0.002507163323782235;7;вероятно;18
7;weekend;18;1;7;Площадь Борьбы;0.002507163323782235;7;вероятно;18
7;weekend;18;1;8;Улица Достоевского;0.011103151862464184;31;вероятно;18
7;weekend;18;1;9;Селезнёвская улица;0.012893982808022923;36;вероятно;18
7;weekend;18;1;10;4-й Самотёчный переулок;0.0082378223495702;23;вероятно;18
7;weekend;18;1;11;Самотёчная улица;0.011103151862464184;31;вероятно;18
7;weekend;18;1;12;Театр зверей имени Дурова;0.007879656160458453;22;вероятно;18
7;weekend;18;1;13;Улица Щепкина;0.0032234957020057307;9;вероятно;18
7;weekend;18;1;14;Ул. Гиляровского;0.004656160458452722;13;вероятно;18
7;weekend;18;1;15;Спорткомплекс «Олимпийский»;0.002507163323782235;7;вероятно;18
7;weekend;18;1;16;Метро «Проспект Мира»;0.004297994269340974;12;вероятно;18
7;weekend;18;1;17;Ботанический переулок;0.0057306590257879654;16;вероятно;18
7;weekend;18;1;18;Астраханский переулок;0.010386819484240688;29;вероятно;18
7;weekend;18;1;19;Пантелеевская улица;0.02328080229226361;65;вероятно;18
7;weekend;18;1;20;Каланчёвская улица;0.02005730659025788;56;вероятно;18
7;weekend;18;1;21;МЦД Площадь трёх вокзалов;0.00501432664756447;14;вероятно;18
7;weekend;18;1;22;Метро «Комсомольская»;0.008595988538681949;24;вероятно;18
7;weekend;18;1;23;Метро «Красносельская»;0.02829512893982808;79;вероятно;18
7;weekend;18;1;24;Леснорядская улица;0.016117478510028652;45;вероятно;18
7;weekend;18;1;25;МЦД Митьково;0.013610315186246419;38;вероятно;18
7;weekend;18;1;26;Метро «Сокольники»;0.008595988538681949;24;вероятно;18
7;weekend;18;1;27;Клуб Русакова - Сцена «Мельников»;0.0068051575931232094;19;вероятно;18
7;weekend;18;1;28;М. Остроумовская ул.;0.008954154727793696;25;вероятно;18
7;weekend;18;1;29;Трамвайное депо имени Русакова;0.026862464183381087;75;вероятно;18
7;weekend;18;1;30;Преображенская площадь;0.020773638968481375;58;вероятно;18
7;weekend;18;1;31;Метро «Преображенская площадь»;0.04656160458452722;130;вероятно;18
7;weekend;18;1;32;Улица Хромова;0.012893982808022923;36;вероятно;18
7;weekend;18;1;33;Мосгорсуд;0.02650429799426934;74;вероятно;18
7;weekend;18;1;34;Телерадиокомпания «МИР»;0.0068051575931232094;19;вероятно;18
7;weekend;18;1;35;1-я Прогонная улица;0.009670487106017192;27;вероятно;18
7;weekend;18;1;36;Инновационный университет;0.0082378223495702;23;вероятно;18
7;weekend;18;1;37;Богородский храм;0.013610315186246419;38;вероятно;18
7;weekend;18;1;38;Богородское;0.04262177650429799;119;вероятно;18
7;weekend;18;1;39;Ланинский переулок;0.01002865329512894;28;вероятно;18
7;weekend;18;1;40;Погонный проезд;0.01002865329512894;28;вероятно;18
7;weekend;18;1;41;Игральная улица;0.0064469914040114614;18;вероятно;18
7;weekend;18;1;42;3-й проезд Подбельского;0.009312320916905445;26;вероятно;18
7;weekend;18;1;43;5-й пр. Подбельского;0.02148997134670487;60;вероятно;18
7;weekend;19;0;1;Метро «Бульвар Рокоссовского»;0.11072210065645514;253;вероятно;19
7;weekend;19;0;2;5-й пр. Подбельского;0.011816192560175055;27;вероятно;19
7;weekend;19;0;3;3-й проезд Подбельского;0.0056892778993435445;13;вероятно;19
7;weekend;19;0;4;Игральная ул.;0.004814004376367615;11;вероятно;19
7;weekend;19;0;5;Погонный проезд;0.00525164113785558;12;вероятно;19
7;weekend;19;0;6;Ланинский переулок;0.01575492341356674;36;вероятно;19
7;weekend;19;0;7;Богородское;0.017943107221006564;41;вероятно;19
7;weekend;19;0;8;Богородский храм;0.018818380743982493;43;вероятно;19
7;weekend;19;0;9;Инновационный университет;0.008315098468271335;19;вероятно;19
7;weekend;19;0;10;1-я Прогонная ул.;0.00787746170678337;18;вероятно;19
7;weekend;19;0;11;Телерадиокомпания «МИР»;0.008315098468271335;19;вероятно;19
7;weekend;19;0;12;Мосгорсуд;0.017067833698030634;39;вероятно;19
7;weekend;19;0;13;Улица Хромова;0.019693654266958426;45;вероятно;19
7;weekend;19;0;14;Метро «Преображенская площадь»;0.009190371991247264;21;вероятно;19
7;weekend;19;0;15;Преображенская площадь;0.01050328227571116;24;вероятно;19
7;weekend;19;0;16;Трамв. депо им. Русакова;0.010940919037199124;25;вероятно;19
7;weekend;19;0;17;Малая Остроумовская улица;0.00262582056892779;6;вероятно;19
7;weekend;19;0;18;Клуб Русакова - Сцена «Мельников»;0.011378555798687089;26;вероятно;19
7;weekend;19;0;19;Метро «Сокольники»;0.003938730853391685;9;вероятно;19
7;weekend;19;0;20;МЦД Митьково;0.014442013129102845;33;вероятно;19
7;weekend;19;0;21;Леснорядская улица;0.00787746170678337;18;вероятно;19
7;weekend;19;0;22;Метро «Красносельская»;0.024945295404814005;57;вероятно;19
7;weekend;19;0;23;Метро «Комсомольская»;0.00700218818380744;16;вероятно;19
7;weekend;19;0;24;МЦД Площадь трёх вокзалов;0.01050328227571116;24;вероятно;19
7;weekend;19;0;25;Каланчёвская улица;0.015317286652078774;35;вероятно;19
7;weekend;19;0;26;Пантелеевская улица;0.017067833698030634;39;вероятно;19
7;weekend;19;0;27;Астраханский переулок;0.012691466083150985;29;вероятно;19
7;weekend;19;0;28;Ботанический переулок;0.018380743982494528;42;вероятно;19
7;weekend;19;0;29;Метро «Проспект Мира»;0.024070021881838075;55;вероятно;19
7;weekend;19;0;30;Спорткомплекс «Олимпийский»;0.011816192560175055;27;вероятно;19
7;weekend;19;0;31;Ул. Гиляровского;0.01663019693654267;38;вероятно;19
7;weekend;19;0;32;Улица Щепкина;0.0175054704595186;40;вероятно;19
7;weekend;19;0;33;Театр зверей им. Дурова;0.02363238512035011;54;вероятно;19
7;weekend;19;0;34;Самотёчная улица;0.052954048140043765;121;вероятно;19
7;weekend;19;0;35;4-й Самотёчный переулок;0.04682713347921225;107;вероятно;19
7;weekend;19;0;36;Селезнёвская улица;0.016192560175054705;37;вероятно;19
7;weekend;19;0;37;Улица Достоевского;0.010940919037199124;25;вероятно;19
7;weekend;19;0;38;Площадь Борьбы;0.02800875273522976;64;вероятно;19
7;weekend;19;0;39;Улица Палиха;0.023194748358862146;53;вероятно;19
7;weekend;19;0;40;Лесная улица;0.01400437636761488;32;вероятно;19
7;weekend;19;0;41;Миусское депо;0.0087527352297593;20;вероятно;19
7;weekend;19;0;42;ДК Зуева;0.03326039387308534;76;вероятно;19
7;weekend;19;0;43;Метро «Белорусская»;0.012691466083150985;29;вероятно;19
7;weekend;19;1;1;Белорусский вокзал;0.06608315098468272;151;вероятно;19
7;weekend;19;1;2;Метро «Белорусская»;0.011816192560175055;27;вероятно;19
7;weekend;19;1;3;ДК Зуева;0.008315098468271335;19;вероятно;19
7;weekend;19;1;4;Миусское депо;0.00350109409190372;8;вероятно;19
7;weekend;19;1;5;Лесная улица;0.00175054704595186;4;вероятно;19
7;weekend;19;1;6;Улица Палиха;0.0056892778993435445;13;вероятно;19
7;weekend;19;1;7;Площадь Борьбы;0.00700218818380744;16;вероятно;19
7;weekend;19;1;8;Улица Достоевского;0.00437636761487965;10;вероятно;19
7;weekend;19;1;9;Селезнёвская улица;0.00350109409190372;8;вероятно;19
7;weekend;19;1;10;4-й Самотёчный переулок;0.004814004376367615;11;вероятно;19
7;weekend;19;1;11;Самотёчная улица;0.00262582056892779;6;вероятно;19
7;weekend;19;1;12;Театр зверей имени Дурова;0.002188183807439825;5;вероятно;19
7;weekend;19;1;13;Улица Щепкина;0.002188183807439825;5;вероятно;19
7;weekend;19;1;14;Ул. Гиляровского;0.00087527352297593;2;вероятно;19
7;weekend;19;1;15;Спорткомплекс «Олимпийский»;0.00087527352297593;2;вероятно;19
7;weekend;19;1;16;Метро «Проспект Мира»;0.00087527352297593;2;вероятно;19
7;weekend;19;1;17;Ботанический переулок;0.00175054704595186;4;вероятно;19
7;weekend;19;1;19;Пантелеевская улица;0.00350109409190372;8;вероятно;19
7;weekend;19;1;20;Каланчёвская улица;0.00612691466083151;14;вероятно;19
7;weekend;19;1;21;МЦД Площадь трёх вокзалов;0.002188183807439825;5;вероятно;19
7;weekend;19;1;22;Метро «Комсомольская»;0.00262582056892779;6;вероятно;19
7;weekend;19;1;23;Метро «Красносельская»;0.001312910284463895;3;вероятно;19
7;weekend;19;1;25;МЦД Митьково;0.003938730853391685;9;вероятно;19
7;weekend;19;1;26;Метро «Сокольники»;0.00262582056892779;6;вероятно;19
7;weekend;19;1;27;Клуб Русакова - Сцена «Мельников»;0.000437636761487965;1;вероятно;19
7;weekend;19;1;29;Трамвайное депо имени Русакова;0.000437636761487965;1;вероятно;19
7;weekend;19;1;31;Метро «Преображенская площадь»;0.018380743982494528;42;вероятно;19
7;weekend;19;1;32;Улица Хромова;0.003063457330415755;7;вероятно;19
7;weekend;19;1;33;Мосгорсуд;0.001312910284463895;3;вероятно;19
7;weekend;19;1;36;Инновационный университет;0.000437636761487965;1;вероятно;19
7;weekend;19;1;37;Богородский храм;0.00437636761487965;10;вероятно;19
7;weekend;19;1;38;Богородское;0.0087527352297593;20;вероятно;19
7;weekend;19;1;39;Ланинский переулок;0.027571115973741796;63;вероятно;19
7;weekend;19;1;40;Погонный проезд;0.00175054704595186;4;вероятно;19
7;weekend;19;1;41;Игральная улица;0.00612691466083151;14;вероятно;19
7;weekend;19;1;42;3-й проезд Подбельского;0.003063457330415755;7;вероятно;19
7;weekend;19;1;43;5-й пр. Подбельского;0.00437636761487965;10;вероятно;19
7;weekend;20;0;1;Метро «Бульвар Рокоссовского»;0.03285638579756227;62;вероятно;20
7;weekend;20;0;2;5-й пр. Подбельского;0.003179650238473768;6;вероятно;20
7;weekend;20;0;3;3-й проезд Подбельского;0.001589825119236884;3;вероятно;20
7;weekend;20;0;4;Игральная ул.;0.001589825119236884;3;вероятно;20
7;weekend;20;0;6;Ланинский переулок;0.005829358770535241;11;вероятно;20
7;weekend;20;0;7;Богородское;0.0037095919448860626;7;вероятно;20
7;weekend;20;0;8;Богородский храм;0.005829358770535241;11;вероятно;20
7;weekend;20;0;9;Инновационный университет;0.0010598834128245894;2;вероятно;20
7;weekend;20;0;10;1-я Прогонная ул.;0.001589825119236884;3;вероятно;20
7;weekend;20;0;11;Телерадиокомпания «МИР»;0.0021197668256491787;4;вероятно;20
7;weekend;20;0;12;Мосгорсуд;0.0005299417064122947;1;вероятно;20
7;weekend;20;0;13;Улица Хромова;0.003179650238473768;6;вероятно;20
7;weekend;20;0;14;Метро «Преображенская площадь»;0.002649708532061473;5;вероятно;20
7;weekend;20;0;16;Трамв. депо им. Русакова;0.001589825119236884;3;вероятно;20
7;weekend;20;0;19;Метро «Сокольники»;0.0021197668256491787;4;вероятно;20
7;weekend;20;0;20;МЦД Митьково;0.002649708532061473;5;вероятно;20
7;weekend;20;0;21;Леснорядская улица;0.002649708532061473;5;вероятно;20
7;weekend;20;0;22;Метро «Красносельская»;0.0037095919448860626;7;вероятно;20
7;weekend;20;0;23;Метро «Комсомольская»;0.01377848436671966;26;вероятно;20
7;weekend;20;0;24;МЦД Площадь трёх вокзалов;0.0005299417064122947;1;вероятно;20
7;weekend;20;0;25;Каланчёвская улица;0.0005299417064122947;1;вероятно;20
7;weekend;20;0;26;Пантелеевская улица;0.0021197668256491787;4;вероятно;20
7;weekend;20;0;27;Астраханский переулок;0.009538950715421303;18;вероятно;20
7;weekend;20;0;28;Ботанический переулок;0.01483836777954425;28;вероятно;20
7;weekend;20;0;29;Метро «Проспект Мира»;0.002649708532061473;5;вероятно;20
7;weekend;20;0;30;Спорткомплекс «Олимпийский»;0.00688924218335983;13;вероятно;20
7;weekend;20;0;31;Ул. Гиляровского;0.0005299417064122947;1;вероятно;20
7;weekend;20;0;32;Улица Щепкина;0.01483836777954425;28;вероятно;20
7;weekend;20;0;33;Театр зверей им. Дурова;0.010068892421833599;19;вероятно;20
7;weekend;20;0;34;Самотёчная улица;0.03868574456809751;73;вероятно;20
7;weekend;20;0;35;4-й Самотёчный переулок;0.009538950715421303;18;вероятно;20
7;weekend;20;0;36;Селезнёвская улица;0.009009009009009009;17;вероятно;20
7;weekend;20;0;37;Улица Достоевского;0.002649708532061473;5;вероятно;20
7;weekend;20;0;38;Площадь Борьбы;0.02490726020137785;47;вероятно;20
7;weekend;20;0;39;Улица Палиха;0.011128775834658187;21;вероятно;20
7;weekend;20;0;40;Лесная улица;0.009538950715421303;18;вероятно;20
7;weekend;20;0;41;Миусское депо;0.013248542660307366;25;вероятно;20
7;weekend;20;0;42;ДК Зуева;0.012188659247482777;23;вероятно;20
7;weekend;20;0;43;Метро «Белорусская»;0.02066772655007949;39;вероятно;20
7;weekend;20;1;1;Белорусский вокзал;0.160042395336513;302;вероятно;20
7;weekend;20;1;2;Метро «Белорусская»;0.014308426073131956;27;вероятно;20
7;weekend;20;1;3;ДК Зуева;0.010598834128245893;20;вероятно;20
7;weekend;20;1;4;Миусское депо;0.018547959724430314;35;вероятно;20
7;weekend;20;1;5;Лесная улица;0.018018018018018018;34;вероятно;20
7;weekend;20;1;6;Улица Палиха;0.028086910439851617;53;вероятно;20
7;weekend;20;1;7;Площадь Борьбы;0.024377318494965553;46;вероятно;20
7;weekend;20;1;8;Улица Достоевского;0.019077901430842606;36;вероятно;20
7;weekend;20;1;9;Селезнёвская улица;0.024377318494965553;46;вероятно;20
7;weekend;20;1;10;4-й Самотёчный переулок;0.04345521992580816;82;вероятно;20
7;weekend;20;1;11;Самотёчная улица;0.015368309485956544;29;вероятно;20
7;weekend;20;1;12;Театр зверей имени Дурова;0.008479067302596715;16;вероятно;20
7;weekend;20;1;13;Улица Щепкина;0.009009009009009009;17;вероятно;20
7;weekend;20;1;14;Ул. Гиляровского;0.009538950715421303;18;вероятно;20
7;weekend;20;1;15;Спорткомплекс «Олимпийский»;0.015368309485956544;29;вероятно;20
7;weekend;20;1;16;Метро «Проспект Мира»;0.005299417064122946;10;вероятно;20
7;weekend;20;1;17;Ботанический переулок;0.0042395336512983575;8;вероятно;20
7;weekend;20;1;18;Астраханский переулок;0.012718600953895072;24;вероятно;20
7;weekend;20;1;19;Пантелеевская улица;0.00794912559618442;15;вероятно;20
7;weekend;20;1;20;Каланчёвская улица;0.006359300476947536;12;вероятно;20
7;weekend;20;1;21;МЦД Площадь трёх вокзалов;0.005299417064122946;10;вероятно;20
7;weekend;20;1;22;Метро «Комсомольская»;0.011128775834658187;21;вероятно;20
7;weekend;20;1;23;Метро «Красносельская»;0.00794912559618442;15;вероятно;20
7;weekend;20;1;24;Леснорядская улица;0.021197668256491786;40;вероятно;20
7;weekend;20;1;25;МЦД Митьково;0.0047694753577106515;9;вероятно;20
7;weekend;20;1;26;Метро «Сокольники»;0.010598834128245893;20;вероятно;20
7;weekend;20;1;27;Клуб Русакова - Сцена «Мельников»;0.03391626921038686;64;вероятно;20
7;weekend;20;1;28;М. Остроумовская ул.;0.0037095919448860626;7;вероятно;20
7;weekend;20;1;29;Трамвайное депо имени Русакова;0.0021197668256491787;4;вероятно;20
7;weekend;20;1;30;Преображенская площадь;0.014308426073131956;27;вероятно;20
7;weekend;20;1;31;Метро «Преображенская площадь»;0.030206677265500796;57;вероятно;20
7;weekend;20;1;32;Улица Хромова;0.02384737678855326;45;вероятно;20
7;weekend;20;1;33;Мосгорсуд;0.01695813460519343;32;вероятно;20
7;weekend;20;1;34;Телерадиокомпания «МИР»;0.002649708532061473;5;вероятно;20
7;weekend;20;1;35;1-я Прогонная улица;0.0021197668256491787;4;вероятно;20
7;weekend;20;1;36;Инновационный университет;0.006359300476947536;12;вероятно;20
7;weekend;20;1;37;Богородский храм;0.007419183889772125;14;вероятно;20
7;weekend;20;1;38;Богородское;0.009538950715421303;18;вероятно;20
7;weekend;20;1;39;Ланинский переулок;0.002649708532061473;5;вероятно;20
7;weekend;20;1;40;Погонный проезд;0.005299417064122946;10;вероятно;20
7;weekend;20;1;41;Игральная улица;0.0037095919448860626;7;вероятно;20
7;weekend;20;1;42;3-й проезд Подбельского;0.002649708532061473;5;вероятно;20
7;weekend;20;1;43;5-й пр. Подбельского;0.010068892421833599;19;вероятно;20
7;weekend;21;0;1;Метро «Бульвар Рокоссовского»;0.08452722063037249;118;вероятно;21
7;weekend;21;0;2;5-й пр. Подбельского;0.012177650429799427;17;вероятно;21
7;weekend;21;0;3;3-й проезд Подбельского;0.004297994269340974;6;вероятно;21
7;weekend;21;0;4;Игральная ул.;0.0057306590257879654;8;вероятно;21
7;weekend;21;0;5;Погонный проезд;0.019340974212034383;27;вероятно;21
7;weekend;21;0;6;Ланинский переулок;0.010744985673352435;15;вероятно;21
7;weekend;21;0;7;Богородское;0.024355300859598854;34;вероятно;21
7;weekend;21;0;8;Богородский храм;0.014326647564469915;20;вероятно;21
7;weekend;21;0;9;Инновационный университет;0.00501432664756447;7;вероятно;21
7;weekend;21;0;10;1-я Прогонная ул.;0.00501432664756447;7;вероятно;21
7;weekend;21;0;11;Телерадиокомпания «МИР»;0.0064469914040114614;9;вероятно;21
7;weekend;21;0;12;Мосгорсуд;0.00501432664756447;7;вероятно;21
7;weekend;21;0;13;Улица Хромова;0.0164756446991404;23;вероятно;21
7;weekend;21;0;14;Метро «Преображенская площадь»;0.02865329512893983;40;вероятно;21
7;weekend;21;0;15;Преображенская площадь;0.0071633237822349575;10;вероятно;21
7;weekend;21;0;16;Трамв. депо им. Русакова;0.002148997134670487;3;вероятно;21
7;weekend;21;0;17;Малая Остроумовская улица;0.0064469914040114614;9;вероятно;21
7;weekend;21;0;18;Клуб Русакова - Сцена «Мельников»;0.004297994269340974;6;вероятно;21
7;weekend;21;0;19;Метро «Сокольники»;0.002148997134670487;3;вероятно;21
7;weekend;21;0;20;МЦД Митьково;0.0064469914040114614;9;вероятно;21
7;weekend;21;0;21;Леснорядская улица;0.0007163323782234957;1;вероятно;21
7;weekend;21;0;22;Метро «Красносельская»;0.0014326647564469914;2;вероятно;21
7;weekend;21;0;23;Метро «Комсомольская»;0.007879656160458453;11;вероятно;21
7;weekend;21;0;24;МЦД Площадь трёх вокзалов;0.0035816618911174787;5;вероятно;21
7;weekend;21;0;25;Каланчёвская улица;0.009312320916905445;13;вероятно;21
7;weekend;21;0;26;Пантелеевская улица;0.008595988538681949;12;вероятно;21
7;weekend;21;0;27;Астраханский переулок;0.0035816618911174787;5;вероятно;21
7;weekend;21;0;28;Ботанический переулок;0.0057306590257879654;8;вероятно;21
7;weekend;21;0;29;Метро «Проспект Мира»;0.0014326647564469914;2;вероятно;21
7;weekend;21;0;30;Спорткомплекс «Олимпийский»;0.0057306590257879654;8;вероятно;21
7;weekend;21;0;31;Ул. Гиляровского;0.0007163323782234957;1;вероятно;21
7;weekend;21;0;32;Улица Щепкина;0.007879656160458453;11;вероятно;21
7;weekend;21;0;33;Театр зверей им. Дурова;0.02865329512893983;40;вероятно;21
7;weekend;21;0;34;Самотёчная улица;0.004297994269340974;6;вероятно;21
7;weekend;21;0;35;4-й Самотёчный переулок;0.0035816618911174787;5;вероятно;21
7;weekend;21;0;36;Селезнёвская улица;0.0014326647564469914;2;вероятно;21
7;weekend;21;0;37;Улица Достоевского;0.002148997134670487;3;вероятно;21
7;weekend;21;0;38;Площадь Борьбы;0.01002865329512894;14;вероятно;21
7;weekend;21;0;39;Улица Палиха;0.022922636103151862;32;вероятно;21
7;weekend;21;0;40;Лесная улица;0.00501432664756447;7;вероятно;21
7;weekend;21;0;41;Миусское депо;0.0014326647564469914;2;вероятно;21
7;weekend;21;0;42;ДК Зуева;0.0014326647564469914;2;вероятно;21
7;weekend;21;0;43;Метро «Белорусская»;0.00501432664756447;7;вероятно;21
7;weekend;21;1;1;Белорусский вокзал;0.04083094555873926;57;вероятно;21
7;weekend;21;1;2;Метро «Белорусская»;0.0014326647564469914;2;вероятно;21
7;weekend;21;1;3;ДК Зуева;0.00501432664756447;7;вероятно;21
7;weekend;21;1;4;Миусское депо;0.0035816618911174787;5;вероятно;21
7;weekend;21;1;5;Лесная улица;0.002148997134670487;3;вероятно;21
7;weekend;21;1;6;Улица Палиха;0.00501432664756447;7;вероятно;21
7;weekend;21;1;7;Площадь Борьбы;0.0071633237822349575;10;вероятно;21
7;weekend;21;1;8;Улица Достоевского;0.011461318051575931;16;вероятно;21
7;weekend;21;1;9;Селезнёвская улица;0.0035816618911174787;5;вероятно;21
7;weekend;21;1;10;4-й Самотёчный переулок;0.007879656160458453;11;вероятно;21
7;weekend;21;1;11;Самотёчная улица;0.0057306590257879654;8;вероятно;21
7;weekend;21;1;12;Театр зверей имени Дурова;0.0035816618911174787;5;вероятно;21
7;weekend;21;1;13;Улица Щепкина;0.0064469914040114614;9;вероятно;21
7;weekend;21;1;14;Ул. Гиляровского;0.0071633237822349575;10;вероятно;21
7;weekend;21;1;15;Спорткомплекс «Олимпийский»;0.00501432664756447;7;вероятно;21
7;weekend;21;1;16;Метро «Проспект Мира»;0.004297994269340974;6;вероятно;21
7;weekend;21;1;17;Ботанический переулок;0.0071633237822349575;10;вероятно;21
7;weekend;21;1;18;Астраханский переулок;0.0064469914040114614;9;вероятно;21
7;weekend;21;1;19;Пантелеевская улица;0.007879656160458453;11;вероятно;21
7;weekend;21;1;20;Каланчёвская улица;0.008595988538681949;12;вероятно;21
7;weekend;21;1;21;МЦД Площадь трёх вокзалов;0.0057306590257879654;8;вероятно;21
7;weekend;21;1;22;Метро «Комсомольская»;0.0064469914040114614;9;вероятно;21
7;weekend;21;1;23;Метро «Красносельская»;0.01002865329512894;14;вероятно;21
7;weekend;21;1;24;Леснорядская улица;0.010744985673352435;15;вероятно;21
7;weekend;21;1;25;МЦД Митьково;0.0057306590257879654;8;вероятно;21
7;weekend;21;1;26;Метро «Сокольники»;0.017191977077363897;24;вероятно;21
7;weekend;21;1;27;Клуб Русакова - Сцена «Мельников»;0.011461318051575931;16;вероятно;21
7;weekend;21;1;28;М. Остроумовская ул.;0.027220630372492838;38;вероятно;21
7;weekend;21;1;29;Трамвайное депо имени Русакова;0.04656160458452722;65;вероятно;21
7;weekend;21;1;30;Преображенская площадь;0.03581661891117478;50;вероятно;21
7;weekend;21;1;31;Метро «Преображенская площадь»;0.036532951289398284;51;вероятно;21
7;weekend;21;1;32;Улица Хромова;0.0164756446991404;23;вероятно;21
7;weekend;21;1;33;Мосгорсуд;0.01002865329512894;14;вероятно;21
7;weekend;21;1;34;Телерадиокомпания «МИР»;0.007879656160458453;11;вероятно;21
7;weekend;21;1;35;1-я Прогонная улица;0.02650429799426934;37;вероятно;21
7;weekend;21;1;36;Инновационный университет;0.017191977077363897;24;вероятно;21
7;weekend;21;1;37;Богородский храм;0.017191977077363897;24;вероятно;21
7;weekend;21;1;38;Богородское;0.02005730659025788;28;вероятно;21
7;weekend;21;1;39;Ланинский переулок;0.0329512893982808;46;вероятно;21
7;weekend;21;1;40;Погонный проезд;0.007879656160458453;11;вероятно;21
7;weekend;21;1;41;Игральная улица;0.002148997134670487;3;вероятно;21
7;weekend;21;1;42;3-й проезд Подбельского;0.03724928366762178;52;вероятно;21
7;weekend;21;1;43;5-й пр. Подбельского;0.027220630372492838;38;вероятно;21
7;weekend;22;0;1;Метро «Бульвар Рокоссовского»;0.08648648648648649;64;вероятно;22
7;weekend;22;0;2;5-й пр. Подбельского;0.005405405405405406;4;вероятно;22
7;weekend;22;0;3;3-й проезд Подбельского;0.0013513513513513514;1;вероятно;22
7;weekend;22;0;4;Игральная ул.;0.002702702702702703;2;вероятно;22
7;weekend;22;0;5;Погонный проезд;0.012162162162162163;9;вероятно;22
7;weekend;22;0;6;Ланинский переулок;0.02972972972972973;22;вероятно;22
7;weekend;22;0;7;Богородское;0.006756756756756757;5;вероятно;22
7;weekend;22;0;8;Богородский храм;0.012162162162162163;9;вероятно;22
7;weekend;22;0;9;Инновационный университет;0.006756756756756757;5;вероятно;22
7;weekend;22;0;10;1-я Прогонная ул.;0.0013513513513513514;1;вероятно;22
7;weekend;22;0;11;Телерадиокомпания «МИР»;0.006756756756756757;5;вероятно;22
7;weekend;22;0;12;Мосгорсуд;0.00945945945945946;7;вероятно;22
7;weekend;22;0;13;Улица Хромова;0.010810810810810811;8;вероятно;22
7;weekend;22;0;14;Метро «Преображенская площадь»;0.02702702702702703;20;вероятно;22
7;weekend;22;0;15;Преображенская площадь;0.0013513513513513514;1;вероятно;22
7;weekend;22;0;16;Трамв. депо им. Русакова;0.008108108108108109;6;вероятно;22
7;weekend;22;0;17;Малая Остроумовская улица;0.002702702702702703;2;вероятно;22
7;weekend;22;0;20;МЦД Митьково;0.016216216216216217;12;вероятно;22
7;weekend;22;0;21;Леснорядская улица;0.021621621621621623;16;вероятно;22
7;weekend;22;0;22;Метро «Красносельская»;0.00945945945945946;7;вероятно;22
7;weekend;22;0;23;Метро «Комсомольская»;0.004054054054054054;3;вероятно;22
7;weekend;22;0;24;МЦД Площадь трёх вокзалов;0.002702702702702703;2;вероятно;22
7;weekend;22;0;25;Каланчёвская улица;0.005405405405405406;4;вероятно;22
7;weekend;22;0;26;Пантелеевская улица;0.010810810810810811;8;вероятно;22
7;weekend;22;0;27;Астраханский переулок;0.002702702702702703;2;вероятно;22
7;weekend;22;0;28;Ботанический переулок;0.016216216216216217;12;вероятно;22
7;weekend;22;0;29;Метро «Проспект Мира»;0.010810810810810811;8;вероятно;22
7;weekend;22;0;30;Спорткомплекс «Олимпийский»;0.008108108108108109;6;вероятно;22
7;weekend;22;0;31;Ул. Гиляровского;0.006756756756756757;5;вероятно;22
7;weekend;22;0;32;Улица Щепкина;0.004054054054054054;3;вероятно;22
7;weekend;22;0;33;Театр зверей им. Дурова;0.004054054054054054;3;вероятно;22
7;weekend;22;0;34;Самотёчная улица;0.021621621621621623;16;вероятно;22
7;weekend;22;0;35;4-й Самотёчный переулок;0.014864864864864866;11;вероятно;22
7;weekend;22;0;36;Селезнёвская улица;0.01891891891891892;14;вероятно;22
7;weekend;22;0;37;Улица Достоевского;0.02837837837837838;21;вероятно;22
7;weekend;22;0;38;Площадь Борьбы;0.008108108108108109;6;вероятно;22
7;weekend;22;0;39;Улица Палиха;0.002702702702702703;2;вероятно;22
7;weekend;22;0;40;Лесная улица;0.005405405405405406;4;вероятно;22
7;weekend;22;0;41;Миусское депо;0.005405405405405406;4;вероятно;22
7;weekend;22;0;42;ДК Зуева;0.016216216216216217;12;вероятно;22
7;weekend;22;0;43;Метро «Белорусская»;0.03918918918918919;29;вероятно;22
7;weekend;22;1;1;Белорусский вокзал;0.0918918918918919;68;вероятно;22
7;weekend;22;1;2;Метро «Белорусская»;0.006756756756756757;5;вероятно;22
7;weekend;22;1;3;ДК Зуева;0.004054054054054054;3;вероятно;22
7;weekend;22;1;4;Миусское депо;0.0013513513513513514;1;вероятно;22
7;weekend;22;1;5;Лесная улица;0.010810810810810811;8;вероятно;22
7;weekend;22;1;6;Улица Палиха;0.033783783783783786;25;вероятно;22
7;weekend;22;1;7;Площадь Борьбы;0.008108108108108109;6;вероятно;22
7;weekend;22;1;8;Улица Достоевского;0.012162162162162163;9;вероятно;22
7;weekend;22;1;9;Селезнёвская улица;0.013513513513513514;10;вероятно;22
7;weekend;22;1;10;4-й Самотёчный переулок;0.004054054054054054;3;вероятно;22
7;weekend;22;1;11;Самотёчная улица;0.008108108108108109;6;вероятно;22
7;weekend;22;1;12;Театр зверей имени Дурова;0.02837837837837838;21;вероятно;22
7;weekend;22;1;13;Улица Щепкина;0.004054054054054054;3;вероятно;22
7;weekend;22;1;14;Ул. Гиляровского;0.008108108108108109;6;вероятно;22
7;weekend;22;1;15;Спорткомплекс «Олимпийский»;0.008108108108108109;6;вероятно;22
7;weekend;22;1;16;Метро «Проспект Мира»;0.004054054054054054;3;вероятно;22
7;weekend;22;1;17;Ботанический переулок;0.0013513513513513514;1;вероятно;22
7;weekend;22;1;18;Астраханский переулок;0.002702702702702703;2;вероятно;22
7;weekend;22;1;19;Пантелеевская улица;0.0013513513513513514;1;вероятно;22
7;weekend;22;1;20;Каланчёвская улица;0.004054054054054054;3;вероятно;22
7;weekend;22;1;21;МЦД Площадь трёх вокзалов;0.01891891891891892;14;вероятно;22
7;weekend;22;1;22;Метро «Комсомольская»;0.02837837837837838;21;вероятно;22
7;weekend;22;1;23;Метро «Красносельская»;0.00945945945945946;7;вероятно;22
7;weekend;22;1;24;Леснорядская улица;0.005405405405405406;4;вероятно;22
7;weekend;22;1;25;МЦД Митьково;0.0013513513513513514;1;вероятно;22
7;weekend;22;1;26;Метро «Сокольники»;0.012162162162162163;9;вероятно;22
7;weekend;22;1;27;Клуб Русакова - Сцена «Мельников»;0.0013513513513513514;1;вероятно;22
7;weekend;22;1;28;М. Остроумовская ул.;0.00945945945945946;7;вероятно;22
7;weekend;22;1;29;Трамвайное депо имени Русакова;0.0013513513513513514;1;вероятно;22
7;weekend;22;1;31;Метро «Преображенская площадь»;0.002702702702702703;2;вероятно;22
7;weekend;22;1;32;Улица Хромова;0.004054054054054054;3;вероятно;22
7;weekend;22;1;33;Мосгорсуд;0.031081081081081083;23;вероятно;22
7;weekend;22;1;34;Телерадиокомпания «МИР»;0.012162162162162163;9;вероятно;22
7;weekend;22;1;35;1-я Прогонная улица;0.008108108108108109;6;вероятно;22
7;weekend;22;1;36;Инновационный университет;0.002702702702702703;2;вероятно;22
7;weekend;22;1;37;Богородский храм;0.0013513513513513514;1;вероятно;22
7;weekend;22;1;38;Богородское;0.010810810810810811;8;вероятно;22
7;weekend;22;1;39;Ланинский переулок;0.021621621621621623;16;вероятно;22
7;weekend;22;1;40;Погонный проезд;0.0013513513513513514;1;вероятно;22
7;weekend;22;1;41;Игральная улица;0.0013513513513513514;1;вероятно;22
7;weekend;22;1;42;3-й проезд Подбельского;0.024324324324324326;18;вероятно;22
7;weekend;22;1;43;5-й пр. Подбельского;0.01891891891891892;14;вероятно;22
7;weekend;23;0;1;Метро «Бульвар Рокоссовского»;0.04782608695652174;33;вероятно;23
7;weekend;23;0;2;5-й пр. Подбельского;0.002898550724637681;2;вероятно;23
7;weekend;23;0;3;3-й проезд Подбельского;0.005797101449275362;4;вероятно;23
7;weekend;23;0;4;Игральная ул.;0.0014492753623188406;1;вероятно;23
7;weekend;23;0;5;Погонный проезд;0.004347826086956522;3;вероятно;23
7;weekend;23;0;6;Ланинский переулок;0.011594202898550725;8;вероятно;23
7;weekend;23;0;7;Богородское;0.02753623188405797;19;вероятно;23
7;weekend;23;0;8;Богородский храм;0.005797101449275362;4;вероятно;23
7;weekend;23;0;9;Инновационный университет;0.0014492753623188406;1;вероятно;23
7;weekend;23;0;10;1-я Прогонная ул.;0.002898550724637681;2;вероятно;23
7;weekend;23;0;11;Телерадиокомпания «МИР»;0.005797101449275362;4;вероятно;23
7;weekend;23;0;12;Мосгорсуд;0.0014492753623188406;1;вероятно;23
7;weekend;23;0;13;Улица Хромова;0.008695652173913044;6;вероятно;23
7;weekend;23;0;14;Метро «Преображенская площадь»;0.004347826086956522;3;вероятно;23
7;weekend;23;0;15;Преображенская площадь;0.011594202898550725;8;вероятно;23
7;weekend;23;0;16;Трамв. депо им. Русакова;0.002898550724637681;2;вероятно;23
7;weekend;23;0;17;Малая Остроумовская улица;0.002898550724637681;2;вероятно;23
7;weekend;23;0;19;Метро «Сокольники»;0.020289855072463767;14;вероятно;23
7;weekend;23;0;20;МЦД Митьково;0.004347826086956522;3;вероятно;23
7;weekend;23;0;21;Леснорядская улица;0.0014492753623188406;1;вероятно;23
7;weekend;23;0;22;Метро «Красносельская»;0.03188405797101449;22;вероятно;23
7;weekend;23;0;23;Метро «Комсомольская»;0.004347826086956522;3;вероятно;23
7;weekend;23;0;24;МЦД Площадь трёх вокзалов;0.010144927536231883;7;вероятно;23
7;weekend;23;0;25;Каланчёвская улица;0.013043478260869565;9;вероятно;23
7;weekend;23;0;26;Пантелеевская улица;0.002898550724637681;2;вероятно;23
7;weekend;23;0;27;Астраханский переулок;0.013043478260869565;9;вероятно;23
7;weekend;23;0;28;Ботанический переулок;0.01884057971014493;13;вероятно;23
7;weekend;23;0;29;Метро «Проспект Мира»;0.005797101449275362;4;вероятно;23
7;weekend;23;0;30;Спорткомплекс «Олимпийский»;0.030434782608695653;21;вероятно;23
7;weekend;23;0;31;Ул. Гиляровского;0.004347826086956522;3;вероятно;23
7;weekend;23;0;32;Улица Щепкина;0.034782608695652174;24;вероятно;23
7;weekend;23;0;33;Театр зверей им. Дурова;0.002898550724637681;2;вероятно;23
7;weekend;23;0;34;Самотёчная улица;0.017391304347826087;12;вероятно;23
7;weekend;23;0;35;4-й Самотёчный переулок;0.004347826086956522;3;вероятно;23
7;weekend;23;0;36;Селезнёвская улица;0.007246376811594203;5;вероятно;23
7;weekend;23;0;37;Улица Достоевского;0.007246376811594203;5;вероятно;23
7;weekend;23;0;38;Площадь Борьбы;0.011594202898550725;8;вероятно;23
7;weekend;23;0;39;Улица Палиха;0.002898550724637681;2;вероятно;23
7;weekend;23;0;40;Лесная улица;0.01884057971014493;13;вероятно;23
7;weekend;23;0;41;Миусское депо;0.020289855072463767;14;вероятно;23
7;weekend;23;0;43;Метро «Белорусская»;0.02463768115942029;17;вероятно;23
7;weekend;23;1;1;Белорусский вокзал;0.011594202898550725;8;вероятно;23
7;weekend;23;1;7;Площадь Борьбы;0.002898550724637681;2;вероятно;23
7;weekend;23;1;8;Улица Достоевского;0.002898550724637681;2;вероятно;23
7;weekend;23;1;9;Селезнёвская улица;0.010144927536231883;7;вероятно;23
7;weekend;23;1;10;4-й Самотёчный переулок;0.03188405797101449;22;вероятно;23
7;weekend;23;1;11;Самотёчная улица;0.007246376811594203;5;вероятно;23
7;weekend;23;1;12;Театр зверей имени Дурова;0.004347826086956522;3;вероятно;23
7;weekend;23;1;13;Улица Щепкина;0.010144927536231883;7;вероятно;23
7;weekend;23;1;14;Ул. Гиляровского;0.013043478260869565;9;вероятно;23
7;weekend;23;1;15;Спорткомплекс «Олимпийский»;0.005797101449275362;4;вероятно;23
7;weekend;23;1;16;Метро «Проспект Мира»;0.013043478260869565;9;вероятно;23
7;weekend;23;1;17;Ботанический переулок;0.010144927536231883;7;вероятно;23
7;weekend;23;1;18;Астраханский переулок;0.002898550724637681;2;вероятно;23
7;weekend;23;1;19;Пантелеевская улица;0.021739130434782608;15;вероятно;23
7;weekend;23;1;20;Каланчёвская улица;0.013043478260869565;9;вероятно;23
7;weekend;23;1;21;МЦД Площадь трёх вокзалов;0.008695652173913044;6;вероятно;23
7;weekend;23;1;22;Метро «Комсомольская»;0.04927536231884058;34;вероятно;23
7;weekend;23;1;23;Метро «Красносельская»;0.010144927536231883;7;вероятно;23
7;weekend;23;1;24;Леснорядская улица;0.008695652173913044;6;вероятно;23
7;weekend;23;1;25;МЦД Митьково;0.008695652173913044;6;вероятно;23
7;weekend;23;1;26;Метро «Сокольники»;0.042028985507246375;29;вероятно;23
7;weekend;23;1;27;Клуб Русакова - Сцена «Мельников»;0.010144927536231883;7;вероятно;23
7;weekend;23;1;28;М. Остроумовская ул.;0.005797101449275362;4;вероятно;23
7;weekend;23;1;29;Трамвайное депо имени Русакова;0.03188405797101449;22;вероятно;23
7;weekend;23;1;30;Преображенская площадь;0.014492753623188406;10;вероятно;23
7;weekend;23;1;31;Метро «Преображенская площадь»;0.007246376811594203;5;вероятно;23
7;weekend;23;1;32;Улица Хромова;0.004347826086956522;3;вероятно;23
7;weekend;23;1;33;Мосгорсуд;0.015942028985507246;11;вероятно;23
7;weekend;23;1;34;Телерадиокомпания «МИР»;0.011594202898550725;8;вероятно;23
7;weekend;23;1;35;1-я Прогонная улица;0.011594202898550725;8;вероятно;23
7;weekend;23;1;36;Инновационный университет;0.005797101449275362;4;вероятно;23
7;weekend;23;1;37;Богородский храм;0.014492753623188406;10;вероятно;23
7;weekend;23;1;38;Богородское;0.01884057971014493;13;вероятно;23
7;weekend;23;1;39;Ланинский переулок;0.002898550724637681;2;вероятно;23
7;weekend;23;1;40;Погонный проезд;0.02318840579710145;16;вероятно;23
7;weekend;23;1;41;Игральная улица;0.02318840579710145;16;вероятно;23
7;weekend;23;1;42;3-й проезд Подбельского;0.02753623188405797;19;вероятно;23
7;weekend;23;1;43;5-й пр. Подбельского;0.020289855072463767;14;вероятно;23
17;weekday;0;0;1;Медведково;0.03498542274052478;72;подтверждено;0
17;weekday;0;0;2;Улица Тихомирова;0.00826044703595724;17;подтверждено;0
17;weekday;0;0;3;Поликлиника;0.008746355685131196;18;подтверждено;0
17;weekday;0;0;4;Улица Молодцова;0.00826044703595724;17;подтверждено;0
17;weekday;0;0;5;Культурно-досуговый центр;0.01020408163265306;21;подтверждено;0
17;weekday;0;0;6;МФЦ Южное Медведково;0.008746355685131196;18;подтверждено;0
17;weekday;0;0;7;Проезд Шокальского;0.004373177842565598;9;подтверждено;0
17;weekday;0;0;8;Сухонская улица;0.006316812439261419;13;подтверждено;0
17;weekday;0;0;9;Улица Менжинского, 38;0.00923226433430515;19;подтверждено;0
17;weekday;0;0;10;Метро «Бабушкинская»;0.013119533527696793;27;подтверждено;0
17;weekday;0;0;11;Печорская улица;0.012147716229348883;25;подтверждено;0
17;weekday;0;0;12;Радужная улица;0.01020408163265306;21;подтверждено;0
17;weekday;0;0;13;Верхоянская улица;0.014577259475218658;30;подтверждено;0
17;weekday;0;0;14;Берингов проезд;0.011175898931000973;23;подтверждено;0
17;weekday;0;0;15;Социальный фонд России;0.011175898931000973;23;подтверждено;0
17;weekday;0;0;16;Северянинский путепровод;0.008746355685131196;18;подтверждено;0
17;weekday;0;0;17;МЦК Ростокино;0.02040816326530612;42;подтверждено;0
17;weekday;0;0;18;Улица Докукина;0.027696793002915453;57;подтверждено;0
17;weekday;0;0;19;Сельскохозяйственная улица;0.026239067055393587;54;подтверждено;0
17;weekday;0;0;20;Улица Сергея Эйзенштейна;0.019922254616132166;41;подтверждено;0
17;weekday;0;0;21;ВДНХ (северная);0.022351797862001945;46;подтверждено;0
17;weekday;0;0;22;Метро «ВДНХ»;0.03206997084548105;66;подтверждено;0
17;weekday;0;0;23;ВДНХ (южная);0.022351797862001945;46;подтверждено;0
17;weekday;0;0;24;Улица Цандера;0.014577259475218658;30;подтверждено;0
17;weekday;0;0;25;Аргуновская улица;0.08551992225461613;176;подтверждено;0
17;weekday;0;1;1;Останкино;0.06316812439261418;130;подтверждено;0
17;weekday;0;1;2;Аргуновская улица;0.0058309037900874635;12;подтверждено;0
17;weekday;0;1;3;Улица Цандера;0.008746355685131196;18;подтверждено;0
17;weekday;0;1;4;ВДНХ (южная);0.009718172983479106;20;подтверждено;0
17;weekday;0;1;5;Метро «ВДНХ»;0.02575315840621963;53;подтверждено;0
17;weekday;0;1;6;ВДНХ (северная);0.010689990281827016;22;подтверждено;0
17;weekday;0;1;7;Улица Сергея Эйзенштейна;0.0058309037900874635;12;подтверждено;0
17;weekday;0;1;8;Сельскохозяйственная улица;0.014091350826044704;29;подтверждено;0
17;weekday;0;1;9;Улица Докукина;0.011661807580174927;24;подтверждено;0
17;weekday;0;1;10;МЦК Ростокино;0.021865889212827987;45;подтверждено;0
17;weekday;0;1;11;Северянинский путепровод;0.012147716229348883;25;подтверждено;0
17;weekday;0;1;12;Социальный фонд России;0.015063168124392614;31;подтверждено;0
17;weekday;0;1;13;Берингов проезд;0.00826044703595724;17;подтверждено;0
17;weekday;0;1;14;Верхоянская улица;0.003401360544217687;7;подтверждено;0
17;weekday;0;1;15;Радужная улица;0.013605442176870748;28;подтверждено;0
17;weekday;0;1;16;Печорская улица;0.014577259475218658;30;подтверждено;0
17;weekday;0;1;17;Метро «Бабушкинская»;0.007774538386783284;16;подтверждено;0
17;weekday;0;1;18;Улица Менжинского, 38;0.021865889212827987;45;подтверждено;0
17;weekday;0;1;19;Сухонская улица;0.023323615160349854;48;подтверждено;0
17;weekday;0;1;20;Проезд Шокальского;0.06705539358600583;138;подтверждено;0
17;weekday;0;1;21;МФЦ «Южное Медведково»;0.007774538386783284;16;подтверждено;0
17;weekday;0;1;22;Культурно-досуговый центр;0.01652089407191448;34;подтверждено;0
17;weekday;0;1;23;Улица Молодцова;0.02040816326530612;42;подтверждено;0
17;weekday;0;1;24;Поликлиника;0.05587949465500486;115;подтверждено;0
17;weekday;0;1;25;Улица Тихомирова;0.08357628765792031;172;подтверждено;0
17;weekday;1;0;1;Медведково;0.004651162790697674;1;подтверждено;1
17;weekday;1;0;9;Улица Менжинского, 38;0.004651162790697674;1;подтверждено;1
17;weekday;1;0;17;МЦК Ростокино;0.023255813953488372;5;подтверждено;1
17;weekday;1;0;18;Улица Докукина;0.004651162790697674;1;подтверждено;1
17;weekday;1;0;19;Сельскохозяйственная улица;0.009302325581395349;2;подтверждено;1
17;weekday;1;0;21;ВДНХ (северная);0.009302325581395349;2;подтверждено;1
17;weekday;1;0;22;Метро «ВДНХ»;0.018604651162790697;4;подтверждено;1
17;weekday;1;0;23;ВДНХ (южная);0.013953488372093023;3;подтверждено;1
17;weekday;1;0;24;Улица Цандера;0.009302325581395349;2;подтверждено;1
17;weekday;1;0;25;Аргуновская улица;0.15813953488372093;34;подтверждено;1
17;weekday;1;1;1;Останкино;0.009302325581395349;2;подтверждено;1
17;weekday;1;1;9;Улица Докукина;0.009302325581395349;2;подтверждено;1
17;weekday;1;1;11;Северянинский путепровод;0.013953488372093023;3;подтверждено;1
17;weekday;1;1;13;Берингов проезд;0.009302325581395349;2;подтверждено;1
17;weekday;1;1;14;Верхоянская улица;0.004651162790697674;1;подтверждено;1
17;weekday;1;1;15;Радужная улица;0.009302325581395349;2;подтверждено;1
17;weekday;1;1;16;Печорская улица;0.013953488372093023;3;подтверждено;1
17;weekday;1;1;17;Метро «Бабушкинская»;0.013953488372093023;3;подтверждено;1
17;weekday;1;1;18;Улица Менжинского, 38;0.03255813953488372;7;подтверждено;1
17;weekday;1;1;19;Сухонская улица;0.06976744186046512;15;подтверждено;1
17;weekday;1;1;20;Проезд Шокальского;0.018604651162790697;4;подтверждено;1
17;weekday;1;1;21;МФЦ «Южное Медведково»;0.009302325581395349;2;подтверждено;1
17;weekday;1;1;22;Культурно-досуговый центр;0.05581395348837209;12;подтверждено;1
17;weekday;1;1;23;Улица Молодцова;0.004651162790697674;1;подтверждено;1
17;weekday;1;1;24;Поликлиника;0.09302325581395349;20;подтверждено;1
17;weekday;1;1;25;Улица Тихомирова;0.3767441860465116;81;подтверждено;1
17;weekday;2;0;1;Медведково;0.004651162790697674;1;подтверждено;1
17;weekday;2;0;9;Улица Менжинского, 38;0.004651162790697674;1;подтверждено;1
17;weekday;2;0;17;МЦК Ростокино;0.023255813953488372;5;подтверждено;1
17;weekday;2;0;18;Улица Докукина;0.004651162790697674;1;подтверждено;1
17;weekday;2;0;19;Сельскохозяйственная улица;0.009302325581395349;2;подтверждено;1
17;weekday;2;0;21;ВДНХ (северная);0.009302325581395349;2;подтверждено;1
17;weekday;2;0;22;Метро «ВДНХ»;0.018604651162790697;4;подтверждено;1
17;weekday;2;0;23;ВДНХ (южная);0.013953488372093023;3;подтверждено;1
17;weekday;2;0;24;Улица Цандера;0.009302325581395349;2;подтверждено;1
17;weekday;2;0;25;Аргуновская улица;0.15813953488372093;34;подтверждено;1
17;weekday;2;1;1;Останкино;0.009302325581395349;2;подтверждено;1
17;weekday;2;1;9;Улица Докукина;0.009302325581395349;2;подтверждено;1
17;weekday;2;1;11;Северянинский путепровод;0.013953488372093023;3;подтверждено;1
17;weekday;2;1;13;Берингов проезд;0.009302325581395349;2;подтверждено;1
17;weekday;2;1;14;Верхоянская улица;0.004651162790697674;1;подтверждено;1
17;weekday;2;1;15;Радужная улица;0.009302325581395349;2;подтверждено;1
17;weekday;2;1;16;Печорская улица;0.013953488372093023;3;подтверждено;1
17;weekday;2;1;17;Метро «Бабушкинская»;0.013953488372093023;3;подтверждено;1
17;weekday;2;1;18;Улица Менжинского, 38;0.03255813953488372;7;подтверждено;1
17;weekday;2;1;19;Сухонская улица;0.06976744186046512;15;подтверждено;1
17;weekday;2;1;20;Проезд Шокальского;0.018604651162790697;4;подтверждено;1
17;weekday;2;1;21;МФЦ «Южное Медведково»;0.009302325581395349;2;подтверждено;1
17;weekday;2;1;22;Культурно-досуговый центр;0.05581395348837209;12;подтверждено;1
17;weekday;2;1;23;Улица Молодцова;0.004651162790697674;1;подтверждено;1
17;weekday;2;1;24;Поликлиника;0.09302325581395349;20;подтверждено;1
17;weekday;2;1;25;Улица Тихомирова;0.3767441860465116;81;подтверждено;1
17;weekday;3;0;1;Медведково;0.24681933842239187;97;подтверждено;4
17;weekday;3;0;2;Улица Тихомирова;0.027989821882951654;11;подтверждено;4
17;weekday;3;0;3;Поликлиника;0.020356234096692113;8;подтверждено;4
17;weekday;3;0;4;Улица Молодцова;0.10432569974554708;41;подтверждено;4
17;weekday;3;0;5;Культурно-досуговый центр;0.043256997455470736;17;подтверждено;4
17;weekday;3;0;6;МФЦ Южное Медведково;0.035623409669211195;14;подтверждено;4
17;weekday;3;0;7;Проезд Шокальского;0.05343511450381679;21;подтверждено;4
17;weekday;3;0;8;Сухонская улица;0.043256997455470736;17;подтверждено;4
17;weekday;3;0;9;Улица Менжинского, 38;0.03307888040712468;13;подтверждено;4
17;weekday;3;0;10;Метро «Бабушкинская»;0.09923664122137404;39;подтверждено;4
17;weekday;3;0;11;Печорская улица;0.04071246819338423;16;подтверждено;4
17;weekday;3;0;12;Радужная улица;0.027989821882951654;11;подтверждено;4
17;weekday;3;0;13;Верхоянская улица;0.02544529262086514;10;подтверждено;4
17;weekday;3;0;14;Берингов проезд;0.020356234096692113;8;подтверждено;4
17;weekday;3;0;15;Социальный фонд России;0.01272264631043257;5;подтверждено;4
17;weekday;3;0;16;Северянинский путепровод;0.015267175572519083;6;подтверждено;4
17;weekday;3;0;17;МЦК Ростокино;0.002544529262086514;1;подтверждено;4
17;weekday;3;0;18;Улица Докукина;0.002544529262086514;1;подтверждено;4
17;weekday;3;0;19;Сельскохозяйственная улица;0.002544529262086514;1;подтверждено;4
17;weekday;3;1;1;Останкино;0.06870229007633588;27;подтверждено;4
17;weekday;3;1;2;Аргуновская улица;0.010178117048346057;4;подтверждено;4
17;weekday;3;1;3;Улица Цандера;0.015267175572519083;6;подтверждено;4
17;weekday;3;1;4;ВДНХ (южная);0.015267175572519083;6;подтверждено;4
17;weekday;3;1;5;Метро «ВДНХ»;0.03307888040712468;13;подтверждено;4
17;weekday;4;0;1;Медведково;0.24681933842239187;97;подтверждено;4
17;weekday;4;0;2;Улица Тихомирова;0.027989821882951654;11;подтверждено;4
17;weekday;4;0;3;Поликлиника;0.020356234096692113;8;подтверждено;4
17;weekday;4;0;4;Улица Молодцова;0.10432569974554708;41;подтверждено;4
17;weekday;4;0;5;Культурно-досуговый центр;0.043256997455470736;17;подтверждено;4
17;weekday;4;0;6;МФЦ Южное Медведково;0.035623409669211195;14;подтверждено;4
17;weekday;4;0;7;Проезд Шокальского;0.05343511450381679;21;подтверждено;4
17;weekday;4;0;8;Сухонская улица;0.043256997455470736;17;подтверждено;4
17;weekday;4;0;9;Улица Менжинского, 38;0.03307888040712468;13;подтверждено;4
17;weekday;4;0;10;Метро «Бабушкинская»;0.09923664122137404;39;подтверждено;4
17;weekday;4;0;11;Печорская улица;0.04071246819338423;16;подтверждено;4
17;weekday;4;0;12;Радужная улица;0.027989821882951654;11;подтверждено;4
17;weekday;4;0;13;Верхоянская улица;0.02544529262086514;10;подтверждено;4
17;weekday;4;0;14;Берингов проезд;0.020356234096692113;8;подтверждено;4
17;weekday;4;0;15;Социальный фонд России;0.01272264631043257;5;подтверждено;4
17;weekday;4;0;16;Северянинский путепровод;0.015267175572519083;6;подтверждено;4
17;weekday;4;0;17;МЦК Ростокино;0.002544529262086514;1;подтверждено;4
17;weekday;4;0;18;Улица Докукина;0.002544529262086514;1;подтверждено;4
17;weekday;4;0;19;Сельскохозяйственная улица;0.002544529262086514;1;подтверждено;4
17;weekday;4;1;1;Останкино;0.06870229007633588;27;подтверждено;4
17;weekday;4;1;2;Аргуновская улица;0.010178117048346057;4;подтверждено;4
17;weekday;4;1;3;Улица Цандера;0.015267175572519083;6;подтверждено;4
17;weekday;4;1;4;ВДНХ (южная);0.015267175572519083;6;подтверждено;4
17;weekday;4;1;5;Метро «ВДНХ»;0.03307888040712468;13;подтверждено;4
17;weekday;5;0;1;Медведково;0.07770562770562771;359;подтверждено;5
17;weekday;5;0;2;Улица Тихомирова;0.017965367965367966;83;подтверждено;5
17;weekday;5;0;3;Поликлиника;0.0170995670995671;79;подтверждено;5
17;weekday;5;0;4;Улица Молодцова;0.04264069264069264;197;подтверждено;5
17;weekday;5;0;5;Культурно-досуговый центр;0.05714285714285714;264;подтверждено;5
17;weekday;5;0;6;МФЦ Южное Медведково;0.07402597402597402;342;подтверждено;5
17;weekday;5;0;7;Проезд Шокальского;0.031818181818181815;147;подтверждено;5
17;weekday;5;0;8;Сухонская улица;0.02683982683982684;124;подтверждено;5
17;weekday;5;0;9;Улица Менжинского, 38;0.03722943722943723;172;подтверждено;5
17;weekday;5;0;10;Метро «Бабушкинская»;0.0341991341991342;158;подтверждено;5
17;weekday;5;0;11;Печорская улица;0.030952380952380953;143;подтверждено;5
17;weekday;5;0;12;Радужная улица;0.02077922077922078;96;подтверждено;5
17;weekday;5;0;13;Верхоянская улица;0.025974025974025976;120;подтверждено;5
17;weekday;5;0;14;Берингов проезд;0.044805194805194806;207;подтверждено;5
17;weekday;5;0;15;Социальный фонд России;0.05238095238095238;242;подтверждено;5
17;weekday;5;0;16;Северянинский путепровод;0.04112554112554113;190;подтверждено;5
17;weekday;5;0;17;МЦК Ростокино;0.0329004329004329;152;подтверждено;5
17;weekday;5;0;18;Улица Докукина;0.027705627705627706;128;подтверждено;5
17;weekday;5;0;19;Сельскохозяйственная улица;0.022727272727272728;105;подтверждено;5
17;weekday;5;0;20;Улица Сергея Эйзенштейна;0.014935064935064935;69;подтверждено;5
17;weekday;5;0;21;ВДНХ (северная);0.01341991341991342;62;подтверждено;5
17;weekday;5;0;22;Метро «ВДНХ»;0.012554112554112554;58;подтверждено;5
17;weekday;5;0;23;ВДНХ (южная);0.012337662337662338;57;подтверждено;5
17;weekday;5;0;24;Улица Цандера;0.006493506493506494;30;подтверждено;5
17;weekday;5;0;25;Аргуновская улица;0.026623376623376622;123;подтверждено;5
17;weekday;5;1;1;Останкино;0.032034632034632034;148;подтверждено;5
17;weekday;5;1;2;Аргуновская улица;0.006926406926406926;32;подтверждено;5
17;weekday;5;1;3;Улица Цандера;0.003463203463203463;16;подтверждено;5
17;weekday;5;1;4;ВДНХ (южная);0.006493506493506494;30;подтверждено;5
17;weekday;5;1;5;Метро «ВДНХ»;0.005411255411255411;25;подтверждено;5
17;weekday;5;1;6;ВДНХ (северная);0.004761904761904762;22;подтверждено;5
17;weekday;5;1;7;Улица Сергея Эйзенштейна;0.00367965367965368;17;подтверждено;5
17;weekday;5;1;8;Сельскохозяйственная улица;0.00735930735930736;34;подтверждено;5
17;weekday;5;1;9;Улица Докукина;0.012121212121212121;56;подтверждено;5
17;weekday;5;1;10;МЦК Ростокино;0.01103896103896104;51;подтверждено;5
17;weekday;5;1;11;Северянинский путепровод;0.00974025974025974;45;подтверждено;5
17;weekday;5;1;12;Социальный фонд России;0.003896103896103896;18;подтверждено;5
17;weekday;5;1;13;Берингов проезд;0.002813852813852814;13;подтверждено;5
17;weekday;5;1;14;Верхоянская улица;0.0021645021645021645;10;подтверждено;5
17;weekday;5;1;15;Радужная улица;0.004329004329004329;20;подтверждено;5
17;weekday;5;1;16;Печорская улица;0.010173160173160173;47;подтверждено;5
17;weekday;5;1;17;Метро «Бабушкинская»;0.010822510822510822;50;подтверждено;5
17;weekday;5;1;18;Улица Менжинского, 38;0.004112554112554113;19;подтверждено;5
17;weekday;5;1;19;Сухонская улица;0.004112554112554113;19;подтверждено;5
17;weekday;5;1;20;Проезд Шокальского;0.005844155844155844;27;подтверждено;5
17;weekday;5;1;21;МФЦ «Южное Медведково»;0.008441558441558441;39;подтверждено;5
17;weekday;5;1;22;Культурно-досуговый центр;0.004978354978354979;23;подтверждено;5
17;weekday;5;1;23;Улица Молодцова;0.006277056277056277;29;подтверждено;5
17;weekday;5;1;24;Поликлиника;0.009523809523809525;44;подтверждено;5
17;weekday;5;1;25;Улица Тихомирова;0.0170995670995671;79;подтверждено;5
17;weekday;6;0;1;Медведково;0.0566653610131871;1302;подтверждено;6
17;weekday;6;0;2;Улица Тихомирова;0.020237628933281106;465;подтверждено;6
17;weekday;6;0;3;Поликлиника;0.0386908647778213;889;подтверждено;6
17;weekday;6;0;4;Улица Молодцова;0.057057057057057055;1311;подтверждено;6
17;weekday;6;0;5;Культурно-досуговый центр;0.0564042303172738;1296;подтверждено;6
17;weekday;6;0;6;МФЦ Южное Медведково;0.07881794838316578;1811;подтверждено;6
17;weekday;6;0;7;Проезд Шокальского;0.0376898637768203;866;подтверждено;6
17;weekday;6;0;8;Сухонская улица;0.03403403403403404;782;подтверждено;6
17;weekday;6;0;9;Улица Менжинского, 38;0.040779910345127734;937;подтверждено;6
17;weekday;6;0;10;Метро «Бабушкинская»;0.031161596378987685;716;подтверждено;6
17;weekday;6;0;11;Печорская улица;0.022805414109761935;524;подтверждено;6
17;weekday;6;0;12;Радужная улица;0.018540279409844627;426;подтверждено;6
17;weekday;6;0;13;Верхоянская улица;0.019802411106758934;455;подтверждено;6
17;weekday;6;0;14;Берингов проезд;0.03634068851460156;835;подтверждено;6
17;weekday;6;0;15;Социальный фонд России;0.04556730643687165;1047;подтверждено;6
17;weekday;6;0;16;Северянинский путепровод;0.030247638943291116;695;подтверждено;6
17;weekday;6;0;17;МЦК Ростокино;0.02184793489141315;502;подтверждено;6
17;weekday;6;0;18;Улица Докукина;0.03277190233711973;753;подтверждено;6
17;weekday;6;0;19;Сельскохозяйственная улица;0.02611306959133046;600;подтверждено;6
17;weekday;6;0;20;Улица Сергея Эйзенштейна;0.01357879618749184;312;подтверждено;6
17;weekday;6;0;21;ВДНХ (северная);0.008747878313095704;201;подтверждено;6
17;weekday;6;0;22;Метро «ВДНХ»;0.007442224833529181;171;подтверждено;6
17;weekday;6;0;23;ВДНХ (южная);0.006963485224354789;160;подтверждено;6
17;weekday;6;0;24;Улица Цандера;0.004178091134612874;96;подтверждено;6
17;weekday;6;0;25;Аргуновская улица;0.017321669495582538;398;подтверждено;6
17;weekday;6;1;1;Останкино;0.01867084475780128;429;подтверждено;6
17;weekday;6;1;2;Аргуновская улица;0.004526265395830613;104;подтверждено;6
17;weekday;6;1;3;Улица Цандера;0.007268137702920311;167;подтверждено;6
17;weekday;6;1;4;ВДНХ (южная);0.008443225834530183;194;подтверждено;6
17;weekday;6;1;5;Метро «ВДНХ»;0.008704356530443488;200;подтверждено;6
17;weekday;6;1;6;ВДНХ (северная);0.01035818427122775;238;подтверждено;6
17;weekday;6;1;7;Улица Сергея Эйзенштейна;0.004961483222352787;114;подтверждено;6
17;weekday;6;1;8;Сельскохозяйственная улица;0.006832919876398137;157;подтверждено;6
17;weekday;6;1;9;Улица Докукина;0.008878443661052357;204;подтверждено;6
17;weekday;6;1;10;МЦК Ростокино;0.01253427340383862;288;подтверждено;6
17;weekday;6;1;11;Северянинский путепровод;0.012099055577316447;278;подтверждено;6
17;weekday;6;1;12;Социальный фонд России;0.007833920877399139;180;подтверждено;6
17;weekday;6;1;13;Берингов проезд;0.0040910475693084385;94;подтверждено;6
17;weekday;6;1;14;Верхоянская улица;0.004352178265221744;100;подтверждено;6
17;weekday;6;1;15;Радужная улица;0.010227618923271098;235;подтверждено;6
17;weekday;6;1;16;Печорская улица;0.017104060582321452;393;подтверждено;6
17;weekday;6;1;17;Метро «Бабушкинская»;0.015058536797667232;346;подтверждено;6
17;weekday;6;1;18;Улица Менжинского, 38;0.01035818427122775;238;подтверждено;6
17;weekday;6;1;19;Сухонская улица;0.011576794185489838;266;подтверждено;6
17;weekday;6;1;20;Проезд Шокальского;0.0075727901814858336;174;подтверждено;6
17;weekday;6;1;21;МФЦ «Южное Медведково»;0.005135570352961657;118;подтверждено;6
17;weekday;6;1;22;Культурно-досуговый центр;0.005440222831527179;125;подтверждено;6
17;weekday;6;1;23;Улица Молодцова;0.006528267397832615;150;подтверждено;6
17;weekday;6;1;24;Поликлиника;0.012621316969143056;290;подтверждено;6
17;weekday;6;1;25;Улица Тихомирова;0.015015015015015015;345;подтверждено;6
17;weekday;7;0;1;Медведково;0.06508167143016813;4076;подтверждено;7
17;weekday;7;0;2;Улица Тихомирова;0.02130003672420125;1334;подтверждено;7
17;weekday;7;0;3;Поликлиника;0.05483082916859602;3434;подтверждено;7
17;weekday;7;0;4;Улица Молодцова;0.0658161554551406;4122;подтверждено;7
17;weekday;7;0;5;Культурно-досуговый центр;0.05088696929537435;3187;подтверждено;7
17;weekday;7;0;6;МФЦ Южное Медведково;0.06754059620942375;4230;подтверждено;7
17;weekday;7;0;7;Проезд Шокальского;0.03006594389180731;1883;подтверждено;7
17;weekday;7;0;8;Сухонская улица;0.025100193201232655;1572;подтверждено;7
17;weekday;7;0;9;Улица Менжинского, 38;0.02321608200673809;1454;подтверждено;7
17;weekday;7;0;10;Метро «Бабушкинская»;0.022401762761659935;1403;подтверждено;7
17;weekday;7;0;11;Печорская улица;0.02173114691277204;1361;подтверждено;7
17;weekday;7;0;12;Радужная улица;0.015009021379871944;940;подтверждено;7
17;weekday;7;0;13;Верхоянская улица;0.015104823643998786;946;подтверждено;7
17;weekday;7;0;14;Берингов проезд;0.022401762761659935;1403;подтверждено;7
17;weekday;7;0;15;Социальный фонд России;0.023439620623034056;1468;подтверждено;7
17;weekday;7;0;16;Северянинский путепровод;0.014322438486962909;897;подтверждено;7
17;weekday;7;0;17;МЦК Ростокино;0.01780325408357151;1115;подтверждено;7
17;weekday;7;0;18;Улица Докукина;0.03632502514809433;2275;подтверждено;7
17;weekday;7;0;19;Сельскохозяйственная улица;0.02821376678535503;1767;подтверждено;7
17;weekday;7;0;20;Улица Сергея Эйзенштейна;0.015424164524421594;966;подтверждено;7
17;weekday;7;0;21;ВДНХ (северная);0.010586150186016063;663;подтверждено;7
17;weekday;7;0;22;Метро «ВДНХ»;0.008526401507288955;534;подтверждено;7
17;weekday;7;0;23;ВДНХ (южная);0.005939740375864216;372;подтверждено;7
17;weekday;7;0;24;Улица Цандера;0.0036883871688834246;231;подтверждено;7
17;weekday;7;0;25;Аргуновская улица;0.01045841383384694;655;подтверждено;7
17;weekday;7;1;1;Останкино;0.017276341630873875;1082;подтверждено;7
17;weekday;7;1;2;Аргуновская улица;0.007983522010570183;500;подтверждено;7
17;weekday;7;1;3;Улица Цандера;0.009117182136071149;571;подтверждено;7
17;weekday;7;1;4;ВДНХ (южная);0.006881795973111498;431;подтверждено;7
17;weekday;7;1;5;Метро «ВДНХ»;0.010378578613741238;650;подтверждено;7
17;weekday;7;1;6;ВДНХ (северная);0.01181561257564387;740;подтверждено;7
17;weekday;7;1;7;Улица Сергея Эйзенштейна;0.004917849558511233;308;подтверждено;7
17;weekday;7;1;8;Сельскохозяйственная улица;0.0076641811301473755;480;подтверждено;7
17;weekday;7;1;9;Улица Докукина;0.010713886538185186;671;подтверждено;7
17;weekday;7;1;10;МЦК Ростокино;0.01694103370642993;1061;подтверждено;7
17;weekday;7;1;11;Северянинский путепровод;0.015088856599977647;945;подтверждено;7
17;weekday;7;1;12;Социальный фонд России;0.003991761005285092;250;подтверждено;7
17;weekday;7;1;13;Берингов проезд;0.0033371122004183366;209;подтверждено;7
17;weekday;7;1;14;Верхоянская улица;0.005077519998722637;318;подтверждено;7
17;weekday;7;1;15;Радужная улица;0.01567963722875984;982;подтверждено;7
17;weekday;7;1;16;Печорская улица;0.030193680243976433;1891;подтверждено;7
17;weekday;7;1;17;Метро «Бабушкинская»;0.03139120854556196;1966;подтверждено;7
17;weekday;7;1;18;Улица Менжинского, 38;0.03096009835699117;1939;подтверждено;7
17;weekday;7;1;19;Сухонская улица;0.02230596049753309;1397;подтверждено;7
17;weekday;7;1;20;Проезд Шокальского;0.011224831946861677;703;подтверждено;7
17;weekday;7;1;21;МФЦ «Южное Медведково»;0.004774146162320969;299;подтверждено;7
17;weekday;7;1;22;Культурно-досуговый центр;0.008430599243162114;528;подтверждено;7
17;weekday;7;1;23;Улица Молодцова;0.010362611569720098;649;подтверждено;7
17;weekday;7;1;24;Поликлиника;0.01572753836082326;985;подтверждено;7
17;weekday;7;1;25;Улица Тихомирова;0.012550096600616328;786;подтверждено;7
17;weekday;8;0;1;Медведково;0.07122863512509289;5751;подтверждено;8
17;weekday;8;0;2;Улица Тихомирова;0.02728511270745603;2203;подтверждено;8
17;weekday;8;0;3;Поликлиника;0.04690364131781025;3787;подтверждено;8
17;weekday;8;0;4;Улица Молодцова;0.05947485756750062;4802;подтверждено;8
17;weekday;8;0;5;Культурно-досуговый центр;0.05148625216745108;4157;подтверждено;8
17;weekday;8;0;6;МФЦ Южное Медведково;0.06180331929650731;4990;подтверждено;8
17;weekday;8;0;7;Проезд Шокальского;0.02900668813475353;2342;подтверждено;8
17;weekday;8;0;8;Сухонская улица;0.02194699033936091;1772;подтверждено;8
17;weekday;8;0;9;Улица Менжинского, 38;0.028684666831805795;2316;подтверждено;8
17;weekday;8;0;10;Метро «Бабушкинская»;0.025588308149616053;2066;подтверждено;8
17;weekday;8;0;11;Печорская улица;0.024795640326975475;2002;подтверждено;8
17;weekday;8;0;12;Радужная улица;0.02390388902650483;1930;подтверждено;8
17;weekday;8;0;13;Верхоянская улица;0.015035917760713401;1214;подтверждено;8
17;weekday;8;0;14;Берингов проезд;0.020485509041367353;1654;подтверждено;8
17;weekday;8;0;15;Социальный фонд России;0.01929650730740649;1558;подтверждено;8
17;weekday;8;0;16;Северянинский путепровод;0.009759722566262076;788;подтверждено;8
17;weekday;8;0;17;МЦК Ростокино;0.011023036908595492;890;подтверждено;8
17;weekday;8;0;18;Улица Докукина;0.02826356205102799;2282;подтверждено;8
17;weekday;8;0;19;Сельскохозяйственная улица;0.027594748575675006;2228;подтверждено;8
17;weekday;8;0;20;Улица Сергея Эйзенштейна;0.016819420361654694;1358;подтверждено;8
17;weekday;8;0;21;ВДНХ (северная);0.010775328214020313;870;подтверждено;8
17;weekday;8;0;22;Метро «ВДНХ»;0.007480802576170424;604;подтверждено;8
17;weekday;8;0;23;ВДНХ (южная);0.004570225414912064;369;подтверждено;8
17;weekday;8;0;24;Улица Цандера;0.0022417636859053754;181;подтверждено;8
17;weekday;8;0;25;Аргуновская улица;0.007988605400049541;645;подтверждено;8
17;weekday;8;1;1;Останкино;0.016063908843200397;1297;подтверждено;8
17;weekday;8;1;2;Аргуновская улица;0.0094500866980431;763;подтверждено;8
17;weekday;8;1;3;Улица Цандера;0.014738667327223185;1190;подтверждено;8
17;weekday;8;1;4;ВДНХ (южная);0.009821649739905871;793;подтверждено;8
17;weekday;8;1;5;Метро «ВДНХ»;0.009239534307654198;746;подтверждено;8
17;weekday;8;1;6;ВДНХ (северная);0.012546445380232847;1013;подтверждено;8
17;weekday;8;1;7;Улица Сергея Эйзенштейна;0.005201882586078771;420;подтверждено;8
17;weekday;8;1;8;Сельскохозяйственная улица;0.008162001486252167;659;подтверждено;8
17;weekday;8;1;9;Улица Докукина;0.011803319296507308;953;подтверждено;8
17;weekday;8;1;10;МЦК Ростокино;0.021711667079514493;1753;подтверждено;8
17;weekday;8;1;11;Северянинский путепровод;0.022306167946494922;1801;подтверждено;8
17;weekday;8;1;12;Социальный фонд России;0.006081248451820659;491;подтверждено;8
17;weekday;8;1;13;Берингов проезд;0.005189497151350013;419;подтверждено;8
17;weekday;8;1;14;Верхоянская улица;0.0073321773594253155;592;подтверждено;8
17;weekday;8;1;15;Радужная улица;0.017054743621501115;1377;подтверждено;8
17;weekday;8;1;16;Печорская улица;0.03280901659648253;2649;подтверждено;8
17;weekday;8;1;17;Метро «Бабушкинская»;0.027582363140946246;2227;подтверждено;8
17;weekday;8;1;18;Улица Менжинского, 38;0.024845182065890512;2006;подтверждено;8
17;weekday;8;1;19;Сухонская улица;0.018503839484765916;1494;подтверждено;8
17;weekday;8;1;20;Проезд Шокальского;0.00971018082734704;784;подтверждено;8
17;weekday;8;1;21;МФЦ «Южное Медведково»;0.007456031706712905;602;подтверждено;8
17;weekday;8;1;22;Культурно-досуговый центр;0.011481297993559575;927;подтверждено;8
17;weekday;8;1;23;Улица Молодцова;0.012174882338370076;983;подтверждено;8
17;weekday;8;1;24;Поликлиника;0.014181322764429032;1145;подтверждено;8
17;weekday;8;1;25;Улица Тихомирова;0.011109734951696804;897;подтверждено;8
17;weekday;9;0;1;Медведково;0.05459779963670014;3186;подтверждено;9
17;weekday;9;0;2;Улица Тихомирова;0.018199266545566712;1062;подтверждено;9
17;weekday;9;0;3;Поликлиника;0.04061418240394832;2370;подтверждено;9
17;weekday;9;0;4;Улица Молодцова;0.05476916749494465;3196;подтверждено;9
17;weekday;9;0;5;Культурно-досуговый центр;0.04962813174760942;2896;подтверждено;9
17;weekday;9;0;6;МФЦ Южное Медведково;0.056739897864756486;3311;подтверждено;9
17;weekday;9;0;7;Проезд Шокальского;0.0324056619940364;1891;подтверждено;9
17;weekday;9;0;8;Сухонская улица;0.02279192514651952;1330;подтверждено;9
17;weekday;9;0;9;Улица Менжинского, 38;0.030709120197415774;1792;подтверждено;9
17;weekday;9;0;10;Метро «Бабушкинская»;0.038180758816876305;2228;подтверждено;9
17;weekday;9;0;11;Печорская улица;0.024796929087980257;1447;подтверждено;9
17;weekday;9;0;12;Радужная улица;0.0246426980155602;1438;подтверждено;9
17;weekday;9;0;13;Верхоянская улица;0.013041094012407033;761;подтверждено;9
17;weekday;9;0;14;Берингов проезд;0.024351372656544537;1421;подтверждено;9
17;weekday;9;0;15;Социальный фонд России;0.024042910511704426;1403;подтверждено;9
17;weekday;9;0;16;Северянинский путепровод;0.01096754292764849;640;подтверждено;9
17;weekday;9;0;17;МЦК Ростокино;0.011498783288206464;671;подтверждено;9
17;weekday;9;0;18;Улица Докукина;0.030383521266751208;1773;подтверждено;9
17;weekday;9;0;19;Сельскохозяйственная улица;0.025362443020187135;1480;подтверждено;9
17;weekday;9;0;20;Улица Сергея Эйзенштейна;0.015131781882990027;883;подтверждено;9
17;weekday;9;0;21;ВДНХ (северная);0.009442368989272372;551;подтверждено;9
17;weekday;9;0;22;Метро «ВДНХ»;0.00849984576892758;496;подтверждено;9
17;weekday;9;0;23;ВДНХ (южная);0.006649072899886897;388;подтверждено;9
17;weekday;9;0;24;Улица Цандера;0.0029132535901566304;170;подтверждено;9
17;weekday;9;0;25;Аргуновская улица;0.011910066147993283;695;подтверждено;9
17;weekday;9;1;1;Останкино;0.014686225451554307;857;подтверждено;9
17;weekday;9;1;2;Аргуновская улица;0.007591596120231689;443;подтверждено;9
17;weekday;9;1;3;Улица Цандера;0.014840456523974364;866;подтверждено;9
17;weekday;9;1;4;ВДНХ (южная);0.010419165781266065;608;подтверждено;9
17;weekday;9;1;5;Метро «ВДНХ»;0.008362751482331975;488;подтверждено;9
17;weekday;9;1;6;ВДНХ (северная);0.012492716866024609;729;подтверждено;9
17;weekday;9;1;7;Улица Сергея Эйзенштейна;0.006529115399115742;381;подтверждено;9
17;weekday;9;1;8;Сельскохозяйственная улица;0.010402028995441615;607;подтверждено;9
17;weekday;9;1;9;Улица Докукина;0.012784042225040272;746;подтверждено;9
17;weekday;9;1;10;МЦК Ростокино;0.02013572334372965;1175;подтверждено;9
17;weekday;9;1;11;Северянинский путепровод;0.02282619871816842;1332;подтверждено;9
17;weekday;9;1;12;Социальный фонд России;0.00649484182746684;379;подтверждено;9
17;weekday;9;1;13;Берингов проезд;0.005226719676457483;305;подтверждено;9
17;weekday;9;1;14;Верхоянская улица;0.007420228261987182;433;подтверждено;9
17;weekday;9;1;15;Радужная улица;0.016656955821366143;972;подтверждено;9
17;weekday;9;1;16;Печорская улица;0.028224286252870413;1647;подтверждено;9
17;weekday;9;1;17;Метро «Бабушкинская»;0.029715186619597628;1734;подтверждено;9
17;weekday;9;1;18;Улица Менжинского, 38;0.025328169448538232;1478;подтверждено;9
17;weekday;9;1;19;Сухонская улица;0.02128388799396785;1242;подтверждено;9
17;weekday;9;1;20;Проезд Шокальского;0.014480584021660897;845;подтверждено;9
17;weekday;9;1;21;МФЦ «Южное Медведково»;0.007985742194194057;466;подтверждено;9
17;weekday;9;1;22;Культурно-досуговый центр;0.01184151900469548;691;подтверждено;9
17;weekday;9;1;23;Улица Молодцова;0.013092504369880385;764;подтверждено;9
17;weekday;9;1;24;Поликлиника;0.017102512252801863;998;подтверждено;9
17;weekday;9;1;25;Улица Тихомирова;0.011807245433046577;689;подтверждено;9
17;weekday;10;0;1;Медведково;0.05745897346368715;2633;подтверждено;10
17;weekday;10;0;2;Улица Тихомирова;0.019596717877094973;898;подтверждено;10
17;weekday;10;0;3;Поликлиника;0.03155551675977654;1446;подтверждено;10
17;weekday;10;0;4;Улица Молодцова;0.04392894553072626;2013;подтверждено;10
17;weekday;10;0;5;Культурно-досуговый центр;0.03803683659217877;1743;подтверждено;10
17;weekday;10;0;6;МФЦ Южное Медведково;0.05108676675977654;2341;подтверждено;10
17;weekday;10;0;7;Проезд Шокальского;0.030093400837988827;1379;подтверждено;10
17;weekday;10;0;8;Сухонская улица;0.022804643854748605;1045;подтверждено;10
17;weekday;10;0;9;Улица Менжинского, 38;0.030224336592178772;1385;подтверждено;10
17;weekday;10;0;10;Метро «Бабушкинская»;0.035330831005586594;1619;подтверждено;10
17;weekday;10;0;11;Печорская улица;0.02767108938547486;1268;подтверждено;10
17;weekday;10;0;12;Радужная улица;0.016476082402234637;755;подтверждено;10
17;weekday;10;0;13;Верхоянская улица;0.015210370111731843;697;подтверждено;10
17;weekday;10;0;14;Берингов проезд;0.024266759776536313;1112;подтверждено;10
17;weekday;10;0;15;Социальный фонд России;0.021080656424581005;966;подтверждено;10
17;weekday;10;0;16;Северянинский путепровод;0.011151361731843576;511;подтверждено;10
17;weekday;10;0;17;МЦК Ростокино;0.013944657821229051;639;подтверждено;10
17;weekday;10;0;18;Улица Докукина;0.026034392458100557;1193;подтверждено;10
17;weekday;10;0;19;Сельскохозяйственная улица;0.022891934357541898;1049;подтверждено;10
17;weekday;10;0;20;Улица Сергея Эйзенштейна;0.015755935754189945;722;подтверждено;10
17;weekday;10;0;21;ВДНХ (северная);0.009994762569832403;458;подтверждено;10
17;weekday;10;0;22;Метро «ВДНХ»;0.009645600558659219;442;подтверждено;10
17;weekday;10;0;23;ВДНХ (южная);0.00715782122905028;328;подтверждено;10
17;weekday;10;0;24;Улица Цандера;0.004800977653631285;220;подтверждено;10
17;weekday;10;0;25;Аргуновская улица;0.012067912011173184;553;подтверждено;10
17;weekday;10;1;1;Останкино;0.015930516759776536;730;подтверждено;10
17;weekday;10;1;2;Аргуновская улица;0.006961417597765363;319;подтверждено;10
17;weekday;10;1;3;Улица Цандера;0.011435055865921787;524;подтверждено;10
17;weekday;10;1;4;ВДНХ (южная);0.00905638966480447;415;подтверждено;10
17;weekday;10;1;5;Метро «ВДНХ»;0.009558310055865922;438;подтверждено;10
17;weekday;10;1;6;ВДНХ (северная);0.015275837988826816;700;подтверждено;10
17;weekday;10;1;7;Улица Сергея Эйзенштейна;0.007070530726256984;324;подтверждено;10
17;weekday;10;1;8;Сельскохозяйственная улица;0.012875349162011173;590;подтверждено;10
17;weekday;10;1;9;Улица Докукина;0.01833100558659218;840;подтверждено;10
17;weekday;10;1;10;МЦК Ростокино;0.02457227653631285;1126;подтверждено;10
17;weekday;10;1;11;Северянинский путепровод;0.02094972067039106;960;подтверждено;10
17;weekday;10;1;12;Социальный фонд России;0.009296438547486033;426;подтверждено;10
17;weekday;10;1;13;Берингов проезд;0.006677723463687151;306;подтверждено;10
17;weekday;10;1;14;Верхоянская улица;0.010671263966480446;489;подтверждено;10
17;weekday;10;1;15;Радужная улица;0.021560754189944135;988;подтверждено;10
17;weekday;10;1;16;Печорская улица;0.03443610335195531;1578;подтверждено;10
17;weekday;10;1;17;Метро «Бабушкинская»;0.02863128491620112;1312;подтверждено;10
17;weekday;10;1;18;Улица Менжинского, 38;0.029285963687150838;1342;подтверждено;10
17;weekday;10;1;19;Сухонская улица;0.02431040502793296;1114;подтверждено;10
17;weekday;10;1;20;Проезд Шокальского;0.015755935754189945;722;подтверждено;10
17;weekday;10;1;21;МФЦ «Южное Медведково»;0.007943435754189944;364;подтверждено;10
17;weekday;10;1;22;Культурно-досуговый центр;0.01518854748603352;696;подтверждено;10
17;weekday;10;1;23;Улица Молодцова;0.015712290502793297;720;подтверждено;10
17;weekday;10;1;24;Поликлиника;0.017218051675977654;789;подтверждено;10
17;weekday;10;1;25;Улица Тихомирова;0.01302810754189944;597;подтверждено;10
17;weekday;11;0;1;Медведково;0.07082722879447202;3239;подтверждено;11
17;weekday;11;0;2;Улица Тихомирова;0.02208567492510551;1010;подтверждено;11
17;weekday;11;0;3;Поликлиника;0.02809910126609958;1285;подтверждено;11
17;weekday;11;0;4;Улица Молодцова;0.041241171196781175;1886;подтверждено;11
17;weekday;11;0;5;Культурно-досуговый центр;0.035468281909426864;1622;подтверждено;11
17;weekday;11;0;6;МФЦ Южное Медведково;0.04716712951826988;2157;подтверждено;11
17;weekday;11;0;7;Проезд Шокальского;0.0259780017930944;1188;подтверждено;11
17;weekday;11;0;8;Сухонская улица;0.023200892173798955;1061;подтверждено;11
17;weekday;11;0;9;Улица Менжинского, 38;0.031160481948787476;1425;подтверждено;11
17;weekday;11;0;10;Метро «Бабушкинская»;0.036889637226389105;1687;подтверждено;11
17;weekday;11;0;11;Печорская улица;0.027071352036911505;1238;подтверждено;11
17;weekday;11;0;12;Радужная улица;0.01677199274015438;767;подтверждено;11
17;weekday;11;0;13;Верхоянская улица;0.013426340994074042;614;подтверждено;11
17;weekday;11;0;14;Берингов проезд;0.015897312545100697;727;подтверждено;11
17;weekday;11;0;15;Социальный фонд России;0.016815726749907067;769;подтверждено;11
17;weekday;11;0;16;Северянинский путепровод;0.008943604994423914;409;подтверждено;11
17;weekday;11;0;17;МЦК Ростокино;0.011261507511316176;515;подтверждено;11
17;weekday;11;0;18;Улица Докукина;0.022610483042137718;1034;подтверждено;11
17;weekday;11;0;19;Сельскохозяйственная улица;0.0203144475301218;929;подтверждено;11
17;weekday;11;0;20;Улица Сергея Эйзенштейна;0.012136187706369858;555;подтверждено;11
17;weekday;11;0;21;ВДНХ (северная);0.008003323784741204;366;подтверждено;11
17;weekday;11;0;22;Метро «ВДНХ»;0.008746801950536835;400;подтверждено;11
17;weekday;11;0;23;ВДНХ (южная);0.006997441560429468;320;подтверждено;11
17;weekday;11;0;24;Улица Цандера;0.004985677111805996;228;подтверждено;11
17;weekday;11;0;25;Аргуновская улица;0.009315344077321729;426;подтверждено;11
17;weekday;11;1;1;Останкино;0.02042378255450351;934;подтверждено;11
17;weekday;11;1;2;Аргуновская улица;0.008418796877391704;385;подтверждено;11
17;weekday;11;1;3;Улица Цандера;0.012726596838031096;582;подтверждено;11
17;weekday;11;1;4;ВДНХ (южная);0.009883886204106624;452;подтверждено;11
17;weekday;11;1;5;Метро «ВДНХ»;0.012486059784391332;571;подтверждено;11
17;weekday;11;1;6;ВДНХ (северная);0.016597056701143646;759;подтверждено;11
17;weekday;11;1;7;Улица Сергея Эйзенштейна;0.008965471999300256;410;подтверждено;11
17;weekday;11;1;8;Сельскохозяйственная улица;0.014126085150116988;646;подтверждено;11
17;weekday;11;1;9;Улица Докукина;0.021823270866589403;998;подтверждено;11
17;weekday;11;1;10;МЦК Ростокино;0.02610920382235245;1194;подтверждено;11
17;weekday;11;1;11;Северянинский путепровод;0.019330432310686405;884;подтверждено;11
17;weekday;11;1;12;Социальный фонд России;0.012529793794144015;573;подтверждено;11
17;weekday;11;1;13;Берингов проезд;0.007893988760359493;361;подтверждено;11
17;weekday;11;1;14;Верхоянская улица;0.010780433404036649;493;подтверждено;11
17;weekday;11;1;15;Радужная улица;0.022282477968992586;1019;подтверждено;11
17;weekday;11;1;16;Печорская улица;0.02923618551966937;1337;подтверждено;11
17;weekday;11;1;17;Метро «Бабушкинская»;0.032013295138964816;1464;подтверждено;11
17;weekday;11;1;18;Улица Менжинского, 38;0.030373269773239158;1389;подтверждено;11
17;weekday;11;1;19;Сухонская улица;0.027399357110056637;1253;подтверждено;11
17;weekday;11;1;20;Проезд Шокальского;0.017777874964466117;813;подтверждено;11
17;weekday;11;1;21;МФЦ «Южное Медведково»;0.009380945091950756;429;подтверждено;11
17;weekday;11;1;22;Культурно-досуговый центр;0.016750125735278037;766;подтверждено;11
17;weekday;11;1;23;Улица Молодцова;0.017930943998600513;820;подтверждено;11
17;weekday;11;1;24;Поликлиника;0.016990662788917803;777;подтверждено;11
17;weekday;11;1;25;Улица Тихомирова;0.01235485775513328;565;подтверждено;11
17;weekday;12;0;1;Медведково;0.05905226388980426;2688;подтверждено;12
17;weekday;12;0;2;Улица Тихомирова;0.022188536655023176;1010;подтверждено;12
17;weekday;12;0;3;Поликлиника;0.028295876447197874;1288;подтверждено;12
17;weekday;12;0;4;Улица Молодцова;0.035809222522463144;1630;подтверждено;12
17;weekday;12;0;5;Культурно-досуговый центр;0.031503328280498254;1434;подтверждено;12
17;weekday;12;0;6;МФЦ Южное Медведково;0.04501416990707177;2049;подтверждено;12
17;weekday;12;0;7;Проезд Шокальского;0.022913508644741756;1043;подтверждено;12
17;weekday;12;0;8;Сухонская улица;0.018783365188163186;855;подтверждено;12
17;weekday;12;0;9;Улица Менжинского, 38;0.02970188273028845;1352;подтверждено;12
17;weekday;12;0;10;Метро «Бабушкинская»;0.036995540323820825;1684;подтверждено;12
17;weekday;12;0;11;Печорская улица;0.027065620949493618;1232;подтверждено;12
17;weekday;12;0;12;Радужная улица;0.017311452360552735;788;подтверждено;12
17;weekday;12;0;13;Верхоянская улица;0.013357059689360486;608;подтверждено;12
17;weekday;12;0;14;Берингов проезд;0.017992486653924736;819;подтверждено;12
17;weekday;12;0;15;Социальный фонд России;0.01911289791076254;870;подтверждено;12
17;weekday;12;0;16;Северянинский путепровод;0.011072299479338299;504;подтверждено;12
17;weekday;12;0;17;МЦК Ростокино;0.013664623563786551;622;подтверждено;12
17;weekday;12;0;18;Улица Докукина;0.02087040576462576;950;подтверждено;12
17;weekday;12;0;19;Сельскохозяйственная улица;0.01994771414134757;908;подтверждено;12
17;weekday;12;0;20;Улица Сергея Эйзенштейна;0.013840374349172874;630;подтверждено;12
17;weekday;12;0;21;ВДНХ (северная);0.008897383510182561;405;подтверждено;12
17;weekday;12;0;22;Метро «ВДНХ»;0.007557283771611854;344;подтверждено;12
17;weekday;12;0;23;ВДНХ (южная);0.00641490366660076;292;подтверждено;12
17;weekday;12;0;24;Улица Цандера;0.004613458116390958;210;подтверждено;12
17;weekday;12;0;25;Аргуновская улица;0.008392100002196885;382;подтверждено;12
17;weekday;12;1;1;Останкино;0.0248467672839913;1131;подтверждено;12
17;weekday;12;1;2;Аргуновская улица;0.01030338979327314;469;подтверждено;12
17;weekday;12;1;3;Улица Цандера;0.012961620422241261;590;подтверждено;12
17;weekday;12;1;4;ВДНХ (южная);0.012895713877721392;587;подтверждено;12
17;weekday;12;1;5;Метро «ВДНХ»;0.01660844921900745;756;подтверждено;12
17;weekday;12;1;6;ВДНХ (северная);0.02302335288560821;1048;подтверждено;12
17;weekday;12;1;7;Улица Сергея Эйзенштейна;0.01043520288231288;475;подтверждено;12
17;weekday;12;1;8;Сельскохозяйственная улица;0.01594938377380874;726;подтверждено;12
17;weekday;12;1;9;Улица Докукина;0.021924910476943695;998;подтверждено;12
17;weekday;12;1;10;МЦК Ростокино;0.02576945890726949;1173;подтверждено;12
17;weekday;12;1;11;Северянинский путепровод;0.024561172257738528;1118;подтверждено;12
17;weekday;12;1;12;Социальный фонд России;0.013313121993013906;606;подтверждено;12
17;weekday;12;1;13;Берингов проезд;0.00957841780355456;436;подтверждено;12
17;weekday;12;1;14;Верхоянская улица;0.011797271469056878;537;подтверждено;12
17;weekday;12;1;15;Радужная улица;0.020387091104813376;928;подтверждено;12
17;weekday;12;1;16;Печорская улица;0.02825193875085129;1286;подтверждено;12
17;weekday;12;1;17;Метро «Бабушкинская»;0.03323886728618818;1513;подтверждено;12
17;weekday;12;1;18;Улица Менжинского, 38;0.02950416309672884;1343;подтверждено;12
17;weekday;12;1;19;Сухонская улица;0.025154331158417365;1145;подтверждено;12
17;weekday;12;1;20;Проезд Шокальского;0.01847580131373712;841;подтверждено;12
17;weekday;12;1;21;МФЦ «Южное Медведково»;0.009534480107207978;434;подтверждено;12
17;weekday;12;1;22;Культурно-досуговый центр;0.016103165711021772;733;подтверждено;12
17;weekday;12;1;23;Улица Молодцова;0.01588347722928887;723;подтверждено;12
17;weekday;12;1;24;Поликлиника;0.017267514664206157;786;подтверждено;12
17;weekday;12;1;25;Улица Тихомирова;0.011863178013576748;540;подтверждено;12
17;weekday;13;0;1;Медведково;0.06045183180861573;2815;подтверждено;13
17;weekday;13;0;2;Улица Тихомирова;0.022097667826311042;1029;подтверждено;13
17;weekday;13;0;3;Поликлиника;0.02856161147618434;1330;подтверждено;13
17;weekday;13;0;4;Улица Молодцова;0.037215994502426665;1733;подтверждено;13
17;weekday;13;0;5;Культурно-досуговый центр;0.035047030021904395;1632;подтверждено;13
17;weekday;13;0;6;МФЦ Южное Медведково;0.042949791693510285;2000;подтверждено;13
17;weekday;13;0;7;Проезд Шокальского;0.020100502512562814;936;подтверждено;13
17;weekday;13;0;8;Сухонская улица;0.018189236782201607;847;подтверждено;13
17;weekday;13;0;9;Улица Менжинского, 38;0.029828630331142893;1389;подтверждено;13
17;weekday;13;0;10;Метро «Бабушкинская»;0.0348537559592836;1623;подтверждено;13
17;weekday;13;0;11;Печорская улица;0.024116308035906024;1123;подтверждено;13
17;weekday;13;0;12;Радужная улица;0.017845638448653525;831;подтверждено;13
17;weekday;13;0;13;Верхоянская улица;0.01415195636301164;659;подтверждено;13
17;weekday;13;0;14;Берингов проезд;0.01799596271958081;838;подтверждено;13
17;weekday;13;0;15;Социальный фонд России;0.017459090323411933;813;подтверждено;13
17;weekday;13;0;16;Северянинский путепровод;0.012176265945110166;567;подтверждено;13
17;weekday;13;0;17;МЦК Ростокино;0.01498947730103509;698;подтверждено;13
17;weekday;13;0;18;Улица Докукина;0.02267749001417343;1056;подтверждено;13
17;weekday;13;0;19;Сельскохозяйственная улица;0.020186402095949834;940;подтверждено;13
17;weekday;13;0;20;Улица Сергея Эйзенштейна;0.01114547094446592;519;подтверждено;13
17;weekday;13;0;21;ВДНХ (северная);0.007408839067130525;345;подтверждено;13
17;weekday;13;0;22;Метро «ВДНХ»;0.006786067087574625;316;подтверждено;13
17;weekday;13;0;23;ВДНХ (южная);0.005948546149551174;277;подтверждено;13
17;weekday;13;0;24;Улица Цандера;0.003951380835802946;184;подтверждено;13
17;weekday;13;0;25;Аргуновская улица;0.007752437400678607;361;подтверждено;13
17;weekday;13;1;1;Останкино;0.026779195120903664;1247;подтверждено;13
17;weekday;13;1;2;Аргуновская улица;0.008611433234548813;401;подтверждено;13
17;weekday;13;1;3;Улица Цандера;0.013271485633294678;618;подтверждено;13
17;weekday;13;1;4;ВДНХ (южная);0.013808358029463556;643;подтверждено;13
17;weekday;13;1;5;Метро «ВДНХ»;0.01844693553236267;859;подтверждено;13
17;weekday;13;1;6;ВДНХ (северная);0.02388008418159172;1112;подтверждено;13
17;weekday;13;1;7;Улица Сергея Эйзенштейна;0.010673023235837307;497;подтверждено;13
17;weekday;13;1;8;Сельскохозяйственная улица;0.015869948030752052;739;подтверждено;13
17;weekday;13;1;9;Улица Докукина;0.01992870334578877;928;подтверждено;13
17;weekday;13;1;10;МЦК Ростокино;0.02634969720396856;1227;подтверждено;13
17;weekday;13;1;11;Северянинский путепровод;0.024824979598848947;1156;подтверждено;13
17;weekday;13;1;12;Социальный фонд России;0.015977322509985827;744;подтверждено;13
17;weekday;13;1;13;Берингов проезд;0.010007301464587897;466;подтверждено;13
17;weekday;13;1;14;Верхоянская улица;0.011038096465232143;514;подтверждено;13
17;weekday;13;1;15;Радужная улица;0.018554310011596443;864;подтверждено;13
17;weekday;13;1;16;Печорская улица;0.029742730747755873;1385;подтверждено;13
17;weekday;13;1;17;Метро «Бабушкинская»;0.03128892324872224;1457;подтверждено;13
17;weekday;13;1;18;Улица Менжинского, 38;0.028840785122192156;1343;подтверждено;13
17;weekday;13;1;19;Сухонская улица;0.027960314392475198;1302;подтверждено;13
17;weekday;13;1;20;Проезд Шокальского;0.019563630116393935;911;подтверждено;13
17;weekday;13;1;21;МФЦ «Южное Медведково»;0.010114675943821672;471;подтверждено;13
17;weekday;13;1;22;Культурно-досуговый центр;0.015225701155349396;709;подтверждено;13
17;weekday;13;1;23;Улица Молодцова;0.015676673968131254;730;подтверждено;13
17;weekday;13;1;24;Поликлиника;0.017544989906798952;817;подтверждено;13
17;weekday;13;1;25;Улица Тихомирова;0.012133316153416656;565;подтверждено;13
17;weekday;14;0;1;Медведково;0.056937213498994006;2745;подтверждено;14
17;weekday;14;0;2;Улица Тихомирова;0.021737777685590425;1048;подтверждено;14
17;weekday;14;0;3;Поликлиника;0.025035780216133247;1207;подтверждено;14
17;weekday;14;0;4;Улица Молодцова;0.030636161871772004;1477;подтверждено;14
17;weekday;14;0;5;Культурно-досуговый центр;0.028292298438115784;1364;подтверждено;14
17;weekday;14;0;6;МФЦ Южное Медведково;0.03660990230445334;1765;подтверждено;14
17;weekday;14;0;7;Проезд Шокальского;0.01947688286905478;939;подтверждено;14
17;weekday;14;0;8;Сухонская улица;0.016095911721391385;776;подтверждено;14
17;weekday;14;0;9;Улица Менжинского, 38;0.029536827694924394;1424;подтверждено;14
17;weekday;14;0;10;Метро «Бабушкинская»;0.03219182344278277;1552;подтверждено;14
17;weekday;14;0;11;Печорская улица;0.02623882516438157;1265;подтверждено;14
17;weekday;14;0;12;Радужная улица;0.015535873555827508;749;подтверждено;14
17;weekday;14;0;13;Верхоянская улица;0.013917985521976312;671;подтверждено;14
17;weekday;14;0;14;Берингов проезд;0.013980211984816743;674;подтверждено;14
17;weekday;14;0;15;Социальный фонд России;0.01613739602995167;778;подтверждено;14
17;weekday;14;0;16;Северянинский путепровод;0.01161560639688038;560;подтверждено;14
17;weekday;14;0;17;МЦК Ростокино;0.01864719669784904;899;подтверждено;14
17;weekday;14;0;18;Улица Докукина;0.022733401091037313;1096;подтверждено;14
17;weekday;14;0;19;Сельскохозяйственная улица;0.020431021965941383;985;подтверждено;14
17;weekday;14;0;20;Улица Сергея Эйзенштейна;0.010599240837153346;511;подтверждено;14
17;weekday;14;0;21;ВДНХ (северная);0.007944245089294975;383;подтверждено;14
17;weekday;14;0;22;Метро «ВДНХ»;0.008607994026259566;415;подтверждено;14
17;weekday;14;0;23;ВДНХ (южная);0.005849287507000477;282;подтверждено;14
17;weekday;14;0;24;Улица Цандера;0.0031528074505818176;152;подтверждено;14
17;weekday;14;0;25;Аргуновская улица;0.0077990500093339694;376;подтверждено;14
17;weekday;14;1;1;Останкино;0.02945385907780382;1420;подтверждено;14
17;weekday;14;1;2;Аргуновская улица;0.009437680197465308;455;подтверждено;14
17;weekday;14;1;3;Улица Цандера;0.014457281533260044;697;подтверждено;14
17;weekday;14;1;4;ВДНХ (южная);0.01649001265271411;795;подтверждено;14
17;weekday;14;1;5;Метро «ВДНХ»;0.021281450291427268;1026;подтверждено;14
17;weekday;14;1;6;ВДНХ (северная);0.02499429590757296;1205;подтверждено;14
17;weekday;14;1;7;Улица Сергея Эйзенштейна;0.015286967704465786;737;подтверждено;14
17;weekday;14;1;8;Сельскохозяйственная улица;0.01719524589823899;829;подтверждено;14
17;weekday;14;1;9;Улица Докукина;0.022857854016718176;1102;подтверждено;14
17;weekday;14;1;10;МЦК Ростокино;0.028769367986559085;1387;подтверждено;14
17;weekday;14;1;11;Северянинский путепровод;0.0296820227748854;1431;подтверждено;14
17;weekday;14;1;12;Социальный фонд России;0.01819086930368588;877;подтверждено;14
17;weekday;14;1;13;Берингов проезд;0.010080686980149758;486;подтверждено;14
17;weekday;14;1;14;Верхоянская улица;0.010412561448632054;502;подтверждено;14
17;weekday;14;1;15;Радужная улица;0.019684304411856215;949;подтверждено;14
17;weekday;14;1;16;Печорская улица;0.024952811599012675;1203;подтверждено;14
17;weekday;14;1;17;Метро «Бабушкинская»;0.03472236626496028;1674;подтверждено;14
17;weekday;14;1;18;Улица Менжинского, 38;0.03685880815581506;1777;подтверждено;14
17;weekday;14;1;19;Сухонская улица;0.02945385907780382;1420;подтверждено;14
17;weekday;14;1;20;Проезд Шокальского;0.017029308663997843;821;подтверждено;14
17;weekday;14;1;21;МФЦ «Южное Медведково»;0.009707328203107175;468;подтверждено;14
17;weekday;14;1;22;Культурно-досуговый центр;0.016407044035593538;791;подтверждено;14
17;weekday;14;1;23;Улица Молодцова;0.014540250150380619;701;подтверждено;14
17;weekday;14;1;24;Поликлиника;0.016158138184231813;779;подтверждено;14
17;weekday;14;1;25;Улица Тихомирова;0.012154902408164112;586;подтверждено;14
17;weekday;15;0;1;Медведково;0.06303081776267896;3117;подтверждено;15
17;weekday;15;0;2;Улица Тихомирова;0.01886677990778937;933;подтверждено;15
17;weekday;15;0;3;Поликлиника;0.023558197848418668;1165;подтверждено;15
17;weekday;15;0;4;Улица Молодцова;0.026348782657930923;1303;подтверждено;15
17;weekday;15;0;5;Культурно-досуговый центр;0.028532718595810077;1411;подтверждено;15
17;weekday;15;0;6;МФЦ Южное Медведково;0.036358489039877054;1798;подтверждено;15
17;weekday;15;0;7;Проезд Шокальского;0.01858367710102726;919;подтверждено;15
17;weekday;15;0;8;Сухонская улица;0.015631319259079512;773;подтверждено;15
17;weekday;15;0;9;Улица Менжинского, 38;0.024832160478848175;1228;подтверждено;15
17;weekday;15;0;10;Метро «Бабушкинская»;0.028310280676211275;1400;подтверждено;15
17;weekday;15;0;11;Печорская улица;0.02420528997816064;1197;подтверждено;15
17;weekday;15;0;12;Радужная улица;0.01300250748200275;643;подтверждено;15
17;weekday;15;0;13;Верхоянская улица;0.012132977432661975;600;подтверждено;15
17;weekday;15;0;14;Берингов проезд;0.014761789209738736;730;подтверждено;15
17;weekday;15;0;15;Социальный фонд России;0.016379519534093667;810;подтверждено;15
17;weekday;15;0;16;Северянинский путепровод;0.011809431367790989;584;подтверждено;15
17;weekday;15;0;17;МЦК Ростокино;0.015226886677990778;753;подтверждено;15
17;weekday;15;0;18;Улица Докукина;0.024124403461942893;1193;подтверждено;15
17;weekday;15;0;19;Сельскохозяйственная улица;0.01840168243953733;910;подтверждено;15
17;weekday;15;0;20;Улица Сергея Эйзенштейна;0.011688101593464369;578;подтверждено;15
17;weekday;15;0;21;ВДНХ (северная);0.007279786459597185;360;подтверждено;15
17;weekday;15;0;22;Метро «ВДНХ»;0.0069966836528350725;346;подтверждено;15
17;weekday;15;0;23;ВДНХ (южная);0.005055407263609157;250;подтверждено;15
17;weekday;15;0;24;Улица Цандера;0.003336568793982043;165;подтверждено;15
17;weekday;15;0;25;Аргуновская улица;0.00833131117042789;412;подтверждено;15
17;weekday;15;1;1;Останкино;0.0335679042303648;1660;подтверждено;15
17;weekday;15;1;2;Аргуновская улица;0.010353474075871552;512;подтверждено;15
17;weekday;15;1;3;Улица Цандера;0.015813313920569443;782;подтверждено;15
17;weekday;15;1;4;ВДНХ (южная);0.019331877376041414;956;подтверждено;15
17;weekday;15;1;5;Метро «ВДНХ»;0.02283021920245895;1129;подтверждено;15
17;weekday;15;1;6;ВДНХ (северная);0.03158618458303001;1562;подтверждено;15
17;weekday;15;1;7;Улица Сергея Эйзенштейна;0.01779503356790423;880;подтверждено;15
17;weekday;15;1;8;Сельскохозяйственная улица;0.022506673137587963;1113;подтверждено;15
17;weekday;15;1;9;Улица Докукина;0.023052657122057753;1140;подтверждено;15
17;weekday;15;1;10;МЦК Ростокино;0.024367063010596133;1205;подтверждено;15
17;weekday;15;1;11;Северянинский путепровод;0.026995874787672895;1335;подтверждено;15
17;weekday;15;1;12;Социальный фонд России;0.02020140742538219;999;подтверждено;15
17;weekday;15;1;13;Берингов проезд;0.010859014802232468;537;подтверждено;15
17;weekday;15;1;14;Верхоянская улица;0.010798349915069158;534;подтверждено;15
17;weekday;15;1;15;Радужная улица;0.02228423521798916;1102;подтверждено;15
17;weekday;15;1;16;Печорская улица;0.02893715117689881;1431;подтверждено;15
17;weekday;15;1;17;Метро «Бабушкинская»;0.035286742699991915;1745;подтверждено;15
17;weekday;15;1;18;Улица Менжинского, 38;0.03387122866618135;1675;подтверждено;15
17;weekday;15;1;19;Сухонская улица;0.027177869449162825;1344;подтверждено;15
17;weekday;15;1;20;Проезд Шокальского;0.0167839521151824;830;подтверждено;15
17;weekday;15;1;21;МФЦ «Южное Медведково»;0.009989484752891693;494;подтверждено;15
17;weekday;15;1;22;Культурно-досуговый центр;0.015671762517188385;775;подтверждено;15
17;weekday;15;1;23;Улица Молодцова;0.014782010838793174;731;подтверждено;15
17;weekday;15;1;24;Поликлиника;0.015873978807732753;785;подтверждено;15
17;weekday;15;1;25;Улица Тихомирова;0.012496966755641834;618;подтверждено;15
17;weekday;16;0;1;Медведково;0.05813607134722198;3318;подтверждено;16
17;weekday;16;0;2;Улица Тихомирова;0.019939375887021885;1138;подтверждено;16
17;weekday;16;0;3;Поликлиника;0.021148353862597023;1207;подтверждено;16
17;weekday;16;0;4;Улица Молодцова;0.027350936519895574;1561;подтверждено;16
17;weekday;16;0;5;Культурно-досуговый центр;0.027859057698035847;1590;подтверждено;16
17;weekday;16;0;6;МФЦ Южное Медведково;0.03667233192577927;2093;подтверждено;16
17;weekday;16;0;7;Проезд Шокальского;0.017416291416256374;994;подтверждено;16
17;weekday;16;0;8;Сухонская улица;0.01378935748953095;787;подтверждено;16
17;weekday;16;0;9;Улица Менжинского, 38;0.023548788393811436;1344;подтверждено;16
17;weekday;16;0;10;Метро «Бабушкинская»;0.026615036882588965;1519;подтверждено;16
17;weekday;16;0;11;Печорская улица;0.02239237467804391;1278;подтверждено;16
17;weekday;16;0;12;Радужная улица;0.013368843411070034;763;подтверждено;16
17;weekday;16;0;13;Верхоянская улица;0.011318837278573055;646;подтверждено;16
17;weekday;16;0;14;Берингов проезд;0.014279957247735356;815;подтверждено;16
17;weekday;16;0;15;Социальный фонд России;0.018327405252921695;1046;подтверждено;16
17;weekday;16;0;16;Северянинский путепровод;0.014945771205298478;853;подтверждено;16
17;weekday;16;0;17;МЦК Ростокино;0.016680391778949765;952;подтверждено;16
17;weekday;16;0;18;Улица Докукина;0.02186673207996776;1248;подтверждено;16
17;weekday;16;0;19;Сельскохозяйственная улица;0.019396211869009864;1107;подтверждено;16
17;weekday;16;0;20;Улица Сергея Эйзенштейна;0.01049533054158709;599;подтверждено;16
17;weekday;16;0;21;ВДНХ (северная);0.008813274227743416;503;подтверждено;16
17;weekday;16;0;22;Метро «ВДНХ»;0.00897096700716626;512;подтверждено;16
17;weekday;16;0;23;ВДНХ (южная);0.006395318276593135;365;подтверждено;16
17;weekday;16;0;24;Улица Цандера;0.0037846267061482663;216;подтверждено;16
17;weekday;16;0;25;Аргуновская улица;0.008603017188512956;491;подтверждено;16
17;weekday;16;1;1;Останкино;0.040965079810067806;2338;подтверждено;16
17;weekday;16;1;2;Аргуновская улица;0.011441487218124156;653;подтверждено;16
17;weekday;16;1;3;Улица Цандера;0.017416291416256374;994;подтверждено;16
17;weekday;16;1;4;ВДНХ (южная);0.019396211869009864;1107;подтверждено;16
17;weekday;16;1;5;Метро «ВДНХ»;0.02253254603753088;1286;подтверждено;16
17;weekday;16;1;6;ВДНХ (северная);0.03157359872444063;1802;подтверждено;16
17;weekday;16;1;7;Улица Сергея Эйзенштейна;0.01792441259439665;1023;подтверждено;16
17;weekday;16;1;8;Сельскохозяйственная улица;0.026299651323743276;1501;подтверждено;16
17;weekday;16;1;9;Улица Докукина;0.026106915704448688;1490;подтверждено;16
17;weekday;16;1;10;МЦК Ростокино;0.026457344103166122;1510;подтверждено;16
17;weekday;16;1;11;Северянинский путепровод;0.02600178718483346;1484;подтверждено;16
17;weekday;16;1;12;Социальный фонд России;0.017118427277346557;977;подтверждено;16
17;weekday;16;1;13;Берингов проезд;0.012738072293378656;727;подтверждено;16
17;weekday;16;1;14;Верхоянская улица;0.013141064951903703;750;подтверждено;16
17;weekday;16;1;15;Радужная улица;0.02612443712438456;1491;подтверждено;16
17;weekday;16;1;16;Печорская улица;0.036952674644753214;2109;подтверждено;16
17;weekday;16;1;17;Метро «Бабушкинская»;0.033500954917386506;1912;подтверждено;16
17;weekday;16;1;18;Улица Менжинского, 38;0.024074430991887583;1374;подтверждено;16
17;weekday;16;1;19;Сухонская улица;0.022900495856184186;1307;подтверждено;16
17;weekday;16;1;20;Проезд Шокальского;0.012755593713314526;728;подтверждено;16
17;weekday;16;1;21;МФЦ «Южное Медведково»;0.012247472535174251;699;подтверждено;16
17;weekday;16;1;22;Культурно-досуговый центр;0.011791915616841588;673;подтверждено;16
17;weekday;16;1;23;Улица Молодцова;0.011459008638060028;654;подтверждено;16
17;weekday;16;1;24;Поликлиника;0.013526536190492877;772;подтверждено;16
17;weekday;16;1;25;Улица Тихомирова;0.013438929090813519;767;подтверждено;16
17;weekday;17;0;1;Медведково;0.05699650138025716;3861;подтверждено;17
17;weekday;17;0;2;Улица Тихомирова;0.019205503314093385;1301;подтверждено;17
17;weekday;17;0;3;Поликлиника;0.01774405456075346;1202;подтверждено;17
17;weekday;17;0;4;Улица Молодцова;0.025818927975672045;1749;подтверждено;17
17;weekday;17;0;5;Культурно-досуговый центр;0.024741294046441594;1676;подтверждено;17
17;weekday;17;0;6;МФЦ Южное Медведково;0.03330331704580682;2256;подтверждено;17
17;weekday;17;0;7;Проезд Шокальского;0.014880205488551984;1008;подтверждено;17
17;weekday;17;0;8;Сухонская улица;0.01124872676813156;762;подтверждено;17
17;weekday;17;0;9;Улица Менжинского, 38;0.021626489127707;1465;подтверждено;17
17;weekday;17;0;10;Метро «Бабушкинская»;0.022910792577611788;1552;подтверждено;17
17;weekday;17;0;11;Печорская улица;0.018098345167623743;1226;подтверждено;17
17;weekday;17;0;12;Радужная улица;0.009344414756203775;633;подтверждено;17
17;weekday;17;0;13;Верхоянская улица;0.009078696801051063;615;подтверждено;17
17;weekday;17;0;14;Берингов проезд;0.01189825954739375;806;подтверждено;17
17;weekday;17;0;15;Социальный фонд России;0.015411641398857413;1044;подтверждено;17
17;weekday;17;0;16;Северянинский путепровод;0.013064466128341772;885;подтверждено;17
17;weekday;17;0;17;МЦК Ростокино;0.01529354452990065;1036;подтверждено;17
17;weekday;17;0;18;Улица Докукина;0.01868882951240755;1266;подтверждено;17
17;weekday;17;0;19;Сельскохозяйственная улица;0.01681404171771896;1139;подтверждено;17
17;weekday;17;0;20;Улица Сергея Эйзенштейна;0.011942545873252535;809;подтверждено;17
17;weekday;17;0;21;ВДНХ (северная);0.008266780826973325;560;подтверждено;17
17;weekday;17;0;22;Метро «ВДНХ»;0.008119159740777373;550;подтверждено;17
17;weekday;17;0;23;ВДНХ (южная);0.005240548559956304;355;подтверждено;17
17;weekday;17;0;24;Улица Цандера;0.002583369008429164;175;подтверждено;17
17;weekday;17;0;25;Аргуновская улица;0.007779631242526682;527;подтверждено;17
17;weekday;17;1;1;Останкино;0.05366026483222863;3635;подтверждено;17
17;weekday;17;1;2;Аргуновская улица;0.01118967833365318;758;подтверждено;17
17;weekday;17;1;3;Улица Цандера;0.018290252579678482;1239;подтверждено;17
17;weekday;17;1;4;ВДНХ (южная);0.016666420631523005;1129;подтверждено;17
17;weekday;17;1;5;Метро «ВДНХ»;0.021154101651879954;1433;подтверждено;17
17;weekday;17;1;6;ВДНХ (северная);0.027177041968674806;1841;подтверждено;17
17;weekday;17;1;7;Улица Сергея Эйзенштейна;0.01554450037643377;1053;подтверждено;17
17;weekday;17;1;8;Сельскохозяйственная улица;0.02308793788104693;1564;подтверждено;17
17;weekday;17;1;9;Улица Докукина;0.026867037687663305;1820;подтверждено;17
17;weekday;17;1;10;МЦК Ростокино;0.02543511315156257;1723;подтверждено;17
17;weekday;17;1;11;Северянинский путепровод;0.03197472727004325;2166;подтверждено;17
17;weekday;17;1;12;Социальный фонд России;0.021774110213902954;1475;подтверждено;17
17;weekday;17;1;13;Берингов проезд;0.013418756735212058;909;подтверждено;17
17;weekday;17;1;14;Верхоянская улица;0.014156862166191818;959;подтверждено;17
17;weekday;17;1;15;Радужная улица;0.020814573153629265;1410;подтверждено;17
17;weekday;17;1;16;Печорская улица;0.03162043666317297;2142;подтверждено;17
17;weekday;17;1;17;Метро «Бабушкинская»;0.04871495844466424;3300;подтверждено;17
17;weekday;17;1;18;Улица Менжинского, 38;0.038115764455794864;2582;подтверждено;17
17;weekday;17;1;19;Сухонская улица;0.036447646181780605;2469;подтверждено;17
17;weekday;17;1;20;Проезд Шокальского;0.020342185677802216;1378;подтверждено;17
17;weekday;17;1;21;МФЦ «Южное Медведково»;0.012163977502546464;824;подтверждено;17
17;weekday;17;1;22;Культурно-досуговый центр;0.013950192645517485;945;подтверждено;17
17;weekday;17;1;23;Улица Молодцова;0.012060642742209297;817;подтверждено;17
17;weekday;17;1;24;Поликлиника;0.014850681271312794;1006;подтверждено;17
17;weekday;17;1;25;Улица Тихомирова;0.010422048685434228;706;подтверждено;17
17;weekday;18;0;1;Медведково;0.0524755751881322;3647;подтверждено;18
17;weekday;18;0;2;Улица Тихомирова;0.022259313083641492;1547;подтверждено;18
17;weekday;18;0;3;Поликлиника;0.019252075569432654;1338;подтверждено;18
17;weekday;18;0;4;Улица Молодцова;0.02087799824457906;1451;подтверждено;18
17;weekday;18;0;5;Культурно-досуговый центр;0.023252133124217613;1616;подтверждено;18
17;weekday;18;0;6;МФЦ Южное Медведково;0.027856515921092388;1936;подтверждено;18
17;weekday;18;0;7;Проезд Шокальского;0.014489417113915309;1007;подтверждено;18
17;weekday;18;0;8;Сухонская улица;0.012503777032763062;869;подтверждено;18
17;weekday;18;0;9;Улица Менжинского, 38;0.017266435488280406;1200;подтверждено;18
17;weekday;18;0;10;Метро «Бабушкинская»;0.021208938258104434;1474;подтверждено;18
17;weekday;18;0;11;Печорская улица;0.016518223283788255;1148;подтверждено;18
17;weekday;18;0;12;Радужная улица;0.013957035353026663;970;подтверждено;18
17;weekday;18;0;13;Верхоянская улица;0.008633217744140203;600;подтверждено;18
17;weekday;18;0;14;Берингов проезд;0.01320882314853451;918;подтверждено;18
17;weekday;18;0;15;Социальный фонд России;0.021885206981395417;1521;подтверждено;18
17;weekday;18;0;16;Северянинский путепровод;0.01500741017856372;1043;подтверждено;18
17;weekday;18;0;17;МЦК Ростокино;0.016633332853710124;1156;подтверждено;18
17;weekday;18;0;18;Улица Докукина;0.021453546094188404;1491;подтверждено;18
17;weekday;18;0;19;Сельскохозяйственная улица;0.01916574339199125;1332;подтверждено;18
17;weekday;18;0;20;Улица Сергея Эйзенштейна;0.010546914344091282;733;подтверждено;18
17;weekday;18;0;21;ВДНХ (северная);0.008518108174218334;592;подтверждено;18
17;weekday;18;0;22;Метро «ВДНХ»;0.008158390768212492;567;подтверждено;18
17;weekday;18;0;23;ВДНХ (южная);0.00520870803896459;362;подтверждено;18
17;weekday;18;0;24;Улица Цандера;0.0034101210089353805;237;подтверждено;18
17;weekday;18;0;25;Аргуновская улица;0.008992935150146045;625;подтверждено;18
17;weekday;18;1;1;Останкино;0.059482870257126;4134;подтверждено;18
17;weekday;18;1;2;Аргуновская улица;0.012316723981640024;856;подтверждено;18
17;weekday;18;1;3;Улица Цандера;0.016935495474755032;1177;подтверждено;18
17;weekday;18;1;4;ВДНХ (южная);0.02310824616181528;1606;подтверждено;18
17;weekday;18;1;5;Метро «ВДНХ»;0.02202909394379775;1531;подтверждено;18
17;weekday;18;1;6;ВДНХ (северная);0.030302594281932115;2106;подтверждено;18
17;weekday;18;1;7;Улица Сергея Эйзенштейна;0.013899480568065727;966;подтверждено;18
17;weekday;18;1;8;Сельскохозяйственная улица;0.020316839091209946;1412;подтверждено;18
17;weekday;18;1;9;Улица Докукина;0.028417675074461503;1975;подтверждено;18
17;weekday;18;1;10;МЦК Ростокино;0.027050748931639303;1880;подтверждено;18
17;weekday;18;1;11;Северянинский путепровод;0.029396106418797394;2043;подтверждено;18
17;weekday;18;1;12;Социальный фонд России;0.01762615289428625;1225;подтверждено;18
17;weekday;18;1;13;Берингов проезд;0.012791550957567734;889;подтверждено;18
17;weekday;18;1;14;Верхоянская улица;0.012100893538036518;841;подтверждено;18
17;weekday;18;1;15;Радужная улица;0.01951107210175686;1356;подтверждено;18
17;weekday;18;1;16;Печорская улица;0.026302536727147153;1828;подтверждено;18
17;weekday;18;1;17;Метро «Бабушкинская»;0.05456193614296609;3792;подтверждено;18
17;weekday;18;1;18;Улица Менжинского, 38;0.037669606756931755;2618;подтверждено;18
17;weekday;18;1;19;Сухонская улица;0.037827882415574325;2629;подтверждено;18
17;weekday;18;1;20;Проезд Шокальского;0.016547000676268724;1150;подтверждено;18
17;weekday;18;1;21;МФЦ «Южное Медведково»;0.014604526683837177;1015;подтверждено;18
17;weekday;18;1;22;Культурно-досуговый центр;0.013899480568065727;966;подтверждено;18
17;weekday;18;1;23;Улица Молодцова;0.009021712542626513;627;подтверждено;18
17;weekday;18;1;24;Поликлиника;0.011496568295946705;799;подтверждено;18
17;weekday;18;1;25;Улица Тихомирова;0.010043309975683104;698;подтверждено;18
17;weekday;19;0;1;Медведково;0.05332493037061132;2623;подтверждено;19
17;weekday;19;0;2;Улица Тихомирова;0.012909390310841855;635;подтверждено;19
17;weekday;19;0;3;Поликлиника;0.015308300636321128;753;подтверждено;19
17;weekday;19;0;4;Улица Молодцова;0.02325723230803635;1144;подтверждено;19
17;weekday;19;0;5;Культурно-досуговый центр;0.01890666612454004;930;подтверждено;19
17;weekday;19;0;6;МФЦ Южное Медведково;0.028319339689768037;1393;подтверждено;19
17;weekday;19;0;7;Проезд Шокальского;0.014739067677732826;725;подтверждено;19
17;weekday;19;0;8;Сухонская улица;0.01020553375754742;502;подтверждено;19
17;weekday;19;0;9;Улица Менжинского, 38;0.01870336863932993;920;подтверждено;19
17;weekday;19;0;10;Метро «Бабушкинская»;0.025351196405700462;1247;подтверждено;19
17;weekday;19;0;11;Печорская улица;0.021569863180792452;1061;подтверждено;19
17;weekday;19;0;12;Радужная улица;0.015592917115615279;767;подтверждено;19
17;weekday;19;0;13;Верхоянская улица;0.010408831242757528;512;подтверждено;19
17;weekday;19;0;14;Берингов проезд;0.01683303177539694;828;подтверждено;19
17;weekday;19;0;15;Социальный фонд России;0.017300615991380188;851;подтверждено;19
17;weekday;19;0;16;Северянинский путепровод;0.010530809733883591;518;подтверждено;19
17;weekday;19;0;17;МЦК Ростокино;0.01654841529610279;814;подтверждено;19
17;weekday;19;0;18;Улица Докукина;0.026753949053650205;1316;подтверждено;19
17;weekday;19;0;19;Сельскохозяйственная улица;0.020817662485515056;1024;подтверждено;19
17;weekday;19;0;20;Улица Сергея Эйзенштейна;0.011872573136270305;584;подтверждено;19
17;weekday;19;0;21;ВДНХ (северная);0.008050580414320274;396;подтверждено;19
17;weekday;19;0;22;Метро «ВДНХ»;0.009514322307833053;468;подтверждено;19
17;weekday;19;0;23;ВДНХ (южная);0.005651670088841001;278;подтверждено;19
17;weekday;19;0;24;Улица Цандера;0.004797820650958548;236;подтверждено;19
17;weekday;19;0;25;Аргуновская улица;0.011222021183597958;552;подтверждено;19
17;weekday;19;1;1;Останкино;0.038036959482811196;1871;подтверждено;19
17;weekday;19;1;2;Аргуновская улица;0.009372014068185977;461;подтверждено;19
17;weekday;19;1;3;Улица Цандера;0.01634511781089268;804;подтверждено;19
17;weekday;19;1;4;ВДНХ (южная);0.022057777145296713;1085;подтверждено;19
17;weekday;19;1;5;Метро «ВДНХ»;0.021264916952977293;1046;подтверждено;19
17;weekday;19;1;6;ВДНХ (северная);0.02809571245603692;1382;подтверждено;19
17;weekday;19;1;7;Улица Сергея Эйзенштейна;0.015613246864136291;768;подтверждено;19
17;weekday;19;1;8;Сельскохозяйственная улица;0.01992315355059058;980;подтверждено;19
17;weekday;19;1;9;Улица Докукина;0.022057777145296713;1085;подтверждено;19
17;weekday;19;1;10;МЦК Ростокино;0.02232206387606985;1098;подтверждено;19
17;weekday;19;1;11;Северянинский путепровод;0.026713289556608184;1314;подтверждено;19
17;weekday;19;1;12;Социальный фонд России;0.017239626745817156;848;подтверждено;19
17;weekday;19;1;13;Берингов проезд;0.010591798979446624;521;подтверждено;19
17;weekday;19;1;14;Верхоянская улица;0.012563784585984672;618;подтверждено;19
17;weekday;19;1;15;Радужная улица;0.028258350444205004;1390;подтверждено;19
17;weekday;19;1;16;Печорская улица;0.0340929882697351;1677;подтверждено;19
17;weekday;19;1;17;Метро «Бабушкинская»;0.04679908109536685;2302;подтверждено;19
17;weekday;19;1;18;Улица Менжинского, 38;0.03508914594726463;1726;подтверждено;19
17;weekday;19;1;19;Сухонская улица;0.04098477301835776;2016;подтверждено;19
17;weekday;19;1;20;Проезд Шокальского;0.024416027973733965;1201;подтверждено;19
17;weekday;19;1;21;МФЦ «Южное Медведково»;0.017280286242859176;850;подтверждено;19
17;weekday;19;1;22;Культурно-досуговый центр;0.016853361523917948;829;подтверждено;19
17;weekday;19;1;23;Улица Молодцова;0.01179125414218626;580;подтверждено;19
17;weekday;19;1;24;Поликлиника;0.01870336863932993;920;подтверждено;19
17;weekday;19;1;25;Улица Тихомирова;0.01504401390554799;740;подтверждено;19
17;weekday;20;0;1;Медведково;0.04855571235204331;1686;подтверждено;20
17;weekday;20;0;2;Улица Тихомирова;0.012585318088874808;437;подтверждено;20
17;weekday;20;0;3;Поликлиника;0.013794890994441724;479;подтверждено;20
17;weekday;20;0;4;Улица Молодцова;0.01592604325663105;553;подтверждено;20
17;weekday;20;0;5;Культурно-досуговый центр;0.015609250352792097;542;подтверждено;20
17;weekday;20;0;6;МФЦ Южное Медведково;0.020274745845693058;704;подтверждено;20
17;weekday;20;0;7;Проезд Шокальского;0.012527719379085908;435;подтверждено;20
17;weekday;20;0;8;Сухонская улица;0.00791982259597385;275;подтверждено;20
17;weekday;20;0;9;Улица Менжинского, 38;0.01563804970768655;543;подтверждено;20
17;weekday;20;0;10;Метро «Бабушкинская»;0.02306828327045474;801;подтверждено;20
17;weekday;20;0;11;Печорская улица;0.018834778100970537;654;подтверждено;20
17;weekday;20;0;12;Радужная улица;0.011577340667569047;402;подтверждено;20
17;weekday;20;0;13;Верхоянская улица;0.010857356795207787;377;подтверждено;20
17;weekday;20;0;14;Берингов проезд;0.01491806583532529;518;подтверждено;20
17;weekday;20;0;15;Социальный фонд России;0.015666849062581;544;подтверждено;20
17;weekday;20;0;16;Северянинский путепровод;0.012383722604613656;430;подтверждено;20
17;weekday;20;0;17;МЦК Ростокино;0.015292457448953143;531;подтверждено;20
17;weekday;20;0;18;Улица Докукина;0.026668202632261037;926;подтверждено;20
17;weekday;20;0;19;Сельскохозяйственная улица;0.01820119229329263;632;подтверждено;20
17;weekday;20;0;20;Улица Сергея Эйзенштейна;0.012844512282924863;446;подтверждено;20
17;weekday;20;0;21;ВДНХ (северная);0.011721337442041298;407;подтверждено;20
17;weekday;20;0;22;Метро «ВДНХ»;0.008582207758546208;298;подтверждено;20
17;weekday;20;0;23;ВДНХ (южная);0.007286236788295942;253;подтверждено;20
17;weekday;20;0;24;Улица Цандера;0.004492699363534257;156;подтверждено;20
17;weekday;20;0;25;Аргуновская улица;0.014774069060853037;513;подтверждено;20
17;weekday;20;1;1;Останкино;0.03205368199752325;1113;подтверждено;20
17;weekday;20;1;2;Аргуновская улица;0.007775825821501599;270;подтверждено;20
17;weekday;20;1;3;Улица Цандера;0.021829911009993375;758;подтверждено;20
17;weekday;20;1;4;ВДНХ (южная);0.016962820032831265;589;подтверждено;20
17;weekday;20;1;5;Метро «ВДНХ»;0.018402787777553782;639;подтверждено;20
17;weekday;20;1;6;ВДНХ (северная);0.026409008438210983;917;подтверждено;20
17;weekday;20;1;7;Улица Сергея Эйзенштейна;0.015378855513636495;534;подтверждено;20
17;weekday;20;1;8;Сельскохозяйственная улица;0.02920254586297267;1014;подтверждено;20
17;weekday;20;1;9;Улица Докукина;0.02119632520231547;736;подтверждено;20
17;weekday;20;1;10;МЦК Ростокино;0.02522823488753852;876;подтверждено;20
17;weekday;20;1;11;Северянинский путепровод;0.03392564006566253;1178;подтверждено;20
17;weekday;20;1;12;Социальный фонд России;0.025890620050110877;899;подтверждено;20
17;weekday;20;1;13;Берингов проезд;0.013679693574863924;475;подтверждено;20
17;weekday;20;1;14;Верхоянская улица;0.01264291679866371;439;подтверждено;20
17;weekday;20;1;15;Радужная улица;0.018805978746076087;653;подтверждено;20
17;weekday;20;1;16;Печорская улица;0.026265011663738732;912;подтверждено;20
17;weekday;20;1;17;Метро «Бабушкинская»;0.03314805748351237;1151;подтверждено;20
17;weekday;20;1;18;Улица Менжинского, 38;0.036661578780635314;1273;подтверждено;20
17;weekday;20;1;19;Сухонская улица;0.054517178815194536;1893;подтверждено;20
17;weekday;20;1;20;Проезд Шокальского;0.04270944330846989;1483;подтверждено;20
17;weekday;20;1;21;МФЦ «Южное Медведково»;0.020217147135904157;702;подтверждено;20
17;weekday;20;1;22;Культурно-досуговый центр;0.019093972295020592;663;подтверждено;20
17;weekday;20;1;23;Улица Молодцова;0.015609250352792097;542;подтверждено;20
17;weekday;20;1;24;Поликлиника;0.021023529072948764;730;подтверждено;20
17;weekday;20;1;25;Улица Тихомирова;0.02136912133168217;742;подтверждено;20
17;weekday;21;0;1;Медведково;0.05697151424287856;1254;подтверждено;21
17;weekday;21;0;2;Улица Тихомирова;0.012130298487120076;267;подтверждено;21
17;weekday;21;0;3;Поликлиника;0.015946572168461223;351;подтверждено;21
17;weekday;21;0;4;Улица Молодцова;0.011948571168960974;263;подтверждено;21
17;weekday;21;0;5;Культурно-досуговый центр;0.015628549361682793;344;подтверждено;21
17;weekday;21;0;6;МФЦ Южное Медведково;0.026350461133069828;580;подтверждено;21
17;weekday;21;0;7;Проезд Шокальского;0.018490754622688656;407;подтверждено;21
17;weekday;21;0;8;Сухонская улица;0.007223660896824315;159;подтверждено;21
17;weekday;21;0;9;Улица Менжинского, 38;0.013447821543773568;296;подтверждено;21
17;weekday;21;0;10;Метро «Бабушкинская»;0.018581618281768207;409;подтверждено;21
17;weekday;21;0;11;Печорская улица;0.014311026305029303;315;подтверждено;21
17;weekday;21;0;12;Радужная улица;0.015037935577665713;331;подтверждено;21
17;weekday;21;0;13;Верхоянская улица;0.010676479941847259;235;подтверждено;21
17;weekday;21;0;14;Берингов проезд;0.01117623006678479;246;подтверждено;21
17;weekday;21;0;15;Социальный фонд России;0.013493253373313344;297;подтверждено;21
17;weekday;21;0;16;Северянинский путепровод;0.010631048112307483;234;подтверждено;21
17;weekday;21;0;17;МЦК Ростокино;0.01631002680477943;359;подтверждено;21
17;weekday;21;0;18;Улица Докукина;0.03711780473399664;817;подтверждено;21
17;weekday;21;0;19;Сельскохозяйственная улица;0.013447821543773568;296;подтверждено;21
17;weekday;21;0;20;Улица Сергея Эйзенштейна;0.011494252873563218;253;подтверждено;21
17;weekday;21;0;21;ВДНХ (северная);0.012266593975739403;270;подтверждено;21
17;weekday;21;0;22;Метро «ВДНХ»;0.013266094225614465;292;подтверждено;21
17;weekday;21;0;23;ВДНХ (южная);0.008132297487619827;179;подтверждено;21
17;weekday;21;0;24;Улица Цандера;0.00604243332879015;133;подтверждено;21
17;weekday;21;0;25;Аргуновская улица;0.0202625959747399;446;подтверждено;21
17;weekday;21;1;1;Останкино;0.029303530053155242;645;подтверждено;21
17;weekday;21;1;2;Аргуновская улица;0.007359956385443642;162;подтверждено;21
17;weekday;21;1;3;Улица Цандера;0.016173731316160102;356;подтверждено;21
17;weekday;21;1;4;ВДНХ (южная);0.011039934578165463;243;подтверждено;21
17;weekday;21;1;5;Метро «ВДНХ»;0.015219662895824815;335;подтверждено;21
17;weekday;21;1;6;ВДНХ (северная);0.026804779428467585;590;подтверждено;21
17;weekday;21;1;7;Улица Сергея Эйзенштейна;0.011039934578165463;243;подтверждено;21
17;weekday;21;1;8;Сельскохозяйственная улица;0.02148925537231384;473;подтверждено;21
17;weekday;21;1;9;Улица Докукина;0.023306528553904866;513;подтверждено;21
17;weekday;21;1;10;МЦК Ростокино;0.02203443732679115;485;подтверждено;21
17;weekday;21;1;11;Северянинский путепровод;0.033074371904956615;728;подтверждено;21
17;weekday;21;1;12;Социальный фонд России;0.03071191676888828;676;подтверждено;21
17;weekday;21;1;13;Берингов проезд;0.01576484485030212;347;подтверждено;21
17;weekday;21;1;14;Верхоянская улица;0.01721866339557494;379;подтверждено;21
17;weekday;21;1;15;Радужная улица;0.016037435827540775;353;подтверждено;21
17;weekday;21;1;16;Печорская улица;0.03043932579164963;670;подтверждено;21
17;weekday;21;1;17;Метро «Бабушкинская»;0.0258507110081323;569;подтверждено;21
17;weekday;21;1;18;Улица Менжинского, 38;0.03407387215483167;750;подтверждено;21
17;weekday;21;1;19;Сухонская улица;0.0557902866748444;1228;подтверждено;21
17;weekday;21;1;20;Проезд Шокальского;0.05279178592521921;1162;подтверждено;21
17;weekday;21;1;21;МФЦ «Южное Медведково»;0.015855708509381672;349;подтверждено;21
17;weekday;21;1;22;Культурно-досуговый центр;0.014629049111807733;322;подтверждено;21
17;weekday;21;1;23;Улица Молодцова;0.011766843850801872;259;подтверждено;21
17;weekday;21;1;24;Поликлиника;0.023351960383444642;514;подтверждено;21
17;weekday;21;1;25;Улица Тихомирова;0.02848575712143928;627;подтверждено;21
17;weekday;22;0;1;Медведково;0.03403193612774451;341;подтверждено;22
17;weekday;22;0;2;Улица Тихомирова;0.010578842315369262;106;подтверждено;22
17;weekday;22;0;3;Поликлиника;0.01157684630738523;116;подтверждено;22
17;weekday;22;0;4;Улица Молодцова;0.01437125748502994;144;подтверждено;22
17;weekday;22;0;5;Культурно-досуговый центр;0.011976047904191617;120;подтверждено;22
17;weekday;22;0;6;МФЦ Южное Медведково;0.026047904191616768;261;подтверждено;22
17;weekday;22;0;7;Проезд Шокальского;0.010878243512974051;109;подтверждено;22
17;weekday;22;0;8;Сухонская улица;0.012075848303393213;121;подтверждено;22
17;weekday;22;0;9;Улица Менжинского, 38;0.01157684630738523;116;подтверждено;22
17;weekday;22;0;10;Метро «Бабушкинская»;0.019261477045908183;193;подтверждено;22
17;weekday;22;0;11;Печорская улица;0.016367265469061875;164;подтверждено;22
17;weekday;22;0;12;Радужная улица;0.013872255489021957;139;подтверждено;22
17;weekday;22;0;13;Верхоянская улица;0.012874251497005988;129;подтверждено;22
17;weekday;22;0;14;Берингов проезд;0.015169660678642715;152;подтверждено;22
17;weekday;22;0;15;Социальный фонд России;0.012175648702594811;122;подтверждено;22
17;weekday;22;0;16;Северянинский путепровод;0.0074850299401197605;75;подтверждено;22
17;weekday;22;0;17;МЦК Ростокино;0.02155688622754491;216;подтверждено;22
17;weekday;22;0;18;Улица Докукина;0.03173652694610778;318;подтверждено;22
17;weekday;22;0;19;Сельскохозяйственная улица;0.02784431137724551;279;подтверждено;22
17;weekday;22;0;20;Улица Сергея Эйзенштейна;0.013073852295409182;131;подтверждено;22
17;weekday;22;0;21;ВДНХ (северная);0.012974051896207584;130;подтверждено;22
17;weekday;22;0;22;Метро «ВДНХ»;0.011177644710578843;112;подтверждено;22
17;weekday;22;0;23;ВДНХ (южная);0.01187624750499002;119;подтверждено;22
17;weekday;22;0;24;Улица Цандера;0.012275449101796407;123;подтверждено;22
17;weekday;22;0;25;Аргуновская улица;0.03473053892215569;348;подтверждено;22
17;weekday;22;1;1;Останкино;0.05039920159680639;505;подтверждено;22
17;weekday;22;1;2;Аргуновская улица;0.012674650698602795;127;подтверждено;22
17;weekday;22;1;3;Улица Цандера;0.014471057884231538;145;подтверждено;22
17;weekday;22;1;4;ВДНХ (южная);0.014570858283433134;146;подтверждено;22
17;weekday;22;1;5;Метро «ВДНХ»;0.02245508982035928;225;подтверждено;22
17;weekday;22;1;6;ВДНХ (северная);0.02594810379241517;260;подтверждено;22
17;weekday;22;1;7;Улица Сергея Эйзенштейна;0.015469061876247504;155;подтверждено;22
17;weekday;22;1;8;Сельскохозяйственная улица;0.017964071856287425;180;подтверждено;22
17;weekday;22;1;9;Улица Докукина;0.02125748502994012;213;подтверждено;22
17;weekday;22;1;10;МЦК Ростокино;0.028842315369261476;289;подтверждено;22
17;weekday;22;1;11;Северянинский путепровод;0.038622754491017965;387;подтверждено;22
17;weekday;22;1;12;Социальный фонд России;0.026047904191616768;261;подтверждено;22
17;weekday;22;1;13;Берингов проезд;0.017764471057884233;178;подтверждено;22
17;weekday;22;1;14;Верхоянская улица;0.015169660678642715;152;подтверждено;22
17;weekday;22;1;15;Радужная улица;0.01656686626746507;166;подтверждено;22
17;weekday;22;1;16;Печорская улица;0.016167664670658683;162;подтверждено;22
17;weekday;22;1;17;Метро «Бабушкинская»;0.02155688622754491;216;подтверждено;22
17;weekday;22;1;18;Улица Менжинского, 38;0.02534930139720559;254;подтверждено;22
17;weekday;22;1;19;Сухонская улица;0.04261477045908184;427;подтверждено;22
17;weekday;22;1;20;Проезд Шокальского;0.04121756487025948;413;подтверждено;22
17;weekday;22;1;21;МФЦ «Южное Медведково»;0.02125748502994012;213;подтверждено;22
17;weekday;22;1;22;Культурно-досуговый центр;0.013273453093812376;133;подтверждено;22
17;weekday;22;1;23;Улица Молодцова;0.011277445109780439;113;подтверждено;22
17;weekday;22;1;24;Поликлиника;0.020159680638722553;202;подтверждено;22
17;weekday;22;1;25;Улица Тихомирова;0.0313373253493014;314;подтверждено;22
17;weekday;23;0;1;Медведково;0.051094890510948905;294;подтверждено;23
17;weekday;23;0;2;Улица Тихомирова;0.011122697254084116;64;подтверждено;23
17;weekday;23;0;3;Поликлиника;0.014772332290580465;85;подтверждено;23
17;weekday;23;0;4;Улица Молодцова;0.012339242266249566;71;подтверждено;23
17;weekday;23;0;5;Культурно-досуговый центр;0.011470281543274244;66;подтверждено;23
17;weekday;23;0;6;МФЦ Южное Медведково;0.011991657977059436;69;подтверждено;23
17;weekday;23;0;7;Проезд Шокальского;0.007820646506777894;45;подтверждено;23
17;weekday;23;0;8;Сухонская улица;0.006256517205422315;36;подтверждено;23
17;weekday;23;0;9;Улица Менжинского, 38;0.011644073687869308;67;подтверждено;23
17;weekday;23;0;10;Метро «Бабушкинская»;0.010601320820298922;61;подтверждено;23
17;weekday;23;0;11;Печорская улица;0.008168230795968023;47;подтверждено;23
17;weekday;23;0;12;Радужная улица;0.009210983663538407;53;подтверждено;23
17;weekday;23;0;13;Верхоянская улица;0.01251303441084463;72;подтверждено;23
17;weekday;23;0;14;Берингов проезд;0.01007994438651373;58;подтверждено;23
17;weekday;23;0;15;Социальный фонд России;0.011470281543274244;66;подтверждено;23
17;weekday;23;0;16;Северянинский путепровод;0.005387556482446994;31;подтверждено;23
17;weekday;23;0;17;МЦК Ростокино;0.014424748001390337;83;подтверждено;23
17;weekday;23;0;18;Улица Докукина;0.020507473062217587;118;подтверждено;23
17;weekday;23;0;19;Сельскохозяйственная улица;0.015293708724365659;88;подтверждено;23
17;weekday;23;0;20;Улица Сергея Эйзенштейна;0.014250955856795273;82;подтверждено;23
17;weekday;23;0;21;ВДНХ (северная);0.01007994438651373;58;подтверждено;23
17;weekday;23;0;22;Метро «ВДНХ»;0.009210983663538407;53;подтверждено;23
17;weekday;23;0;23;ВДНХ (южная);0.011122697254084116;64;подтверждено;23
17;weekday;23;0;24;Улица Цандера;0.007820646506777894;45;подтверждено;23
17;weekday;23;0;25;Аргуновская улица;0.03788668752172402;218;подтверждено;23
17;weekday;23;1;1;Останкино;0.041883906847410494;241;подтверждено;23
17;weekday;23;1;2;Аргуновская улица;0.012686826555439694;73;подтверждено;23
17;weekday;23;1;3;Улица Цандера;0.014250955856795273;82;подтверждено;23
17;weekday;23;1;4;ВДНХ (южная);0.012860618700034758;74;подтверждено;23
17;weekday;23;1;5;Метро «ВДНХ»;0.02068126520681265;119;подтверждено;23
17;weekday;23;1;6;ВДНХ (северная);0.024678484532499132;142;подтверждено;23
17;weekday;23;1;7;Улица Сергея Эйзенштейна;0.014250955856795273;82;подтверждено;23
17;weekday;23;1;8;Сельскохозяйственная улица;0.022419186652763295;129;подтверждено;23
17;weekday;23;1;9;Улица Докукина;0.024504692387904068;141;подтверждено;23
17;weekday;23;1;10;МЦК Ростокино;0.018769551616266946;108;подтверждено;23
17;weekday;23;1;11;Северянинский путепровод;0.022419186652763295;129;подтверждено;23
17;weekday;23;1;12;Социальный фонд России;0.017205422314911366;99;подтверждено;23
17;weekday;23;1;13;Берингов проезд;0.011644073687869308;67;подтверждено;23
17;weekday;23;1;14;Верхоянская улица;0.0076468543621828295;44;подтверждено;23
17;weekday;23;1;15;Радужная улица;0.014772332290580465;85;подтверждено;23
17;weekday;23;1;16;Печорская улица;0.020333680917622523;117;подтверждено;23
17;weekday;23;1;17;Метро «Бабушкинская»;0.02954466458116093;170;подтверждено;23
17;weekday;23;1;18;Улица Менжинского, 38;0.016336461591936045;94;подтверждено;23
17;weekday;23;1;19;Сухонская улица;0.043274244004171014;249;подтверждено;23
17;weekday;23;1;20;Проезд Шокальского;0.09124087591240876;525;подтверждено;23
17;weekday;23;1;21;МФЦ «Южное Медведково»;0.02137643378519291;123;подтверждено;23
17;weekday;23;1;22;Культурно-досуговый центр;0.014772332290580465;85;подтверждено;23
17;weekday;23;1;23;Улица Молодцова;0.015467500868960723;89;подтверждено;23
17;weekday;23;1;24;Поликлиника;0.04466458116093153;257;подтверждено;23
17;weekday;23;1;25;Улица Тихомирова;0.07577337504344804;436;подтверждено;23
17;weekend;0;0;1;Медведково;0.03503184713375796;22;подтверждено;0
17;weekend;0;0;2;Улица Тихомирова;0.009554140127388535;6;подтверждено;0
17;weekend;0;0;3;Поликлиника;0.011146496815286623;7;подтверждено;0
17;weekend;0;0;4;Улица Молодцова;0.006369426751592357;4;подтверждено;0
17;weekend;0;0;5;Культурно-досуговый центр;0.0031847133757961785;2;подтверждено;0
17;weekend;0;0;6;МФЦ Южное Медведково;0.01910828025477707;12;подтверждено;0
17;weekend;0;0;7;Проезд Шокальского;0.014331210191082803;9;подтверждено;0
17;weekend;0;0;8;Сухонская улица;0.006369426751592357;4;подтверждено;0
17;weekend;0;0;9;Улица Менжинского, 38;0.014331210191082803;9;подтверждено;0
17;weekend;0;0;10;Метро «Бабушкинская»;0.009554140127388535;6;подтверждено;0
17;weekend;0;0;11;Печорская улица;0.01751592356687898;11;подтверждено;0
17;weekend;0;0;12;Радужная улица;0.007961783439490446;5;подтверждено;0
17;weekend;0;0;13;Верхоянская улица;0.006369426751592357;4;подтверждено;0
17;weekend;0;0;14;Берингов проезд;0.01910828025477707;12;подтверждено;0
17;weekend;0;0;15;Социальный фонд России;0.01592356687898089;10;подтверждено;0
17;weekend;0;0;16;Северянинский путепровод;0.0031847133757961785;2;подтверждено;0
17;weekend;0;0;17;МЦК Ростокино;0.030254777070063694;19;подтверждено;0
17;weekend;0;0;18;Улица Докукина;0.01592356687898089;10;подтверждено;0
17;weekend;0;0;19;Сельскохозяйственная улица;0.022292993630573247;14;подтверждено;0
17;weekend;0;0;20;Улица Сергея Эйзенштейна;0.01910828025477707;12;подтверждено;0
17;weekend;0;0;21;ВДНХ (северная);0.028662420382165606;18;подтверждено;0
17;weekend;0;0;22;Метро «ВДНХ»;0.025477707006369428;16;подтверждено;0
17;weekend;0;0;23;ВДНХ (южная);0.004777070063694267;3;подтверждено;0
17;weekend;0;0;24;Улица Цандера;0.03662420382165605;23;подтверждено;0
17;weekend;0;0;25;Аргуновская улица;0.03821656050955414;24;подтверждено;0
17;weekend;0;1;1;Останкино;0.07643312101910828;48;подтверждено;0
17;weekend;0;1;2;Аргуновская улица;0.02388535031847134;15;подтверждено;0
17;weekend;0;1;3;Улица Цандера;0.01592356687898089;10;подтверждено;0
17;weekend;0;1;4;ВДНХ (южная);0.014331210191082803;9;подтверждено;0
17;weekend;0;1;5;Метро «ВДНХ»;0.020700636942675158;13;подтверждено;0
17;weekend;0;1;6;ВДНХ (северная);0.011146496815286623;7;подтверждено;0
17;weekend;0;1;7;Улица Сергея Эйзенштейна;0.007961783439490446;5;подтверждено;0
17;weekend;0;1;8;Сельскохозяйственная улица;0.011146496815286623;7;подтверждено;0
17;weekend;0;1;9;Улица Докукина;0.014331210191082803;9;подтверждено;0
17;weekend;0;1;10;МЦК Ростокино;0.022292993630573247;14;подтверждено;0
17;weekend;0;1;11;Северянинский путепровод;0.03343949044585987;21;подтверждено;0
17;weekend;0;1;12;Социальный фонд России;0.009554140127388535;6;подтверждено;0
17;weekend;0;1;13;Берингов проезд;0.01592356687898089;10;подтверждено;0
17;weekend;0;1;14;Верхоянская улица;0.028662420382165606;18;подтверждено;0
17;weekend;0;1;15;Радужная улица;0.01592356687898089;10;подтверждено;0
17;weekend;0;1;16;Печорская улица;0.012738853503184714;8;подтверждено;0
17;weekend;0;1;17;Метро «Бабушкинская»;0.014331210191082803;9;подтверждено;0
17;weekend;0;1;18;Улица Менжинского, 38;0.01910828025477707;12;подтверждено;0
17;weekend;0;1;19;Сухонская улица;0.01592356687898089;10;подтверждено;0
17;weekend;0;1;20;Проезд Шокальского;0.05573248407643312;35;подтверждено;0
17;weekend;0;1;21;МФЦ «Южное Медведково»;0.01751592356687898;11;подтверждено;0
17;weekend;0;1;22;Культурно-досуговый центр;0.0015923566878980893;1;подтверждено;0
17;weekend;0;1;23;Улица Молодцова;0.014331210191082803;9;подтверждено;0
17;weekend;0;1;24;Поликлиника;0.025477707006369428;16;подтверждено;0
17;weekend;0;1;25;Улица Тихомирова;0.08121019108280254;51;подтверждено;0
17;weekend;1;0;9;Улица Менжинского, 38;0.014492753623188406;1;подтверждено;1
17;weekend;1;0;11;Печорская улица;0.028985507246376812;2;подтверждено;1
17;weekend;1;0;14;Берингов проезд;0.014492753623188406;1;подтверждено;1
17;weekend;1;0;22;Метро «ВДНХ»;0.028985507246376812;2;подтверждено;1
17;weekend;1;0;24;Улица Цандера;0.014492753623188406;1;подтверждено;1
17;weekend;1;0;25;Аргуновская улица;0.17391304347826086;12;подтверждено;1
17;weekend;1;1;1;Останкино;0.028985507246376812;2;подтверждено;1
17;weekend;1;1;8;Сельскохозяйственная улица;0.043478260869565216;3;подтверждено;1
17;weekend;1;1;16;Печорская улица;0.043478260869565216;3;подтверждено;1
17;weekend;1;1;18;Улица Менжинского, 38;0.028985507246376812;2;подтверждено;1
17;weekend;1;1;19;Сухонская улица;0.21739130434782608;15;подтверждено;1
17;weekend;1;1;20;Проезд Шокальского;0.014492753623188406;1;подтверждено;1
17;weekend;1;1;21;МФЦ «Южное Медведково»;0.028985507246376812;2;подтверждено;1
17;weekend;1;1;22;Культурно-досуговый центр;0.028985507246376812;2;подтверждено;1
17;weekend;1;1;24;Поликлиника;0.028985507246376812;2;подтверждено;1
17;weekend;1;1;25;Улица Тихомирова;0.2608695652173913;18;подтверждено;1
17;weekend;2;0;9;Улица Менжинского, 38;0.014492753623188406;1;подтверждено;1
17;weekend;2;0;11;Печорская улица;0.028985507246376812;2;подтверждено;1
17;weekend;2;0;14;Берингов проезд;0.014492753623188406;1;подтверждено;1
17;weekend;2;0;22;Метро «ВДНХ»;0.028985507246376812;2;подтверждено;1
17;weekend;2;0;24;Улица Цандера;0.014492753623188406;1;подтверждено;1
17;weekend;2;0;25;Аргуновская улица;0.17391304347826086;12;подтверждено;1
17;weekend;2;1;1;Останкино;0.028985507246376812;2;подтверждено;1
17;weekend;2;1;8;Сельскохозяйственная улица;0.043478260869565216;3;подтверждено;1
17;weekend;2;1;16;Печорская улица;0.043478260869565216;3;подтверждено;1
17;weekend;2;1;18;Улица Менжинского, 38;0.028985507246376812;2;подтверждено;1
17;weekend;2;1;19;Сухонская улица;0.21739130434782608;15;подтверждено;1
17;weekend;2;1;20;Проезд Шокальского;0.014492753623188406;1;подтверждено;1
17;weekend;2;1;21;МФЦ «Южное Медведково»;0.028985507246376812;2;подтверждено;1
17;weekend;2;1;22;Культурно-досуговый центр;0.028985507246376812;2;подтверждено;1
17;weekend;2;1;24;Поликлиника;0.028985507246376812;2;подтверждено;1
17;weekend;2;1;25;Улица Тихомирова;0.2608695652173913;18;подтверждено;1
17;weekend;3;0;1;Медведково;0.5;9;подтверждено;4
17;weekend;3;0;2;Улица Тихомирова;0.05555555555555555;1;подтверждено;4
17;weekend;3;0;7;Проезд Шокальского;0.05555555555555555;1;подтверждено;4
17;weekend;3;0;8;Сухонская улица;0.05555555555555555;1;подтверждено;4
17;weekend;3;0;9;Улица Менжинского, 38;0.05555555555555555;1;подтверждено;4
17;weekend;3;1;1;Останкино;0.2777777777777778;5;подтверждено;4
17;weekend;4;0;1;Медведково;0.5;9;подтверждено;4
17;weekend;4;0;2;Улица Тихомирова;0.05555555555555555;1;подтверждено;4
17;weekend;4;0;7;Проезд Шокальского;0.05555555555555555;1;подтверждено;4
17;weekend;4;0;8;Сухонская улица;0.05555555555555555;1;подтверждено;4
17;weekend;4;0;9;Улица Менжинского, 38;0.05555555555555555;1;подтверждено;4
17;weekend;4;1;1;Останкино;0.2777777777777778;5;подтверждено;4
17;weekend;5;0;1;Медведково;0.08997955010224949;44;подтверждено;5
17;weekend;5;0;2;Улица Тихомирова;0.03067484662576687;15;подтверждено;5
17;weekend;5;0;3;Поликлиника;0.018404907975460124;9;подтверждено;5
17;weekend;5;0;4;Улица Молодцова;0.049079754601226995;24;подтверждено;5
17;weekend;5;0;5;Культурно-досуговый центр;0.05112474437627812;25;подтверждено;5
17;weekend;5;0;6;МФЦ Южное Медведково;0.0736196319018405;36;подтверждено;5
17;weekend;5;0;7;Проезд Шокальского;0.03067484662576687;15;подтверждено;5
17;weekend;5;0;8;Сухонская улица;0.016359918200409;8;подтверждено;5
17;weekend;5;0;9;Улица Менжинского, 38;0.026584867075664622;13;подтверждено;5
17;weekend;5;0;10;Метро «Бабушкинская»;0.03885480572597137;19;подтверждено;5
17;weekend;5;0;11;Печорская улица;0.026584867075664622;13;подтверждено;5
17;weekend;5;0;12;Радужная улица;0.03067484662576687;15;подтверждено;5
17;weekend;5;0;13;Верхоянская улица;0.022494887525562373;11;подтверждено;5
17;weekend;5;0;14;Берингов проезд;0.03067484662576687;15;подтверждено;5
17;weekend;5;0;15;Социальный фонд России;0.034764826175869123;17;подтверждено;5
17;weekend;5;0;16;Северянинский путепровод;0.03680981595092025;18;подтверждено;5
17;weekend;5;0;17;МЦК Ростокино;0.022494887525562373;11;подтверждено;5
17;weekend;5;0;18;Улица Докукина;0.016359918200409;8;подтверждено;5
17;weekend;5;0;19;Сельскохозяйственная улица;0.014314928425357873;7;подтверждено;5
17;weekend;5;0;20;Улица Сергея Эйзенштейна;0.00408997955010225;2;подтверждено;5
17;weekend;5;0;21;ВДНХ (северная);0.002044989775051125;1;подтверждено;5
17;weekend;5;0;22;Метро «ВДНХ»;0.010224948875255624;5;подтверждено;5
17;weekend;5;0;23;ВДНХ (южная);0.022494887525562373;11;подтверждено;5
17;weekend;5;0;24;Улица Цандера;0.002044989775051125;1;подтверждено;5
17;weekend;5;0;25;Аргуновская улица;0.049079754601226995;24;подтверждено;5
17;weekend;5;1;1;Останкино;0.04703476482617587;23;подтверждено;5
17;weekend;5;1;2;Аргуновская улица;0.00408997955010225;2;подтверждено;5
17;weekend;5;1;3;Улица Цандера;0.002044989775051125;1;подтверждено;5
17;weekend;5;1;4;ВДНХ (южная);0.0081799591002045;4;подтверждено;5
17;weekend;5;1;5;Метро «ВДНХ»;0.018404907975460124;9;подтверждено;5
17;weekend;5;1;6;ВДНХ (северная);0.014314928425357873;7;подтверждено;5
17;weekend;5;1;7;Улица Сергея Эйзенштейна;0.002044989775051125;1;подтверждено;5
17;weekend;5;1;8;Сельскохозяйственная улица;0.006134969325153374;3;подтверждено;5
17;weekend;5;1;9;Улица Докукина;0.006134969325153374;3;подтверждено;5
17;weekend;5;1;10;МЦК Ростокино;0.006134969325153374;3;подтверждено;5
17;weekend;5;1;11;Северянинский путепровод;0.0081799591002045;4;подтверждено;5
17;weekend;5;1;12;Социальный фонд России;0.0081799591002045;4;подтверждено;5
17;weekend;5;1;13;Берингов проезд;0.00408997955010225;2;подтверждено;5
17;weekend;5;1;15;Радужная улица;0.006134969325153374;3;подтверждено;5
17;weekend;5;1;16;Печорская улица;0.00408997955010225;2;подтверждено;5
17;weekend;5;1;17;Метро «Бабушкинская»;0.012269938650306749;6;подтверждено;5
17;weekend;5;1;18;Улица Менжинского, 38;0.016359918200409;8;подтверждено;5
17;weekend;5;1;19;Сухонская улица;0.006134969325153374;3;подтверждено;5
17;weekend;5;1;20;Проезд Шокальского;0.016359918200409;8;подтверждено;5
17;weekend;5;1;21;МФЦ «Южное Медведково»;0.006134969325153374;3;подтверждено;5
17;weekend;5;1;22;Культурно-досуговый центр;0.00408997955010225;2;подтверждено;5
17;weekend;5;1;23;Улица Молодцова;0.006134969325153374;3;подтверждено;5
17;weekend;5;1;24;Поликлиника;0.00408997955010225;2;подтверждено;5
17;weekend;5;1;25;Улица Тихомирова;0.032719836400818;16;подтверждено;5
17;weekend;6;0;1;Медведково;0.05304518664047151;108;подтверждено;6
17;weekend;6;0;2;Улица Тихомирова;0.0068762278978389;14;подтверждено;6
17;weekend;6;0;3;Поликлиника;0.03536345776031434;72;подтверждено;6
17;weekend;6;0;4;Улица Молодцова;0.05206286836935167;106;подтверждено;6
17;weekend;6;0;5;Культурно-досуговый центр;0.054027504911591355;110;подтверждено;6
17;weekend;6;0;6;МФЦ Южное Медведково;0.05795677799607073;118;подтверждено;6
17;weekend;6;0;7;Проезд Шокальского;0.03683693516699411;75;подтверждено;6
17;weekend;6;0;8;Сухонская улица;0.01768172888015717;36;подтверждено;6
17;weekend;6;0;9;Улица Менжинского, 38;0.021611001964636542;44;подтверждено;6
17;weekend;6;0;10;Метро «Бабушкинская»;0.03831041257367387;78;подтверждено;6
17;weekend;6;0;11;Печорская улица;0.030451866404715127;62;подтверждено;6
17;weekend;6;0;12;Радужная улица;0.01719056974459725;35;подтверждено;6
17;weekend;6;0;13;Верхоянская улица;0.01031434184675835;21;подтверждено;6
17;weekend;6;0;14;Берингов проезд;0.0343811394891945;70;подтверждено;6
17;weekend;6;0;15;Социальный фонд России;0.029960707269155205;61;подтверждено;6
17;weekend;6;0;16;Северянинский путепровод;0.021611001964636542;44;подтверждено;6
17;weekend;6;0;17;МЦК Ростокино;0.018172888015717092;37;подтверждено;6
17;weekend;6;0;18;Улица Докукина;0.030451866404715127;62;подтверждено;6
17;weekend;6;0;19;Сельскохозяйственная улица;0.0343811394891945;70;подтверждено;6
17;weekend;6;0;20;Улица Сергея Эйзенштейна;0.019155206286836934;39;подтверждено;6
17;weekend;6;0;21;ВДНХ (северная);0.01768172888015717;36;подтверждено;6
17;weekend;6;0;22;Метро «ВДНХ»;0.021611001964636542;44;подтверждено;6
17;weekend;6;0;23;ВДНХ (южная);0.010805500982318271;22;подтверждено;6
17;weekend;6;0;24;Улица Цандера;0.002455795677799607;5;подтверждено;6
17;weekend;6;0;25;Аргуновская улица;0.03192534381139489;65;подтверждено;6
17;weekend;6;1;1;Останкино;0.027996070726915522;57;подтверждено;6
17;weekend;6;1;2;Аргуновская улица;0.0054027504911591355;11;подтверждено;6
17;weekend;6;1;3;Улица Цандера;0.00343811394891945;7;подтверждено;6
17;weekend;6;1;4;ВДНХ (южная);0.011296660117878193;23;подтверждено;6
17;weekend;6;1;5;Метро «ВДНХ»;0.003929273084479371;8;подтверждено;6
17;weekend;6;1;6;ВДНХ (северная);0.01768172888015717;36;подтверждено;6
17;weekend;6;1;7;Улица Сергея Эйзенштейна;0.0063850687622789785;13;подтверждено;6
17;weekend;6;1;8;Сельскохозяйственная улица;0.0063850687622789785;13;подтверждено;6
17;weekend;6;1;9;Улица Докукина;0.0073673870333988214;15;подтверждено;6
17;weekend;6;1;10;МЦК Ростокино;0.010805500982318271;22;подтверждено;6
17;weekend;6;1;11;Северянинский путепровод;0.009332023575638507;19;подтверждено;6
17;weekend;6;1;12;Социальный фонд России;0.007858546168958742;16;подтверждено;6
17;weekend;6;1;13;Берингов проезд;0.0063850687622789785;13;подтверждено;6
17;weekend;6;1;14;Верхоянская улица;0.008840864440078585;18;подтверждено;6
17;weekend;6;1;15;Радужная улица;0.012278978388998035;25;подтверждено;6
17;weekend;6;1;16;Печорская улица;0.022593320235756387;46;подтверждено;6
17;weekend;6;1;17;Метро «Бабушкинская»;0.011296660117878193;23;подтверждено;6
17;weekend;6;1;18;Улица Менжинского, 38;0.018172888015717092;37;подтверждено;6
17;weekend;6;1;19;Сухонская улица;0.0275049115913556;56;подтверждено;6
17;weekend;6;1;20;Проезд Шокальского;0.015717092337917484;32;подтверждено;6
17;weekend;6;1;21;МФЦ «Южное Медведково»;0.0068762278978389;14;подтверждено;6
17;weekend;6;1;22;Культурно-досуговый центр;0.003929273084479371;8;подтверждено;6
17;weekend;6;1;23;Улица Молодцова;0.010805500982318271;22;подтверждено;6
17;weekend;6;1;24;Поликлиника;0.015717092337917484;32;подтверждено;6
17;weekend;6;1;25;Улица Тихомирова;0.01768172888015717;36;подтверждено;6
17;weekend;7;0;1;Медведково;0.05555555555555555;234;подтверждено;7
17;weekend;7;0;2;Улица Тихомирова;0.01282051282051282;54;подтверждено;7
17;weekend;7;0;3;Поликлиника;0.0365622032288699;154;подтверждено;7
17;weekend;7;0;4;Улица Молодцова;0.05365622032288699;226;подтверждено;7
17;weekend;7;0;5;Культурно-досуговый центр;0.048907882241215575;206;подтверждено;7
17;weekend;7;0;6;МФЦ Южное Медведково;0.07359924026590693;310;подтверждено;7
17;weekend;7;0;7;Проезд Шокальского;0.01590693257359924;67;подтверждено;7
17;weekend;7;0;8;Сухонская улица;0.02564102564102564;108;подтверждено;7
17;weekend;7;0;9;Улица Менжинского, 38;0.023979107312440646;101;подтверждено;7
17;weekend;7;0;10;Метро «Бабушкинская»;0.028252611585944918;119;подтверждено;7
17;weekend;7;0;11;Печорская улица;0.0349002849002849;147;подтверждено;7
17;weekend;7;0;12;Радужная улица;0.01590693257359924;67;подтверждено;7
17;weekend;7;0;13;Верхоянская улица;0.013295346628679962;56;подтверждено;7
17;weekend;7;0;14;Берингов проезд;0.017331433998100665;73;подтверждено;7
17;weekend;7;0;15;Социальный фонд России;0.01828110161443495;77;подтверждено;7
17;weekend;7;0;16;Северянинский путепровод;0.007834757834757835;33;подтверждено;7
17;weekend;7;0;17;МЦК Ростокино;0.005935422602089269;25;подтверждено;7
17;weekend;7;0;18;Улица Докукина;0.02492877492877493;105;подтверждено;7
17;weekend;7;0;19;Сельскохозяйственная улица;0.035375118708452044;149;подтверждено;7
17;weekend;7;0;20;Улица Сергея Эйзенштейна;0.023741690408357077;100;подтверждено;7
17;weekend;7;0;21;ВДНХ (северная);0.014482431149097816;61;подтверждено;7
17;weekend;7;0;22;Метро «ВДНХ»;0.0033238366571699905;14;подтверждено;7
17;weekend;7;0;23;ВДНХ (южная);0.005935422602089269;25;подтверждено;7
17;weekend;7;0;24;Улица Цандера;0.003798670465337132;16;подтверждено;7
17;weekend;7;0;25;Аргуновская улица;0.01899335232668566;80;подтверждено;7
17;weekend;7;1;1;Останкино;0.024691358024691357;104;подтверждено;7
17;weekend;7;1;2;Аргуновская улица;0.006647673314339981;28;подтверждено;7
17;weekend;7;1;3;Улица Цандера;0.011633428300094967;49;подтверждено;7
17;weekend;7;1;4;ВДНХ (южная);0.008784425451092117;37;подтверждено;7
17;weekend;7;1;5;Метро «ВДНХ»;0.009259259259259259;39;подтверждено;7
17;weekend;7;1;6;ВДНХ (северная);0.01282051282051282;54;подтверждено;7
17;weekend;7;1;7;Улица Сергея Эйзенштейна;0.006172839506172839;26;подтверждено;7
17;weekend;7;1;8;Сельскохозяйственная улица;0.013770180436847104;58;подтверждено;7
17;weekend;7;1;9;Улица Докукина;0.013057929724596391;55;подтверждено;7
17;weekend;7;1;10;МЦК Ростокино;0.01590693257359924;67;подтверждено;7
17;weekend;7;1;11;Северянинский путепровод;0.015432098765432098;65;подтверждено;7
17;weekend;7;1;12;Социальный фонд России;0.007597340930674264;32;подтверждено;7
17;weekend;7;1;13;Берингов проезд;0.0023741690408357074;10;подтверждено;7
17;weekend;7;1;14;Верхоянская улица;0.0035612535612535613;15;подтверждено;7
17;weekend;7;1;15;Радужная улица;0.00949667616334283;40;подтверждено;7
17;weekend;7;1;16;Печорская улица;0.023266856600189935;98;подтверждено;7
17;weekend;7;1;17;Метро «Бабушкинская»;0.030151946818613485;127;подтверждено;7
17;weekend;7;1;18;Улица Менжинского, 38;0.04415954415954416;186;подтверждено;7
17;weekend;7;1;19;Сухонская улица;0.043209876543209874;182;подтверждено;7
17;weekend;7;1;20;Проезд Шокальского;0.02540360873694207;107;подтверждено;7
17;weekend;7;1;21;МФЦ «Южное Медведково»;0.003798670465337132;16;подтверждено;7
17;weekend;7;1;22;Культурно-досуговый центр;0.006172839506172839;26;подтверждено;7
17;weekend;7;1;23;Улица Молодцова;0.008309591642924977;35;подтверждено;7
17;weekend;7;1;24;Поликлиника;0.017331433998100665;73;подтверждено;7
17;weekend;7;1;25;Улица Тихомирова;0.018043684710351376;76;подтверждено;7
17;weekend;8;0;1;Медведково;0.06292545243234268;379;подтверждено;8
17;weekend;8;0;2;Улица Тихомирова;0.009629752614975926;58;подтверждено;8
17;weekend;8;0;3;Поликлиника;0.02888925784492778;174;подтверждено;8
17;weekend;8;0;4;Улица Молодцова;0.0518014278598705;312;подтверждено;8
17;weekend;8;0;5;Культурно-досуговый центр;0.04416403785488959;266;подтверждено;8
17;weekend;8;0;6;МФЦ Южное Медведково;0.0627594222148431;378;подтверждено;8
17;weekend;8;0;7;Проезд Шокальского;0.02390835131994023;144;подтверждено;8
17;weekend;8;0;8;Сухонская улица;0.02191598870994521;132;подтверждено;8
17;weekend;8;0;9;Улица Менжинского, 38;0.03171177154242072;191;подтверждено;8
17;weekend;8;0;10;Метро «Бабушкинская»;0.02938734849742653;177;подтверждено;8
17;weekend;8;0;11;Печорская улица;0.02224804914494438;134;подтверждено;8
17;weekend;8;0;12;Радужная улица;0.013448447617466379;81;подтверждено;8
17;weekend;8;0;13;Верхоянская улица;0.013282417399966794;80;подтверждено;8
17;weekend;8;0;14;Берингов проезд;0.01892744479495268;114;подтверждено;8
17;weekend;8;0;15;Социальный фонд России;0.025236593059936908;152;подтверждено;8
17;weekend;8;0;16;Северянинский путепровод;0.017765233272455588;107;подтверждено;8
17;weekend;8;0;17;МЦК Ростокино;0.02191598870994521;132;подтверждено;8
17;weekend;8;0;18;Улица Докукина;0.03137971110742155;189;подтверждено;8
17;weekend;8;0;19;Сельскохозяйственная улица;0.02888925784492778;174;подтверждено;8
17;weekend;8;0;20;Улица Сергея Эйзенштейна;0.01444462892246389;87;подтверждено;8
17;weekend;8;0;21;ВДНХ (северная);0.01079196413747302;65;подтверждено;8
17;weekend;8;0;22;Метро «ВДНХ»;0.01112402457247219;67;подтверждено;8
17;weekend;8;0;23;ВДНХ (южная);0.009297692179976755;56;подтверждено;8
17;weekend;8;0;24;Улица Цандера;0.007139299352482152;43;подтверждено;8
17;weekend;8;0;25;Аргуновская улица;0.01444462892246389;87;подтверждено;8
17;weekend;8;1;1;Останкино;0.025236593059936908;152;подтверждено;8
17;weekend;8;1;2;Аргуновская улица;0.004980906524987548;30;подтверждено;8
17;weekend;8;1;3;Улица Цандера;0.013448447617466379;81;подтверждено;8
17;weekend;8;1;4;ВДНХ (южная);0.007803420222480492;47;подтверждено;8
17;weekend;8;1;5;Метро «ВДНХ»;0.012286236094969285;74;подтверждено;8
17;weekend;8;1;6;ВДНХ (северная);0.01444462892246389;87;подтверждено;8
17;weekend;8;1;7;Улица Сергея Эйзенштейна;0.004482815872488793;27;подтверждено;8
17;weekend;8;1;8;Сельскохозяйственная улица;0.011954175659970114;72;подтверждено;8
17;weekend;8;1;9;Улица Докукина;0.013448447617466379;81;подтверждено;8
17;weekend;8;1;10;МЦК Ростокино;0.020421716752448946;123;подтверждено;8
17;weekend;8;1;11;Северянинский путепровод;0.028225136974929437;170;подтверждено;8
17;weekend;8;1;12;Социальный фонд России;0.009297692179976755;56;подтверждено;8
17;weekend;8;1;13;Берингов проезд;0.0034866345674912833;21;подтверждено;8
17;weekend;8;1;14;Верхоянская улица;0.004482815872488793;27;подтверждено;8
17;weekend;8;1;15;Радужная улица;0.012286236094969285;74;подтверждено;8
17;weekend;8;1;16;Печорская улица;0.03104765067242238;187;подтверждено;8
17;weekend;8;1;17;Метро «Бабушкинская»;0.030881620454922796;186;подтверждено;8
17;weekend;8;1;18;Улица Менжинского, 38;0.02058774696994853;124;подтверждено;8
17;weekend;8;1;19;Сухонская улица;0.02905528806242736;175;подтверждено;8
17;weekend;8;1;20;Проезд Шокальского;0.019259505229951852;116;подтверждено;8
17;weekend;8;1;21;МФЦ «Южное Медведково»;0.007969450439980076;48;подтверждено;8
17;weekend;8;1;22;Культурно-досуговый центр;0.004482815872488793;27;подтверждено;8
17;weekend;8;1;23;Улица Молодцова;0.008301510874979247;50;подтверждено;8
17;weekend;8;1;24;Поликлиника;0.01643699153245891;99;подтверждено;8
17;weekend;8;1;25;Улица Тихомирова;0.01826332392495434;110;подтверждено;8
17;weekend;9;0;1;Медведково;0.06561314791403287;519;подтверждено;9
17;weekend;9;0;2;Улица Тихомирова;0.01580278128950695;125;подтверждено;9
17;weekend;9;0;3;Поликлиника;0.03742098609355247;296;подтверждено;9
17;weekend;9;0;4;Улица Молодцова;0.05663716814159292;448;подтверждено;9
17;weekend;9;0;5;Культурно-досуговый центр;0.0438685208596713;347;подтверждено;9
17;weekend;9;0;6;МФЦ Южное Медведково;0.06396965865992414;506;подтверждено;9
17;weekend;9;0;7;Проезд Шокальского;0.026675094816687738;211;подтверждено;9
17;weekend;9;0;8;Сухонская улица;0.026422250316055627;209;подтверждено;9
17;weekend;9;0;9;Улица Менжинского, 38;0.029329962073324906;232;подтверждено;9
17;weekend;9;0;10;Метро «Бабушкинская»;0.03729456384323641;295;подтверждено;9
17;weekend;9;0;11;Печорская улица;0.029962073324905185;237;подтверждено;9
17;weekend;9;0;12;Радужная улица;0.010872313527180783;86;подтверждено;9
17;weekend;9;0;13;Верхоянская улица;0.016055625790139066;127;подтверждено;9
17;weekend;9;0;14;Берингов проезд;0.019974715549936788;158;подтверждено;9
17;weekend;9;0;15;Социальный фонд России;0.019721871049304677;156;подтверждено;9
17;weekend;9;0;16;Северянинский путепровод;0.008217446270543615;65;подтверждено;9
17;weekend;9;0;17;МЦК Ростокино;0.01415929203539823;112;подтверждено;9
17;weekend;9;0;18;Улица Докукина;0.025031605562579013;198;подтверждено;9
17;weekend;9;0;19;Сельскохозяйственная улица;0.021365360303413402;169;подтверждено;9
17;weekend;9;0;20;Улица Сергея Эйзенштейна;0.012389380530973451;98;подтверждено;9
17;weekend;9;0;21;ВДНХ (северная);0.007458912768647282;59;подтверждено;9
17;weekend;9;0;22;Метро «ВДНХ»;0.010113780025284451;80;подтверждено;9
17;weekend;9;0;23;ВДНХ (южная);0.008975979772439949;71;подтверждено;9
17;weekend;9;0;24;Улица Цандера;0.0037926675094816687;30;подтверждено;9
17;weekend;9;0;25;Аргуновская улица;0.014664981036662453;116;подтверждено;9
17;weekend;9;1;1;Останкино;0.019216182048040455;152;подтверждено;9
17;weekend;9;1;2;Аргуновская улица;0.008217446270543615;65;подтверждено;9
17;weekend;9;1;3;Улица Цандера;0.02225031605562579;176;подтверждено;9
17;weekend;9;1;4;ВДНХ (южная);0.012389380530973451;98;подтверждено;9
17;weekend;9;1;5;Метро «ВДНХ»;0.010240202275600506;81;подтверждено;9
17;weekend;9;1;6;ВДНХ (северная);0.01529709228824273;121;подтверждено;9
17;weekend;9;1;7;Улица Сергея Эйзенштейна;0.007585335018963337;60;подтверждено;9
17;weekend;9;1;8;Сельскохозяйственная улица;0.010366624525916562;82;подтверждено;9
17;weekend;9;1;9;Улица Докукина;0.013780025284450064;109;подтверждено;9
17;weekend;9;1;10;МЦК Ростокино;0.021238938053097345;168;подтверждено;9
17;weekend;9;1;11;Северянинский путепровод;0.01580278128950695;125;подтверждено;9
17;weekend;9;1;12;Социальный фонд России;0.0029077117572692793;23;подтверждено;9
17;weekend;9;1;13;Берингов проезд;0.002275600505689001;18;подтверждено;9
17;weekend;9;1;14;Верхоянская улица;0.0050568900126422255;40;подтверждено;9
17;weekend;9;1;15;Радужная улица;0.01390644753476612;110;подтверждено;9
17;weekend;9;1;16;Печорская улица;0.027054361567635903;214;подтверждено;9
17;weekend;9;1;17;Метро «Бабушкинская»;0.020606826801517066;163;подтверждено;9
17;weekend;9;1;18;Улица Менжинского, 38;0.03350189633375474;265;подтверждено;9
17;weekend;9;1;19;Сухонская улица;0.02427307206068268;192;подтверждено;9
17;weekend;9;1;20;Проезд Шокальского;0.013400758533501896;106;подтверждено;9
17;weekend;9;1;21;МФЦ «Южное Медведково»;0.005941845764854615;47;подтверждено;9
17;weekend;9;1;22;Культурно-досуговый центр;0.014664981036662453;116;подтверждено;9
17;weekend;9;1;23;Улица Молодцова;0.015676359039190898;124;подтверждено;9
17;weekend;9;1;24;Поликлиника;0.02225031605562579;176;подтверждено;9
17;weekend;9;1;25;Улица Тихомирова;0.016308470290771176;129;подтверждено;9
17;weekend;10;0;1;Медведково;0.06257430022695341;579;подтверждено;10
17;weekend;10;0;2;Улица Тихомирова;0.017291689181886956;160;подтверждено;10
17;weekend;10;0;3;Поликлиника;0.03631254728196261;336;подтверждено;10
17;weekend;10;0;4;Улица Молодцова;0.05263157894736842;487;подтверждено;10
17;weekend;10;0;5;Культурно-досуговый центр;0.041824273208689075;387;подтверждено;10
17;weekend;10;0;6;МФЦ Южное Медведково;0.06008861990705717;556;подтверждено;10
17;weekend;10;0;7;Проезд Шокальского;0.02993623689614179;277;подтверждено;10
17;weekend;10;0;8;Сухонская улица;0.023451853452934185;217;подтверждено;10
17;weekend;10;0;9;Улица Менжинского, 38;0.0347995244785475;322;подтверждено;10
17;weekend;10;0;10;Метро «Бабушкинская»;0.03923051983140603;363;подтверждено;10
17;weekend;10;0;11;Печорская улица;0.019128931157462444;177;подтверждено;10
17;weekend;10;0;12;Радужная улица;0.018264346698368097;169;подтверждено;10
17;weekend;10;0;13;Верхоянская улица;0.014265643575056738;132;подтверждено;10
17;weekend;10;0;14;Берингов проезд;0.020750027018264346;192;подтверждено;10
17;weekend;10;0;15;Социальный фонд России;0.01902085810007565;176;подтверждено;10
17;weekend;10;0;16;Северянинский путепровод;0.010807305738679347;100;подтверждено;10
17;weekend;10;0;17;МЦК Ростокино;0.009726575164811412;90;подтверждено;10
17;weekend;10;0;18;Улица Докукина;0.02183075759213228;202;подтверждено;10
17;weekend;10;0;19;Сельскохозяйственная улица;0.01934507727223603;179;подтверждено;10
17;weekend;10;0;20;Улица Сергея Эйзенштейна;0.010699232681292553;99;подтверждено;10
17;weekend;10;0;21;ВДНХ (северная);0.00778126013184913;72;подтверждено;10
17;weekend;10;0;22;Метро «ВДНХ»;0.006808602615367989;63;подтверждено;10
17;weekend;10;0;23;ВДНХ (южная);0.005187506754566086;48;подтверждено;10
17;weekend;10;0;24;Улица Цандера;0.004647141467632119;43;подтверждено;10
17;weekend;10;0;25;Аргуновская улица;0.01123959796822652;104;подтверждено;10
17;weekend;10;1;1;Останкино;0.017832054468820923;165;подтверждено;10
17;weekend;10;1;2;Аргуновская улица;0.00561979898411326;52;подтверждено;10
17;weekend;10;1;3;Улица Цандера;0.017615908354047336;163;подтверждено;10
17;weekend;10;1;4;ВДНХ (южная);0.01026694045174538;95;подтверждено;10
17;weekend;10;1;5;Метро «ВДНХ»;0.010375013509132173;96;подтверждено;10
17;weekend;10;1;6;ВДНХ (северная);0.012968766886415217;120;подтверждено;10
17;weekend;10;1;7;Улица Сергея Эйзенштейна;0.01091537879606614;101;подтверждено;10
17;weekend;10;1;8;Сельскохозяйственная улица;0.012536474656868043;116;подтверждено;10
17;weekend;10;1;9;Улица Докукина;0.016643250837566195;154;подтверждено;10
17;weekend;10;1;10;МЦК Ростокино;0.024964876256349293;231;подтверждено;10
17;weekend;10;1;11;Северянинский путепровод;0.014481789689830325;134;подтверждено;10
17;weekend;10;1;12;Социальный фонд России;0.007565114017075543;70;подтверждено;10
17;weekend;10;1;13;Берингов проезд;0.002917972549443424;27;подтверждено;10
17;weekend;10;1;14;Верхоянская улица;0.006700529557981195;62;подтверждено;10
17;weekend;10;1;15;Радужная улица;0.01804820058359451;167;подтверждено;10
17;weekend;10;1;16;Печорская улица;0.03058467524046255;283;подтверждено;10
17;weekend;10;1;17;Метро «Бабушкинская»;0.03760942397060413;348;подтверждено;10
17;weekend;10;1;18;Улица Менжинского, 38;0.025613314600670054;237;подтверждено;10
17;weekend;10;1;19;Сухонская улица;0.028747433264887063;266;подтверждено;10
17;weekend;10;1;20;Проезд Шокальского;0.019128931157462444;177;подтверждено;10
17;weekend;10;1;21;МФЦ «Южное Медведково»;0.005511725926726467;51;подтверждено;10
17;weekend;10;1;22;Культурно-досуговый центр;0.016859396952339782;156;подтверждено;10
17;weekend;10;1;23;Улица Молодцова;0.015238301091537879;141;подтверждено;10
17;weekend;10;1;24;Поликлиника;0.017183616124500162;159;подтверждено;10
17;weekend;10;1;25;Улица Тихомирова;0.01642710472279261;152;подтверждено;10
17;weekend;11;0;1;Медведково;0.0695744305138619;788;подтверждено;11
17;weekend;11;0;2;Улица Тихомирова;0.01889457884513509;214;подтверждено;11
17;weekend;11;0;3;Поликлиника;0.03328624404026134;377;подтверждено;11
17;weekend;11;0;4;Улица Молодцова;0.04511742892459827;511;подтверждено;11
17;weekend;11;0;5;Культурно-досуговый центр;0.041938901642239096;475;подтверждено;11
17;weekend;11;0;6;МФЦ Южное Медведково;0.04626523044322797;524;подтверждено;11
17;weekend;11;0;7;Проезд Шокальского;0.025781387956913298;292;подтверждено;11
17;weekend;11;0;8;Сухонская улица;0.01801165460003532;204;подтверждено;11
17;weekend;11;0;9;Улица Менжинского, 38;0.028783330390252517;326;подтверждено;11
17;weekend;11;0;10;Метро «Бабушкинская»;0.03814232738831008;432;подтверждено;11
17;weekend;11;0;11;Печорская улица;0.01889457884513509;214;подтверждено;11
17;weekend;11;0;12;Радужная улица;0.01580434398728589;179;подтверждено;11
17;weekend;11;0;13;Верхоянская улица;0.017393607628465476;197;подтверждено;11
17;weekend;11;0;14;Берингов проезд;0.01942433339219495;220;подтверждено;11
17;weekend;11;0;15;Социальный фонд России;0.017217022779445524;195;подтверждено;11
17;weekend;11;0;16;Северянинский путепровод;0.009623874271587498;109;подтверждено;11
17;weekend;11;0;17;МЦК Ростокино;0.012714109129436693;144;подтверждено;11
17;weekend;11;0;18;Улица Докукина;0.021631644004944377;245;подтверждено;11
17;weekend;11;0;19;Сельскохозяйственная улица;0.01792336217552534;203;подтверждено;11
17;weekend;11;0;20;Улица Сергея Эйзенштейна;0.01103655306374713;125;подтверждено;11
17;weekend;11;0;21;ВДНХ (северная);0.008740950026487728;99;подтверждено;11
17;weekend;11;0;22;Метро «ВДНХ»;0.01138972276178704;129;подтверждено;11
17;weekend;11;0;23;ВДНХ (южная);0.008387780328447818;95;подтверждено;11
17;weekend;11;0;24;Улица Цандера;0.0029136500088292423;33;подтверждено;11
17;weekend;11;0;25;Аргуновская улица;0.010771675790217199;122;подтверждено;11
17;weekend;11;1;1;Останкино;0.0238389546176938;270;подтверждено;11
17;weekend;11;1;2;Аргуновская улица;0.009270704573547589;105;подтверждено;11
17;weekend;11;1;3;Улица Цандера;0.019865795514744836;225;подтверждено;11
17;weekend;11;1;4;ВДНХ (южная);0.009712166696097474;110;подтверждено;11
17;weekend;11;1;5;Метро «ВДНХ»;0.01138972276178704;129;подтверждено;11
17;weekend;11;1;6;ВДНХ (северная);0.017835069751015363;202;подтверждено;11
17;weekend;11;1;7;Улица Сергея Эйзенштейна;0.005562422744128554;63;подтверждено;11
17;weekend;11;1;8;Сельскохозяйственная улица;0.017835069751015363;202;подтверждено;11
17;weekend;11;1;9;Улица Докукина;0.01818823944905527;206;подтверждено;11
17;weekend;11;1;10;МЦК Ростокино;0.029401377361822356;333;подтверждено;11
17;weekend;11;1;11;Северянинский путепровод;0.020837012184354582;236;подтверждено;11
17;weekend;11;1;12;Социальный фонд России;0.01253752428041674;142;подтверждено;11
17;weekend;11;1;13;Берингов проезд;0.004238036376478898;48;подтверждено;11
17;weekend;11;1;14;Верхоянская улица;0.007239978809818117;82;подтверждено;11
17;weekend;11;1;15;Радужная улица;0.016245806109835777;184;подтверждено;11
17;weekend;11;1;16;Печорская улица;0.028871622814762493;327;подтверждено;11
17;weekend;11;1;17;Метро «Бабушкинская»;0.02180822885396433;247;подтверждено;11
17;weekend;11;1;18;Улица Менжинского, 38;0.025781387956913298;292;подтверждено;11
17;weekend;11;1;19;Сухонская улица;0.031167225852021897;353;подтверждено;11
17;weekend;11;1;20;Проезд Шокальского;0.021366766731414445;242;подтверждено;11
17;weekend;11;1;21;МФЦ «Южное Медведково»;0.009712166696097474;110;подтверждено;11
17;weekend;11;1;22;Культурно-досуговый центр;0.015451174289245983;175;подтверждено;11
17;weekend;11;1;23;Улица Молодцова;0.01942433339219495;220;подтверждено;11
17;weekend;11;1;24;Поликлиника;0.018364824298075226;208;подтверждено;11
17;weekend;11;1;25;Улица Тихомирова;0.014391665195126259;163;подтверждено;11
17;weekend;12;0;1;Медведково;0.08133217856861664;1033;подтверждено;12
17;weekend;12;0;2;Улица Тихомирова;0.02354145342886387;299;подтверждено;12
17;weekend;12;0;3;Поликлиника;0.029761436107393117;378;подтверждено;12
17;weekend;12;0;4;Улица Молодцова;0.034091803794976776;433;подтверждено;12
17;weekend;12;0;5;Культурно-досуговый центр;0.03857963939847256;490;подтверждено;12
17;weekend;12;0;6;МФЦ Южное Медведково;0.05227934808282812;664;подтверждено;12
17;weekend;12;0;7;Проезд Шокальского;0.028659160696008188;364;подтверждено;12
17;weekend;12;0;8;Сухонская улица;0.01779387449807102;226;подтверждено;12
17;weekend;12;0;9;Улица Менжинского, 38;0.03086371151877805;392;подтверждено;12
17;weekend;12;0;10;Метро «Бабушкинская»;0.02795055507440359;355;подтверждено;12
17;weekend;12;0;11;Печорская улица;0.028029289032359656;356;подтверждено;12
17;weekend;12;0;12;Радужная улица;0.018738681993543817;238;подтверждено;12
17;weekend;12;0;13;Верхоянская улица;0.01574679159121329;200;подтверждено;12
17;weekend;12;0;14;Берингов проезд;0.021179434690181874;269;подтверждено;12
17;weekend;12;0;15;Социальный фонд России;0.01818754428785135;231;подтверждено;12
17;weekend;12;0;16;Северянинский путепровод;0.00952680891268404;121;подтверждено;12
17;weekend;12;0;17;МЦК Ростокино;0.016061727423037558;204;подтверждено;12
17;weekend;12;0;18;Улица Докукина;0.022754113849303204;289;подтверждено;12
17;weekend;12;0;19;Сельскохозяйственная улица;0.02173057239587434;276;подтверждено;12
17;weekend;12;0;20;Улица Сергея Эйзенштейна;0.014014644516179828;178;подтверждено;12
17;weekend;12;0;21;ВДНХ (северная);0.008188331627430911;104;подтверждено;12
17;weekend;12;0;22;Метро «ВДНХ»;0.007479726005826313;95;подтверждено;12
17;weekend;12;0;23;ВДНХ (южная);0.010156680576332571;129;подтверждено;12
17;weekend;12;0;24;Улица Цандера;0.005275175183056452;67;подтверждено;12
17;weekend;12;0;25;Аргуновская улица;0.00952680891268404;121;подтверждено;12
17;weekend;12;1;1;Останкино;0.028974096527832453;368;подтверждено;12
17;weekend;12;1;2;Аргуновская улица;0.00842453350129911;107;подтверждено;12
17;weekend;12;1;3;Улица Цандера;0.013857176600267695;176;подтверждено;12
17;weekend;12;1;4;ВДНХ (южная);0.009920478702464373;126;подтверждено;12
17;weekend;12;1;5;Метро «ВДНХ»;0.015038185969608693;191;подтверждено;12
17;weekend;12;1;6;ВДНХ (северная);0.019919691362884812;253;подтверждено;12
17;weekend;12;1;7;Улица Сергея Эйзенштейна;0.009054405164947642;115;подтверждено;12
17;weekend;12;1;8;Сельскохозяйственная улица;0.013148570978663097;167;подтверждено;12
17;weekend;12;1;9;Улица Докукина;0.016376663254861822;208;подтверждено;12
17;weekend;12;1;10;МЦК Ростокино;0.018817415951499883;239;подтверждено;12
17;weekend;12;1;11;Северянинский путепровод;0.02133690260609401;271;подтверждено;12
17;weekend;12;1;12;Социальный фонд России;0.013857176600267695;176;подтверждено;12
17;weekend;12;1;13;Берингов проезд;0.008345799543343043;106;подтверждено;12
17;weekend;12;1;14;Верхоянская улица;0.006613652468309582;84;подтверждено;12
17;weekend;12;1;15;Радужная улица;0.012676167230926698;161;подтверждено;12
17;weekend;12;1;16;Печорская улица;0.023226517597039604;295;подтверждено;12
17;weekend;12;1;17;Метро «Бабушкинская»;0.02708448153688686;344;подтверждено;12
17;weekend;12;1;18;Улица Менжинского, 38;0.020943232816313676;266;подтверждено;12
17;weekend;12;1;19;Сухонская улица;0.023147783639083538;294;подтверждено;12
17;weekend;12;1;20;Проезд Шокальского;0.020313361152665143;258;подтверждено;12
17;weekend;12;1;21;МФЦ «Южное Медведково»;0.012991103062750965;165;подтверждено;12
17;weekend;12;1;22;Культурно-досуговый центр;0.01621919533894969;206;подтверждено;12
17;weekend;12;1;23;Улица Молодцова;0.01692780096055429;215;подтверждено;12
17;weekend;12;1;24;Поликлиника;0.01779387449807102;226;подтверждено;12
17;weekend;12;1;25;Улица Тихомирова;0.01354224076844343;172;подтверждено;12
17;weekend;13;0;1;Медведково;0.07360835355540848;1001;подтверждено;13
17;weekend;13;0;2;Улица Тихомирова;0.025737186557835134;350;подтверждено;13
17;weekend;13;0;3;Поликлиника;0.02838444003235532;386;подтверждено;13
17;weekend;13;0;4;Улица Молодцова;0.03264945951908228;444;подтверждено;13
17;weekend;13;0;5;Культурно-досуговый центр;0.03242885506287227;441;подтверждено;13
17;weekend;13;0;6;МФЦ Южное Медведково;0.047724097360100005;649;подтверждено;13
17;weekend;13;0;7;Проезд Шокальского;0.02022207515258475;275;подтверждено;13
17;weekend;13;0;8;Сухонская улица;0.016913008309434516;230;подтверждено;13
17;weekend;13;0;9;Улица Менжинского, 38;0.025369512464151776;345;подтверждено;13
17;weekend;13;0;10;Метро «Бабушкинская»;0.029046253400985367;395;подтверждено;13
17;weekend;13;0;11;Печорская улица;0.02588425619530848;352;подтверждено;13
17;weekend;13;0;12;Радужная улица;0.01698654312817119;231;подтверждено;13
17;weekend;13;0;13;Верхоянская улица;0.013089197735127582;178;подтверждено;13
17;weekend;13;0;14;Берингов проезд;0.015957055665857783;217;подтверждено;13
17;weekend;13;0;15;Социальный фонд России;0.014265754834914332;194;подтверждено;13
17;weekend;13;0;16;Северянинский путепровод;0.010956687991764101;149;подтверждено;13
17;weekend;13;0;17;МЦК Ростокино;0.02154570188984484;293;подтверждено;13
17;weekend;13;0;18;Улица Докукина;0.023972350908155013;326;подтверждено;13
17;weekend;13;0;19;Сельскохозяйственная улица;0.021251562614898155;289;подтверждено;13
17;weekend;13;0;20;Улица Сергея Эйзенштейна;0.010294874623134054;140;подтверждено;13
17;weekend;13;0;21;ВДНХ (северная);0.011618501360394147;158;подтверждено;13
17;weekend;13;0;22;Метро «ВДНХ»;0.009559526435767336;130;подтверждено;13
17;weekend;13;0;23;ВДНХ (южная);0.006176924773880432;84;подтверждено;13
17;weekend;13;0;24;Улица Цандера;0.003161997205676888;43;подтверждено;13
17;weekend;13;0;25;Аргуновская улица;0.010809618354290756;147;подтверждено;13
17;weekend;13;1;1;Останкино;0.03478196926244577;473;подтверждено;13
17;weekend;13;1;2;Аргуновская улица;0.008677108610927273;118;подтверждено;13
17;weekend;13;1;3;Улица Цандера;0.014339289653651003;195;подтверждено;13
17;weekend;13;1;4;ВДНХ (южная);0.01338333701007427;182;подтверждено;13
17;weekend;13;1;5;Метро «ВДНХ»;0.01706007794690786;232;подтверждено;13
17;weekend;13;1;6;ВДНХ (северная);0.01860430914037797;253;подтверждено;13
17;weekend;13;1;7;Улица Сергея Эйзенштейна;0.011986175454077506;163;подтверждено;13
17;weekend;13;1;8;Сельскохозяйственная улица;0.015515846753437753;211;подтверждено;13
17;weekend;13;1;9;Улица Докукина;0.021913375983528202;298;подтверждено;13
17;weekend;13;1;10;МЦК Ростокино;0.029046253400985367;395;подтверждено;13
17;weekend;13;1;11;Северянинский путепровод;0.0276490918449886;376;подтверждено;13
17;weekend;13;1;12;Социальный фонд России;0.022501654533421574;306;подтверждено;13
17;weekend;13;1;13;Берингов проезд;0.00772115596735054;105;подтверждено;13
17;weekend;13;1;14;Верхоянская улица;0.009412456798293993;128;подтверждено;13
17;weekend;13;1;15;Радужная улица;0.017942495771747922;244;подтверждено;13
17;weekend;13;1;16;Печорская улица;0.01860430914037797;253;подтверждено;13
17;weekend;13;1;17;Метро «Бабушкинская»;0.02551658210162512;347;подтверждено;13
17;weekend;13;1;18;Улица Менжинского, 38;0.02514890800794176;342;подтверждено;13
17;weekend;13;1;19;Сухонская улица;0.02639899992646518;359;подтверждено;13
17;weekend;13;1;20;Проезд Шокальского;0.02198691080226487;299;подтверждено;13
17;weekend;13;1;21;МФЦ «Южное Медведково»;0.011692036179130819;159;подтверждено;13
17;weekend;13;1;22;Культурно-досуговый центр;0.01375101110375763;187;подтверждено;13
17;weekend;13;1;23;Улица Молодцова;0.013089197735127582;178;подтверждено;13
17;weekend;13;1;24;Поликлиника;0.01463342892859769;199;подтверждено;13
17;weekend;13;1;25;Улица Тихомирова;0.011030222810500772;150;подтверждено;13
17;weekend;14;0;1;Медведково;0.06777688895353065;932;подтверждено;14
17;weekend;14;0;2;Улица Тихомирова;0.023125590866118827;318;подтверждено;14
17;weekend;14;0;3;Поликлиника;0.032652170751218096;449;подтверждено;14
17;weekend;14;0;4;Улица Молодцова;0.02276198094684023;313;подтверждено;14
17;weekend;14;0;5;Культурно-досуговый центр;0.03003417933241219;413;подтверждено;14
17;weekend;14;0;6;МФЦ Южное Медведково;0.037306377717984146;513;подтверждено;14
17;weekend;14;0;7;Проезд Шокальского;0.018253217947785616;251;подтверждено;14
17;weekend;14;0;8;Сухонская улица;0.01570794851283543;216;подтверждено;14
17;weekend;14;0;9;Улица Менжинского, 38;0.020071267544178605;276;подтверждено;14
17;weekend;14;0;10;Метро «Бабушкинская»;0.03461566431532252;476;подтверждено;14
17;weekend;14;0;11;Печорская улица;0.021671151189004437;298;подтверждено;14
17;weekend;14;0;12;Радужная улица;0.012726347174750928;175;подтверждено;14
17;weekend;14;0;13;Верхоянская улица;0.011708239400770853;161;подтверждено;14
17;weekend;14;0;14;Берингов проезд;0.013962620900298161;192;подтверждено;14
17;weekend;14;0;15;Социальный фонд России;0.009817467820522143;135;подтверждено;14
17;weekend;14;0;16;Северянинский путепровод;0.00901752599810923;124;подтверждено;14
17;weekend;14;0;17;МЦК Ростокино;0.025525416333357573;351;подтверждено;14
17;weekend;14;0;18;Улица Докукина;0.02814340775216348;387;подтверждено;14
17;weekend;14;0;19;Сельскохозяйственная улица;0.021671151189004437;298;подтверждено;14
17;weekend;14;0;20;Улица Сергея Эйзенштейна;0.009962911788233582;137;подтверждено;14
17;weekend;14;0;21;ВДНХ (северная);0.0071267544178605195;98;подтверждено;14
17;weekend;14;0;22;Метро «ВДНХ»;0.011344629481492256;156;подтверждено;14
17;weekend;14;0;23;ВДНХ (южная);0.0071267544178605195;98;подтверждено;14
17;weekend;14;0;24;Улица Цандера;0.005890480692313287;81;подтверждено;14
17;weekend;14;0;25;Аргуновская улица;0.00858119409497491;118;подтверждено;14
17;weekend;14;1;1;Останкино;0.03396116646062104;467;подтверждено;14
17;weekend;14;1;2;Аргуновская улица;0.011126463529925096;153;подтверждено;14
17;weekend;14;1;3;Улица Цандера;0.018980437786342813;261;подтверждено;14
17;weekend;14;1;4;ВДНХ (южная);0.013162679077885245;181;подтверждено;14
17;weekend;14;1;5;Метро «ВДНХ»;0.01570794851283543;216;подтверждено;14
17;weekend;14;1;6;ВДНХ (северная);0.03323394662206385;457;подтверждено;14
17;weekend;14;1;7;Улица Сергея Эйзенштейна;0.015998836448258308;220;подтверждено;14
17;weekend;14;1;8;Сельскохозяйственная улица;0.024143698640098903;332;подтверждено;14
17;weekend;14;1;9;Улица Докукина;0.023052868882263107;317;подтверждено;14
17;weekend;14;1;10;МЦК Ростокино;0.024943640462511817;343;подтверждено;14
17;weekend;14;1;11;Северянинский путепровод;0.03534288415387972;486;подтверждено;14
17;weekend;14;1;12;Социальный фонд России;0.02799796378445204;385;подтверждено;14
17;weekend;14;1;13;Берингов проезд;0.009599301868954985;132;подтверждено;14
17;weekend;14;1;14;Верхоянская улица;0.009672023852810704;133;подтверждено;14
17;weekend;14;1;15;Радужная улица;0.012799069158606647;176;подтверждено;14
17;weekend;14;1;16;Печорская улица;0.020071267544178605;276;подтверждено;14
17;weekend;14;1;17;Метро «Бабушкинская»;0.025379972365646136;349;подтверждено;14
17;weekend;14;1;18;Улица Менжинского, 38;0.02479819649480038;341;подтверждено;14
17;weekend;14;1;19;Сухонская улица;0.02988873536470075;411;подтверждено;14
17;weekend;14;1;20;Проезд Шокальского;0.022180205075994473;305;подтверждено;14
17;weekend;14;1;21;МФЦ «Южное Медведково»;0.008144862191840593;112;подтверждено;14
17;weekend;14;1;22;Культурно-досуговый центр;0.012580903207039489;173;подтверждено;14
17;weekend;14;1;23;Улица Молодцова;0.013671732964875281;188;подтверждено;14
17;weekend;14;1;24;Поликлиника;0.01570794851283543;216;подтверждено;14
17;weekend;14;1;25;Улица Тихомирова;0.011271907497636536;155;подтверждено;14
17;weekend;15;0;1;Медведково;0.07187875150060025;958;подтверждено;15
17;weekend;15;0;2;Улица Тихомирова;0.02228391356542617;297;подтверждено;15
17;weekend;15;0;3;Поликлиника;0.027611044417767107;368;подтверждено;15
17;weekend;15;0;4;Улица Молодцова;0.02851140456182473;380;подтверждено;15
17;weekend;15;0;5;Культурно-досуговый центр;0.027160864345738295;362;подтверждено;15
17;weekend;15;0;6;МФЦ Южное Медведково;0.04809423769507803;641;подтверждено;15
17;weekend;15;0;7;Проезд Шокальского;0.021983793517406962;293;подтверждено;15
17;weekend;15;0;8;Сухонская улица;0.01868247298919568;249;подтверждено;15
17;weekend;15;0;9;Улица Менжинского, 38;0.030612244897959183;408;подтверждено;15
17;weekend;15;0;10;Метро «Бабушкинская»;0.03083733493397359;411;подтверждено;15
17;weekend;15;0;11;Печорская улица;0.021308523409363747;284;подтверждено;15
17;weekend;15;0;12;Радужная улица;0.017707082833133252;236;подтверждено;15
17;weekend;15;0;13;Верхоянская улица;0.0117046818727491;156;подтверждено;15
17;weekend;15;0;14;Берингов проезд;0.01748199279711885;233;подтверждено;15
17;weekend;15;0;15;Социальный фонд России;0.020783313325330132;277;подтверждено;15
17;weekend;15;0;16;Северянинский путепровод;0.014405762304921969;192;подтверждено;15
17;weekend;15;0;17;МЦК Ростокино;0.026785714285714284;357;подтверждено;15
17;weekend;15;0;18;Улица Докукина;0.03196278511404562;426;подтверждено;15
17;weekend;15;0;19;Сельскохозяйственная улица;0.019432773109243698;259;подтверждено;15
17;weekend;15;0;20;Улица Сергея Эйзенштейна;0.009303721488595438;124;подтверждено;15
17;weekend;15;0;21;ВДНХ (северная);0.006077430972388956;81;подтверждено;15
17;weekend;15;0;22;Метро «ВДНХ»;0.008403361344537815;112;подтверждено;15
17;weekend;15;0;23;ВДНХ (южная);0.004201680672268907;56;подтверждено;15
17;weekend;15;0;24;Улица Цандера;0.0035264105642256903;47;подтверждено;15
17;weekend;15;0;25;Аргуновская улица;0.008028211284513805;107;подтверждено;15
17;weekend;15;1;1;Останкино;0.03939075630252101;525;подтверждено;15
17;weekend;15;1;2;Аргуновская улица;0.00742797118847539;99;подтверждено;15
17;weekend;15;1;3;Улица Цандера;0.012605042016806723;168;подтверждено;15
17;weekend;15;1;4;ВДНХ (южная);0.017031812725090037;227;подтверждено;15
17;weekend;15;1;5;Метро «ВДНХ»;0.017106842737094837;228;подтверждено;15
17;weekend;15;1;6;ВДНХ (северная);0.021908763505402162;292;подтверждено;15
17;weekend;15;1;7;Улица Сергея Эйзенштейна;0.01485594237695078;198;подтверждено;15
17;weekend;15;1;8;Сельскохозяйственная улица;0.014930972388955582;199;подтверждено;15
17;weekend;15;1;9;Улица Докукина;0.01838235294117647;245;подтверждено;15
17;weekend;15;1;10;МЦК Ростокино;0.021983793517406962;293;подтверждено;15
17;weekend;15;1;11;Северянинский путепровод;0.030687274909963987;409;подтверждено;15
17;weekend;15;1;12;Социальный фонд России;0.025135054021608642;335;подтверждено;15
17;weekend;15;1;13;Берингов проезд;0.00937875150060024;125;подтверждено;15
17;weekend;15;1;14;Верхоянская улица;0.00900360144057623;120;подтверждено;15
17;weekend;15;1;15;Радужная улица;0.016131452581032414;215;подтверждено;15
17;weekend;15;1;16;Печорская улица;0.01913265306122449;255;подтверждено;15
17;weekend;15;1;17;Метро «Бабушкинская»;0.022433973589435774;299;подтверждено;15
17;weekend;15;1;18;Улица Менжинского, 38;0.020633253301320528;275;подтверждено;15
17;weekend;15;1;19;Сухонская улица;0.02776110444177671;370;подтверждено;15
17;weekend;15;1;20;Проезд Шокальского;0.023109243697478993;308;подтверждено;15
17;weekend;15;1;21;МФЦ «Южное Медведково»;0.010579231692677072;141;подтверждено;15
17;weekend;15;1;22;Культурно-досуговый центр;0.013055222088835534;174;подтверждено;15
17;weekend;15;1;23;Улица Молодцова;0.013730492196878752;183;подтверждено;15
17;weekend;15;1;24;Поликлиника;0.013430372148859544;179;подтверждено;15
17;weekend;15;1;25;Улица Тихомирова;0.011404561824729893;152;подтверждено;15
17;weekend;16;0;1;Медведково;0.058958765944823494;795;подтверждено;16
17;weekend;16;0;2;Улица Тихомирова;0.016686443191931178;225;подтверждено;16
17;weekend;16;0;3;Поликлиника;0.02336102046870365;315;подтверждено;16
17;weekend;16;0;4;Улица Молодцова;0.023954316226638978;323;подтверждено;16
17;weekend;16;0;5;Культурно-досуговый центр;0.02981311183625037;402;подтверждено;16
17;weekend;16;0;6;МФЦ Южное Медведково;0.04138237911598932;558;подтверждено;16
17;weekend;16;0;7;Проезд Шокальского;0.023286858498961734;314;подтверждено;16
17;weekend;16;0;8;Сухонская улица;0.014684070008899437;198;подтверждено;16
17;weekend;16;0;9;Улица Менжинского, 38;0.022841886680510234;308;подтверждено;16
17;weekend;16;0;10;Метро «Бабушкинская»;0.034411153960249186;464;подтверждено;16
17;weekend;16;0;11;Печорская улица;0.022619400771284486;305;подтверждено;16
17;weekend;16;0;12;Радужная улица;0.013274992583803026;179;подтверждено;16
17;weekend;16;0;13;Верхоянская улица;0.009196084247997626;124;подтверждено;16
17;weekend;16;0;14;Берингов проезд;0.016538119252447345;223;подтверждено;16
17;weekend;16;0;15;Социальный фонд России;0.016760605161673093;226;подтверждено;16
17;weekend;16;0;16;Северянинский путепровод;0.016760605161673093;226;подтверждено;16
17;weekend;16;0;17;МЦК Ростокино;0.02580836547018689;348;подтверждено;16
17;weekend;16;0;18;Улица Докукина;0.03151883714031445;425;подтверждено;16
17;weekend;16;0;19;Сельскохозяйственная улица;0.022396914862058737;302;подтверждено;16
17;weekend;16;0;20;Улица Сергея Эйзенштейна;0.011198457431029369;151;подтверждено;16
17;weekend;16;0;21;ВДНХ (северная);0.006229605458320973;84;подтверждено;16
17;weekend;16;0;22;Метро «ВДНХ»;0.01238504894690003;167;подтверждено;16
17;weekend;16;0;23;ВДНХ (южная);0.003485612577870068;47;подтверждено;16
17;weekend;16;0;24;Улица Цандера;0.005784633639869475;78;подтверждено;16
17;weekend;16;0;25;Аргуновская улица;0.008899436369029961;120;подтверждено;16
17;weekend;16;1;1;Останкино;0.04078908335805399;550;подтверждено;16
17;weekend;16;1;2;Аргуновская улица;0.010160189854642539;137;подтверждено;16
17;weekend;16;1;3;Улица Цандера;0.013794126371996441;186;подтверждено;16
17;weekend;16;1;4;ВДНХ (южная);0.0154256897063186;208;подтверждено;16
17;weekend;16;1;5;Метро «ВДНХ»;0.023583506377929397;318;подтверждено;16
17;weekend;16;1;6;ВДНХ (северная);0.0358202313853456;483;подтверждено;16
17;weekend;16;1;7;Улица Сергея Эйзенштейна;0.011865915158706615;160;подтверждено;16
17;weekend;16;1;8;Сельскохозяйственная улица;0.017798872738059923;240;подтверждено;16
17;weekend;16;1;9;Улица Докукина;0.0231385345594779;312;подтверждено;16
17;weekend;16;1;10;МЦК Ростокино;0.02380599228715515;321;подтверждено;16
17;weekend;16;1;11;Северянинский путепровод;0.03530109759715218;476;подтверждено;16
17;weekend;16;1;12;Социальный фонд России;0.024621773954316226;332;подтверждено;16
17;weekend;16;1;13;Берингов проезд;0.013423316523286858;181;подтверждено;16
17;weekend;16;1;14;Верхоянская улица;0.008825274399288045;119;подтверждено;16
17;weekend;16;1;15;Радужная улица;0.014016612281222189;189;подтверждено;16
17;weekend;16;1;16;Печорская улица;0.018985464253930585;256;подтверждено;16
17;weekend;16;1;17;Метро «Бабушкинская»;0.023954316226638978;323;подтверждено;16
17;weekend;16;1;18;Улица Менжинского, 38;0.01802135864728567;243;подтверждено;16
17;weekend;16;1;19;Сухонская улица;0.029887273805992286;403;подтверждено;16
17;weekend;16;1;20;Проезд Шокальского;0.025956689409670722;350;подтверждено;16
17;weekend;16;1;21;МФЦ «Южное Медведково»;0.009121922278255711;123;подтверждено;16
17;weekend;16;1;22;Культурно-досуговый центр;0.010086027884900622;136;подтверждено;16
17;weekend;16;1;23;Улица Молодцова;0.008083654701868882;109;подтверждено;16
17;weekend;16;1;24;Поликлиника;0.01809552061702759;244;подтверждено;16
17;weekend;16;1;25;Улица Тихомирова;0.01320083061406111;178;подтверждено;16
17;weekend;17;0;1;Медведково;0.049251058287202866;605;подтверждено;17
17;weekend;17;0;2;Улица Тихомирова;0.014246173884728102;175;подтверждено;17
17;weekend;17;0;3;Поликлиника;0.026701400195376097;328;подтверждено;17
17;weekend;17;0;4;Улица Молодцова;0.025561706284597852;314;подтверждено;17
17;weekend;17;0;5;Культурно-досуговый центр;0.02841094106154347;349;подтверждено;17
17;weekend;17;0;6;МФЦ Южное Медведково;0.0348420709866493;428;подтверждено;17
17;weekend;17;0;7;Проезд Шокальского;0.018316509280364702;225;подтверждено;17
17;weekend;17;0;8;Сухонская улица;0.01261803972647346;155;подтверждено;17
17;weekend;17;0;9;Улица Менжинского, 38;0.020026050146532075;246;подтверждено;17
17;weekend;17;0;10;Метро «Бабушкинская»;0.030934549006838164;380;подтверждено;17
17;weekend;17;0;11;Печорская улица;0.015223054379680885;187;подтверждено;17
17;weekend;17;0;12;Радужная улица;0.011478345815695214;141;подтверждено;17
17;weekend;17;0;13;Верхоянская улица;0.010257245197004234;126;подтверждено;17
17;weekend;17;0;14;Берингов проезд;0.013025073266037121;160;подтверждено;17
17;weekend;17;0;15;Социальный фонд России;0.014408987300553566;177;подтверждено;17
17;weekend;17;0;16;Северянинский путепровод;0.014083360468902637;173;подтверждено;17
17;weekend;17;0;17;МЦК Ростокино;0.02841094106154347;349;подтверждено;17
17;weekend;17;0;18;Улица Докукина;0.03720286551611853;457;подтверждено;17
17;weekend;17;0;19;Сельскохозяйственная улица;0.024177792250081407;297;подтверждено;17
17;weekend;17;0;20;Улица Сергея Эйзенштейна;0.013432106805600781;165;подтверждено;17
17;weekend;17;0;21;ВДНХ (северная);0.006105503093454901;75;подтверждено;17
17;weekend;17;0;22;Метро «ВДНХ»;0.008384890915011397;103;подтверждено;17
17;weekend;17;0;23;ВДНХ (южная);0.007652230543796809;94;подтверждено;17
17;weekend;17;0;24;Улица Цандера;0.0056984695538912404;70;подтверждено;17
17;weekend;17;0;25;Аргуновская улица;0.011559752523607945;142;подтверждено;17
17;weekend;17;1;1;Останкино;0.05429827417779225;667;подтверждено;17
17;weekend;17;1;2;Аргуновская улица;0.012211006186909802;150;подтверждено;17
17;weekend;17;1;3;Улица Цандера;0.015548681211331813;191;подтверждено;17
17;weekend;17;1;4;ВДНХ (южная);0.02434060566590687;299;подтверждено;17
17;weekend;17;1;5;Метро «ВДНХ»;0.025398892868772387;312;подтверждено;17
17;weekend;17;1;6;ВДНХ (северная);0.03630739172907848;446;подтверждено;17
17;weekend;17;1;7;Улица Сергея Эйзенштейна;0.01660696841419733;204;подтверждено;17
17;weekend;17;1;8;Сельскохозяйственная улица;0.01872354281992836;230;подтверждено;17
17;weekend;17;1;9;Улица Докукина;0.02027027027027027;249;подтверждено;17
17;weekend;17;1;10;МЦК Ростокино;0.023689352002605014;291;подтверждено;17
17;weekend;17;1;11;Северянинский путепровод;0.04371540214913709;537;подтверждено;17
17;weekend;17;1;12;Социальный фонд России;0.029387821556496257;361;подтверждено;17
17;weekend;17;1;13;Берингов проезд;0.010013025073266037;123;подтверждено;17
17;weekend;17;1;14;Верхоянская улица;0.0074080104200586125;91;подтверждено;17
17;weekend;17;1;15;Радужная улица;0.014734614132204494;181;подтверждено;17
17;weekend;17;1;16;Печорская улица;0.019619016606968413;241;подтверждено;17
17;weekend;17;1;17;Метро «Бабушкинская»;0.019944643438619344;245;подтверждено;17
17;weekend;17;1;18;Улица Менжинского, 38;0.02629436665581244;323;подтверждено;17
17;weekend;17;1;19;Сухонская улица;0.03223705633344188;396;подтверждено;17
17;weekend;17;1;20;Проезд Шокальского;0.020514490394008468;252;подтверждено;17
17;weekend;17;1;21;МФЦ «Южное Медведково»;0.006431129925105829;79;подтверждено;17
17;weekend;17;1;22;Культурно-досуговый центр;0.007977857375447737;98;подтверждено;17
17;weekend;17;1;23;Улица Молодцова;0.009443178117876913;116;подтверждено;17
17;weekend;17;1;24;Поликлиника;0.012862259850211657;158;подтверждено;17
17;weekend;17;1;25;Улица Тихомирова;0.010013025073266037;123;подтверждено;17
17;weekend;18;0;1;Медведково;0.057124459571336585;621;подтверждено;18
17;weekend;18;0;2;Улица Тихомирова;0.014902032931653021;162;подтверждено;18
17;weekend;18;0;3;Поликлиника;0.021525158679054364;234;подтверждено;18
17;weekend;18;0;4;Улица Молодцова;0.02492870941035783;271;подтверждено;18
17;weekend;18;0;5;Культурно-досуговый центр;0.024652745837549443;268;подтверждено;18
17;weekend;18;0;6;МФЦ Южное Медведково;0.03504737374666544;381;подтверждено;18
17;weekend;18;0;7;Проезд Шокальского;0.024192806549535463;263;подтверждено;18
17;weekend;18;0;8;Сухонская улица;0.011222518627541164;122;подтверждено;18
17;weekend;18;0;9;Улица Менжинского, 38;0.023824855119124275;259;подтверждено;18
17;weekend;18;0;10;Метро «Бабушкинская»;0.02962009014810045;322;подтверждено;18
17;weekend;18;0;11;Печорская улица;0.021341182963848772;232;подтверждено;18
17;weekend;18;0;12;Радужная улица;0.017661668659736916;192;подтверждено;18
17;weekend;18;0;13;Верхоянская улица;0.015453960077269801;168;подтверждено;18
17;weekend;18;0;14;Берингов проезд;0.016925765798914544;184;подтверждено;18
17;weekend;18;0;15;Социальный фонд России;0.015086008646858615;164;подтверждено;18
17;weekend;18;0;16;Северянинский путепровод;0.02290497654309631;249;подтверждено;18
17;weekend;18;0;17;МЦК Ростокино;0.02373286726152148;258;подтверждено;18
17;weekend;18;0;18;Улица Докукина;0.036427191610707385;396;подтверждено;18
17;weekend;18;0;19;Сельскохозяйственная улица;0.01784564437494251;194;подтверждено;18
17;weekend;18;0;20;Улица Сергея Эйзенштейна;0.014534081501241835;158;подтверждено;18
17;weekend;18;0;21;ВДНХ (северная);0.011130530769938368;121;подтверждено;18
17;weekend;18;0;22;Метро «ВДНХ»;0.010486615766718794;114;подтверждено;18
17;weekend;18;0;23;ВДНХ (южная);0.014810045074050225;161;подтверждено;18
17;weekend;18;0;24;Улица Цандера;0.004875356452948211;53;подтверждено;18
17;weekend;18;0;25;Аргуновская улица;0.01159047005795235;126;подтверждено;18
17;weekend;18;1;1;Останкино;0.03817496090516052;415;подтверждено;18
17;weekend;18;1;2;Аргуновская улица;0.010118664336307608;110;подтверждено;18
17;weekend;18;1;3;Улица Цандера;0.015361972219667003;167;подтверждено;18
17;weekend;18;1;4;ВДНХ (южная);0.012970287921994297;141;подтверждено;18
17;weekend;18;1;5;Метро «ВДНХ»;0.026400515132002575;287;подтверждено;18
17;weekend;18;1;6;ВДНХ (северная);0.026768466562413763;291;подтверждено;18
17;weekend;18;1;7;Улица Сергея Эйзенштейна;0.018489559378162084;201;подтверждено;18
17;weekend;18;1;8;Сельскохозяйственная улица;0.01858154723576488;202;подтверждено;18
17;weekend;18;1;9;Улица Докукина;0.019501425811792844;212;подтверждено;18
17;weekend;18;1;10;МЦК Ростокино;0.021249195106245976;231;подтверждено;18
17;weekend;18;1;11;Северянинский путепровод;0.02787232085364732;303;подтверждено;18
17;weekend;18;1;12;Социальный фонд России;0.030907920154539602;336;подтверждено;18
17;weekend;18;1;13;Берингов проезд;0.014350105786036243;156;подтверждено;18
17;weekend;18;1;14;Верхоянская улица;0.013706190782816667;149;подтверждено;18
17;weekend;18;1;15;Радужная улица;0.009474749333088032;103;подтверждено;18
17;weekend;18;1;16;Печорская улица;0.02391684297672707;260;подтверждено;18
17;weekend;18;1;17;Метро «Бабушкинская»;0.015269984362064207;166;подтверждено;18
17;weekend;18;1;18;Улица Менжинского, 38;0.0258485879863858;281;подтверждено;18
17;weekend;18;1;19;Сухонская улица;0.027136417992824947;295;подтверждено;18
17;weekend;18;1;20;Проезд Шокальского;0.022445037255082328;244;подтверждено;18
17;weekend;18;1;21;МФЦ «Южное Медведково»;0.006347162174592954;69;подтверждено;18
17;weekend;18;1;22;Культурно-досуговый центр;0.012694324349185908;138;подтверждено;18
17;weekend;18;1;23;Улица Молодцова;0.009934688621102014;108;подтверждено;18
17;weekend;18;1;24;Поликлиника;0.017937632232545304;195;подтверждено;18
17;weekend;18;1;25;Улица Тихомирова;0.012694324349185908;138;подтверждено;18
17;weekend;19;0;1;Медведково;0.0467481997942622;409;подтверждено;19
17;weekend;19;0;2;Улица Тихомирова;0.008000914390216024;70;подтверждено;19
17;weekend;19;0;3;Поликлиника;0.012801463024345639;112;подтверждено;19
17;weekend;19;0;4;Улица Молодцова;0.02034518230654932;178;подтверждено;19
17;weekend;19;0;5;Культурно-досуговый центр;0.020459481083552406;179;подтверждено;19
17;weekend;19;0;6;МФЦ Южное Медведково;0.026517316264715967;232;подтверждено;19
17;weekend;19;0;7;Проезд Шокальского;0.013830152017373414;121;подтверждено;19
17;weekend;19;0;8;Сухонская улица;0.010629786261287005;93;подтверждено;19
17;weekend;19;0;9;Улица Менжинского, 38;0.015087438564407361;132;подтверждено;19
17;weekend;19;0;10;Метро «Бабушкинская»;0.024459938278660418;214;подтверждено;19
17;weekend;19;0;11;Печорская улица;0.023659846839638815;207;подтверждено;19
17;weekend;19;0;12;Радужная улица;0.01920219453651846;168;подтверждено;19
17;weekend;19;0;13;Верхоянская улица;0.012229969139330209;107;подтверждено;19
17;weekend;19;0;14;Берингов проезд;0.014744542233398102;129;подтверждено;19
17;weekend;19;0;15;Социальный фонд России;0.013144359355354898;115;подтверждено;19
17;weekend;19;0;16;Северянинский путепровод;0.008458109498228368;74;подтверждено;19
17;weekend;19;0;17;МЦК Ростокино;0.025374328494685107;222;подтверждено;19
17;weekend;19;0;18;Улица Докукина;0.045148016916218996;395;подтверждено;19
17;weekend;19;0;19;Сельскохозяйственная улица;0.019659389644530803;172;подтверждено;19
17;weekend;19;0;20;Улица Сергея Эйзенштейна;0.016459023888444394;144;подтверждено;19
17;weekend;19;0;21;ВДНХ (северная);0.01017259115327466;89;подтверждено;19
17;weekend;19;0;22;Метро «ВДНХ»;0.006286432735169734;55;подтверждено;19
17;weekend;19;0;23;ВДНХ (южная);0.011544176477311693;101;подтверждено;19
17;weekend;19;0;24;Улица Цандера;0.0069722253971882505;61;подтверждено;19
17;weekend;19;0;25;Аргуновская улица;0.011772774031317865;103;подтверждено;19
17;weekend;19;1;1;Останкино;0.04171905360612641;365;подтверждено;19
17;weekend;19;1;2;Аргуновская улица;0.010858383815293176;95;подтверждено;19
17;weekend;19;1;3;Улица Цандера;0.017602011658475254;154;подтверждено;19
17;weekend;19;1;4;ВДНХ (южная);0.01771631043547834;155;подтверждено;19
17;weekend;19;1;5;Метро «ВДНХ»;0.0286889930277746;251;подтверждено;19
17;weekend;19;1;6;ВДНХ (северная);0.039090181735055435;342;подтверждено;19
17;weekend;19;1;7;Улица Сергея Эйзенштейна;0.019316493313521546;169;подтверждено;19
17;weekend;19;1;8;Сельскохозяйственная улица;0.02240256029260487;196;подтверждено;19
17;weekend;19;1;9;Улица Докукина;0.018973596982512286;166;подтверждено;19
17;weekend;19;1;10;МЦК Ростокино;0.024459938278660418;214;подтверждено;19
17;weekend;19;1;11;Северянинский путепровод;0.04309063893016345;377;подтверждено;19
17;weekend;19;1;12;Социальный фонд России;0.028117499142759173;246;подтверждено;19
17;weekend;19;1;13;Берингов проезд;0.015887530003428962;139;подтверждено;19
17;weekend;19;1;14;Верхоянская улица;0.012115670362327123;106;подтверждено;19
17;weekend;19;1;15;Радужная улица;0.014287347125385758;125;подтверждено;19
17;weekend;19;1;16;Печорская улица;0.021716767630586352;190;подтверждено;19
17;weekend;19;1;17;Метро «Бабушкинская»;0.04480512058520974;392;подтверждено;19
17;weekend;19;1;18;Улица Менжинского, 38;0.01920219453651846;168;подтверждено;19
17;weekend;19;1;19;Сухонская улица;0.036232712309978286;317;подтверждено;19
17;weekend;19;1;20;Проезд Шокальского;0.026517316264715967;232;подтверждено;19
17;weekend;19;1;21;МФЦ «Южное Медведково»;0.007886615613212938;69;подтверждено;19
17;weekend;19;1;22;Культурно-досуговый центр;0.00960109726825923;84;подтверждено;19
17;weekend;19;1;23;Улица Молодцова;0.006629329066178992;58;подтверждено;19
17;weekend;19;1;24;Поликлиника;0.014973139787404275;131;подтверждено;19
17;weekend;19;1;25;Улица Тихомирова;0.014401645902388844;126;подтверждено;19
17;weekend;20;0;1;Медведково;0.03966844286560095;268;подтверждено;20
17;weekend;20;0;2;Улица Тихомирова;0.010953226761397277;74;подтверждено;20
17;weekend;20;0;3;Поликлиника;0.020870337477797513;141;подтверждено;20
17;weekend;20;0;4;Улица Молодцова;0.018946121965660152;128;подтверждено;20
17;weekend;20;0;5;Культурно-досуговый центр;0.017169923031379514;116;подтверждено;20
17;weekend;20;0;6;МФЦ Южное Медведково;0.02767910005920663;187;подтверждено;20
17;weekend;20;0;7;Проезд Шокальского;0.012729425695677915;86;подтверждено;20
17;weekend;20;0;8;Сухонская улица;0.008140911782119597;55;подтверждено;20
17;weekend;20;0;9;Улица Менжинского, 38;0.013617525162818236;92;подтверждено;20
17;weekend;20;0;10;Метро «Бабушкинская»;0.021906453522794554;148;подтверждено;20
17;weekend;20;0;11;Печорская улица;0.021906453522794554;148;подтверждено;20
17;weekend;20;0;12;Радужная улица;0.018798105387803434;127;подтверждено;20
17;weekend;20;0;13;Верхоянская улица;0.0076968620485494375;52;подтверждено;20
17;weekend;20;0;14;Берингов проезд;0.011249259917110717;76;подтверждено;20
17;weekend;20;0;15;Социальный фонд России;0.013469508584961517;91;подтверждено;20
17;weekend;20;0;16;Северянинский путепровод;0.017021906453522796;115;подтверждено;20
17;weekend;20;0;17;МЦК Ростокино;0.03345174659561871;226;подтверждено;20
17;weekend;20;0;18;Улица Докукина;0.039224393132030785;265;подтверждено;20
17;weekend;20;0;19;Сельскохозяйственная улица;0.017317939609236235;117;подтверждено;20
17;weekend;20;0;20;Улица Сергея Эйзенштейна;0.014357608052101836;97;подтверждено;20
17;weekend;20;0;21;ВДНХ (северная);0.009621077560686798;65;подтверждено;20
17;weekend;20;0;22;Метро «ВДНХ»;0.014061574896388396;95;подтверждено;20
17;weekend;20;0;23;ВДНХ (южная);0.007844878626406157;53;подтверждено;20
17;weekend;20;0;24;Улица Цандера;0.0076968620485494375;52;подтверждено;20
17;weekend;20;0;25;Аргуновская улица;0.012581409117821196;85;подтверждено;20
17;weekend;20;1;1;Останкино;0.03833629366489047;259;подтверждено;20
17;weekend;20;1;2;Аргуновская улица;0.0066607460035523975;45;подтверждено;20
17;weekend;20;1;3;Улица Цандера;0.018650088809946713;126;подтверждено;20
17;weekend;20;1;4;ВДНХ (южная);0.012581409117821196;85;подтверждено;20
17;weekend;20;1;5;Метро «ВДНХ»;0.02856719952634695;193;подтверждено;20
17;weekend;20;1;6;ВДНХ (северная);0.046033155713439904;311;подтверждено;20
17;weekend;20;1;7;Улица Сергея Эйзенштейна;0.014357608052101836;97;подтверждено;20
17;weekend;20;1;8;Сельскохозяйственная улица;0.02264653641207815;153;подтверждено;20
17;weekend;20;1;9;Улица Докукина;0.021906453522794554;148;подтверждено;20
17;weekend;20;1;10;МЦК Ростокино;0.03049141503848431;206;подтверждено;20
17;weekend;20;1;11;Северянинский путепровод;0.046921255180580226;317;подтверждено;20
17;weekend;20;1;12;Социальный фонд России;0.03848431024274719;260;подтверждено;20
17;weekend;20;1;13;Берингов проезд;0.020722320899940794;140;подтверждено;20
17;weekend;20;1;14;Верхоянская улица;0.007104795737122558;48;подтверждено;20
17;weekend;20;1;15;Радужная улица;0.009177027827116636;62;подтверждено;20
17;weekend;20;1;16;Печорская улица;0.017613972764949675;119;подтверждено;20
17;weekend;20;1;17;Метро «Бабушкинская»;0.019538188277087035;132;подтверждено;20
17;weekend;20;1;18;Улица Менжинского, 38;0.026198934280639432;177;подтверждено;20
17;weekend;20;1;19;Сухонская улица;0.038632326820603906;261;подтверждено;20
17;weekend;20;1;20;Проезд Шокальского;0.045589105979869746;308;подтверждено;20
17;weekend;20;1;21;МФЦ «Южное Медведково»;0.008880994671403197;60;подтверждено;20
17;weekend;20;1;22;Культурно-досуговый центр;0.009325044404973356;63;подтверждено;20
17;weekend;20;1;23;Улица Молодцова;0.006068679692125518;41;подтверждено;20
17;weekend;20;1;24;Поликлиника;0.013765541740674956;93;подтверждено;20
17;weekend;20;1;25;Улица Тихомирова;0.013765541740674956;93;подтверждено;20
17;weekend;21;0;1;Медведково;0.048785594639865995;233;подтверждено;21
17;weekend;21;0;2;Улица Тихомирова;0.008165829145728644;39;подтверждено;21
17;weekend;21;0;3;Поликлиника;0.01507537688442211;72;подтверждено;21
17;weekend;21;0;4;Улица Молодцова;0.019891122278056953;95;подтверждено;21
17;weekend;21;0;5;Культурно-досуговый центр;0.020938023450586266;100;подтверждено;21
17;weekend;21;0;6;МФЦ Южное Медведково;0.03789782244556114;181;подтверждено;21
17;weekend;21;0;7;Проезд Шокальского;0.014447236180904523;69;подтверждено;21
17;weekend;21;0;8;Сухонская улица;0.014656616415410386;70;подтверждено;21
17;weekend;21;0;9;Улица Менжинского, 38;0.01423785594639866;68;подтверждено;21
17;weekend;21;0;10;Метро «Бабушкинская»;0.025753768844221106;123;подтверждено;21
17;weekend;21;0;11;Печорская улица;0.021775544388609715;104;подтверждено;21
17;weekend;21;0;12;Радужная улица;0.006700167504187605;32;подтверждено;21
17;weekend;21;0;13;Верхоянская улица;0.015284757118927973;73;подтверждено;21
17;weekend;21;0;14;Берингов проезд;0.022613065326633167;108;подтверждено;21
17;weekend;21;0;15;Социальный фонд России;0.02135678391959799;102;подтверждено;21
17;weekend;21;0;16;Северянинский путепровод;0.007537688442211055;36;подтверждено;21
17;weekend;21;0;17;МЦК Ростокино;0.029103852596314907;139;подтверждено;21
17;weekend;21;0;18;Улица Докукина;0.055067001675041874;263;подтверждено;21
17;weekend;21;0;19;Сельскохозяйственная улица;0.036013400335008376;172;подтверждено;21
17;weekend;21;0;20;Улица Сергея Эйзенштейна;0.020100502512562814;96;подтверждено;21
17;weekend;21;0;21;ВДНХ (северная);0.01340033500837521;64;подтверждено;21
17;weekend;21;0;22;Метро «ВДНХ»;0.005234505862646567;25;подтверждено;21
17;weekend;21;0;23;ВДНХ (южная);0.006072026800670017;29;подтверждено;21
17;weekend;21;0;24;Улица Цандера;0.006700167504187605;32;подтверждено;21
17;weekend;21;0;25;Аргуновская улица;0.019891122278056953;95;подтверждено;21
17;weekend;21;1;1;Останкино;0.026381909547738693;126;подтверждено;21
17;weekend;21;1;2;Аргуновская улица;0.002931323283082077;14;подтверждено;21
17;weekend;21;1;3;Улица Цандера;0.01654103852596315;79;подтверждено;21
17;weekend;21;1;4;ВДНХ (южная);0.01277219430485762;61;подтверждено;21
17;weekend;21;1;5;Метро «ВДНХ»;0.013190954773869347;63;подтверждено;21
17;weekend;21;1;6;ВДНХ (северная);0.030569514237855946;146;подтверждено;21
17;weekend;21;1;7;Улица Сергея Эйзенштейна;0.01109715242881072;53;подтверждено;21
17;weekend;21;1;8;Сельскохозяйственная улица;0.015703517587939697;75;подтверждено;21
17;weekend;21;1;9;Улица Докукина;0.010050251256281407;48;подтверждено;21
17;weekend;21;1;10;МЦК Ростокино;0.015703517587939697;75;подтверждено;21
17;weekend;21;1;11;Северянинский путепровод;0.02554438860971524;122;подтверждено;21
17;weekend;21;1;12;Социальный фонд России;0.03350083752093802;160;подтверждено;21
17;weekend;21;1;13;Берингов проезд;0.024916247906197654;119;подтверждено;21
17;weekend;21;1;14;Верхоянская улица;0.013609715242881073;65;подтверждено;21
17;weekend;21;1;15;Радужная улица;0.013609715242881073;65;подтверждено;21
17;weekend;21;1;16;Печорская улица;0.01256281407035176;60;подтверждено;21
17;weekend;21;1;17;Метро «Бабушкинская»;0.024706867671691793;118;подтверждено;21
17;weekend;21;1;18;Улица Менжинского, 38;0.026591289782244554;127;подтверждено;21
17;weekend;21;1;19;Сухонская улица;0.05695142378559464;272;подтверждено;21
17;weekend;21;1;20;Проезд Шокальского;0.04082914572864322;195;подтверждено;21
17;weekend;21;1;21;МФЦ «Южное Медведково»;0.013190954773869347;63;подтверждено;21
17;weekend;21;1;22;Культурно-досуговый центр;0.01193467336683417;57;подтверждено;21
17;weekend;21;1;23;Улица Молодцова;0.007328308207705193;35;подтверждено;21
17;weekend;21;1;24;Поликлиника;0.018006700167504188;86;подтверждено;21
17;weekend;21;1;25;Улица Тихомирова;0.01507537688442211;72;подтверждено;21
17;weekend;22;0;1;Медведково;0.026124818577648767;72;подтверждено;22
17;weekend;22;0;2;Улица Тихомирова;0.006894049346879536;19;подтверждено;22
17;weekend;22;0;3;Поликлиника;0.010159651669085631;28;подтверждено;22
17;weekend;22;0;4;Улица Молодцова;0.013788098693759071;38;подтверждено;22
17;weekend;22;0;5;Культурно-досуговый центр;0.01451378809869376;40;подтверждено;22
17;weekend;22;0;6;МФЦ Южное Медведково;0.01269956458635704;35;подтверждено;22
17;weekend;22;0;7;Проезд Шокальского;0.011248185776487663;31;подтверждено;22
17;weekend;22;0;8;Сухонская улица;0.006168359941944848;17;подтверждено;22
17;weekend;22;0;9;Улица Менжинского, 38;0.008708272859216255;24;подтверждено;22
17;weekend;22;0;10;Метро «Бабушкинская»;0.01632801161103048;45;подтверждено;22
17;weekend;22;0;11;Печорская улица;0.01088534107402032;30;подтверждено;22
17;weekend;22;0;12;Радужная улица;0.013788098693759071;38;подтверждено;22
17;weekend;22;0;13;Верхоянская улица;0.012336719883889695;34;подтверждено;22
17;weekend;22;0;14;Берингов проезд;0.019593613933236574;54;подтверждено;22
17;weekend;22;0;15;Социальный фонд России;0.015965166908563134;44;подтверждено;22
17;weekend;22;0;16;Северянинский путепровод;0.009071117561683599;25;подтверждено;22
17;weekend;22;0;17;МЦК Ростокино;0.027576197387518143;76;подтверждено;22
17;weekend;22;0;18;Улица Докукина;0.050072568940493466;138;подтверждено;22
17;weekend;22;0;19;Сельскохозяйственная улица;0.024310595065312045;67;подтверждено;22
17;weekend;22;0;20;Улица Сергея Эйзенштейна;0.023947750362844702;66;подтверждено;22
17;weekend;22;0;21;ВДНХ (северная);0.011248185776487663;31;подтверждено;22
17;weekend;22;0;22;Метро «ВДНХ»;0.018867924528301886;52;подтверждено;22
17;weekend;22;0;23;ВДНХ (южная);0.009071117561683599;25;подтверждено;22
17;weekend;22;0;24;Улица Цандера;0.006531204644412192;18;подтверждено;22
17;weekend;22;0;25;Аргуновская улица;0.020682148040638608;57;подтверждено;22
17;weekend;22;1;1;Останкино;0.03229317851959362;89;подтверждено;22
17;weekend;22;1;2;Аргуновская улица;0.010522496371552975;29;подтверждено;22
17;weekend;22;1;3;Улица Цандера;0.01741654571843251;48;подтверждено;22
17;weekend;22;1;4;ВДНХ (южная);0.013425253991291727;37;подтверждено;22
17;weekend;22;1;5;Метро «ВДНХ»;0.011973875181422351;33;подтверждено;22
17;weekend;22;1;6;ВДНХ (северная);0.031204644412191583;86;подтверждено;22
17;weekend;22;1;7;Улица Сергея Эйзенштейна;0.015602322206095792;43;подтверждено;22
17;weekend;22;1;8;Сельскохозяйственная улица;0.01451378809869376;40;подтверждено;22
17;weekend;22;1;9;Улица Докукина;0.017053701015965168;47;подтверждено;22
17;weekend;22;1;10;МЦК Ростокино;0.034107402031930335;94;подтверждено;22
17;weekend;22;1;11;Северянинский путепровод;0.05079825834542816;140;подтверждено;22
17;weekend;22;1;12;Социальный фонд России;0.03265602322206096;90;подтверждено;22
17;weekend;22;1;13;Берингов проезд;0.02576197387518142;71;подтверждено;22
17;weekend;22;1;14;Верхоянская улица;0.012336719883889695;34;подтверждено;22
17;weekend;22;1;15;Радужная улица;0.027939042089985485;77;подтверждено;22
17;weekend;22;1;16;Печорская улица;0.031567489114658925;87;подтверждено;22
17;weekend;22;1;17;Метро «Бабушкинская»;0.03011611030478955;83;подтверждено;22
17;weekend;22;1;18;Улица Менжинского, 38;0.01269956458635704;35;подтверждено;22
17;weekend;22;1;19;Сухонская улица;0.02358490566037736;65;подтверждено;22
17;weekend;22;1;20;Проезд Шокальского;0.052612481857764876;145;подтверждено;22
17;weekend;22;1;21;МФЦ «Южное Медведково»;0.019230769230769232;53;подтверждено;22
17;weekend;22;1;22;Культурно-досуговый центр;0.009433962264150943;26;подтверждено;22
17;weekend;22;1;23;Улица Молодцова;0.008708272859216255;24;подтверждено;22
17;weekend;22;1;24;Поликлиника;0.030478955007256895;84;подтверждено;22
17;weekend;22;1;25;Улица Тихомирова;0.033381712626995644;92;подтверждено;22
17;weekend;23;0;1;Медведково;0.04749512036434613;73;подтверждено;23
17;weekend;23;0;2;Улица Тихомирова;0.008458035133376708;13;подтверждено;23
17;weekend;23;0;3;Поликлиника;0.016916070266753416;26;подтверждено;23
17;weekend;23;0;4;Улица Молодцова;0.008458035133376708;13;подтверждено;23
17;weekend;23;0;5;Культурно-досуговый центр;0.025374105400130124;39;подтверждено;23
17;weekend;23;0;6;МФЦ Южное Медведково;0.026024723487312947;40;подтверждено;23
17;weekend;23;0;7;Проезд Шокальского;0.014313597918022121;22;подтверждено;23
17;weekend;23;0;8;Сухонская улица;0.005855562784645413;9;подтверждено;23
17;weekend;23;0;9;Улица Менжинского, 38;0.006506180871828237;10;подтверждено;23
17;weekend;23;0;10;Метро «Бабушкинская»;0.0071567989590110605;11;подтверждено;23
17;weekend;23;0;11;Печорская улица;0.01756668835393624;27;подтверждено;23
17;weekend;23;0;12;Радужная улица;0.009759271307742356;15;подтверждено;23
17;weekend;23;0;13;Верхоянская улица;0.014313597918022121;22;подтверждено;23
17;weekend;23;0;14;Берингов проезд;0.005855562784645413;9;подтверждено;23
17;weekend;23;0;15;Социальный фонд России;0.008458035133376708;13;подтверждено;23
17;weekend;23;0;16;Северянинский путепровод;0.009108653220559532;14;подтверждено;23
17;weekend;23;0;17;МЦК Ростокино;0.013012361743656473;20;подтверждено;23
17;weekend;23;0;18;Улица Докукина;0.02277163305139883;35;подтверждено;23
17;weekend;23;0;19;Сельскохозяйственная улица;0.03773584905660377;58;подтверждено;23
17;weekend;23;0;20;Улица Сергея Эйзенштейна;0.013662979830839297;21;подтверждено;23
17;weekend;23;0;21;ВДНХ (северная);0.009759271307742356;15;подтверждено;23
17;weekend;23;0;22;Метро «ВДНХ»;0.014313597918022121;22;подтверждено;23
17;weekend;23;0;23;ВДНХ (южная);0.02992843201040989;46;подтверждено;23
17;weekend;23;0;24;Улица Цандера;0.011711125569290826;18;подтверждено;23
17;weekend;23;0;25;Аргуновская улица;0.03383214053350683;52;подтверждено;23
17;weekend;23;1;1;Останкино;0.034482758620689655;53;подтверждено;23
17;weekend;23;1;2;Аргуновская улица;0.0071567989590110605;11;подтверждено;23
17;weekend;23;1;3;Улица Цандера;0.02081977878985036;32;подтверждено;23
17;weekend;23;1;4;ВДНХ (южная);0.011711125569290826;18;подтверждено;23
17;weekend;23;1;5;Метро «ВДНХ»;0.026675341574495772;41;подтверждено;23
17;weekend;23;1;6;ВДНХ (северная);0.02992843201040989;46;подтверждено;23
17;weekend;23;1;7;Улица Сергея Эйзенштейна;0.011711125569290826;18;подтверждено;23
17;weekend;23;1;8;Сельскохозяйственная улица;0.01040988939492518;16;подтверждено;23
17;weekend;23;1;9;Улица Докукина;0.013662979830839297;21;подтверждено;23
17;weekend;23;1;10;МЦК Ростокино;0.020169160702667534;31;подтверждено;23
17;weekend;23;1;11;Северянинский путепровод;0.03318152244632401;51;подтверждено;23
17;weekend;23;1;12;Социальный фонд России;0.03253090435914118;50;подтверждено;23
17;weekend;23;1;13;Берингов проезд;0.01040988939492518;16;подтверждено;23
17;weekend;23;1;14;Верхоянская улица;0.01040988939492518;16;подтверждено;23
17;weekend;23;1;15;Радужная улица;0.004554326610279766;7;подтверждено;23
17;weekend;23;1;16;Печорская улица;0.016916070266753416;26;подтверждено;23
17;weekend;23;1;17;Метро «Бабушкинская»;0.01951854261548471;30;подтверждено;23
17;weekend;23;1;18;Улица Менжинского, 38;0.008458035133376708;13;подтверждено;23
17;weekend;23;1;19;Сухонская улица;0.034482758620689655;53;подтверждено;23
17;weekend;23;1;20;Проезд Шокальского;0.13077423552374756;201;подтверждено;23
17;weekend;23;1;21;МФЦ «Южное Медведково»;0.028627195836044242;44;подтверждено;23
17;weekend;23;1;22;Культурно-досуговый центр;0.0071567989590110605;11;подтверждено;23
17;weekend;23;1;23;Улица Молодцова;0.008458035133376708;13;подтверждено;23
17;weekend;23;1;24;Поликлиника;0.01236174365647365;19;подтверждено;23
17;weekend;23;1;25;Улица Тихомирова;0.03708523096942095;57;подтверждено;23
25;weekday;0;0;1;Останкино;0.08333333333333333;4;вероятно;0
25;weekday;0;0;6;ВДНХ (северная);0.041666666666666664;2;вероятно;0
25;weekday;0;0;14;Б. Ширяевская ул.;0.020833333333333332;1;вероятно;0
25;weekday;0;0;18;Ул. Короленко;0.3125;15;вероятно;0
25;weekday;0;0;19;Охотничья улица;0.041666666666666664;2;вероятно;0
25;weekday;0;0;20;ПКиО «Сокольники»;0.08333333333333333;4;вероятно;0
25;weekday;0;1;1;Метро «Сокольники»;0.10416666666666667;5;вероятно;0
25;weekday;0;1;2;ПКиО «Сокольники»;0.041666666666666664;2;вероятно;0
25;weekday;0;1;3;Охотничья улица;0.041666666666666664;2;вероятно;0
25;weekday;0;1;8;Б. Ширяевская ул.;0.020833333333333332;1;вероятно;0
25;weekday;0;1;15;Проспект Мира;0.10416666666666667;5;вероятно;0
25;weekday;0;1;19;Улица Цандера;0.041666666666666664;2;вероятно;0
25;weekday;0;1;20;Аргуновская улица;0.0625;3;вероятно;0
25;weekday;1;0;1;Останкино;0.08333333333333333;4;вероятно;0
25;weekday;1;0;6;ВДНХ (северная);0.041666666666666664;2;вероятно;0
25;weekday;1;0;14;Б. Ширяевская ул.;0.020833333333333332;1;вероятно;0
25;weekday;1;0;18;Ул. Короленко;0.3125;15;вероятно;0
25;weekday;1;0;19;Охотничья улица;0.041666666666666664;2;вероятно;0
25;weekday;1;0;20;ПКиО «Сокольники»;0.08333333333333333;4;вероятно;0
25;weekday;1;1;1;Метро «Сокольники»;0.10416666666666667;5;вероятно;0
25;weekday;1;1;2;ПКиО «Сокольники»;0.041666666666666664;2;вероятно;0
25;weekday;1;1;3;Охотничья улица;0.041666666666666664;2;вероятно;0
25;weekday;1;1;8;Б. Ширяевская ул.;0.020833333333333332;1;вероятно;0
25;weekday;1;1;15;Проспект Мира;0.10416666666666667;5;вероятно;0
25;weekday;1;1;19;Улица Цандера;0.041666666666666664;2;вероятно;0
25;weekday;1;1;20;Аргуновская улица;0.0625;3;вероятно;0
25;weekday;2;0;1;Останкино;0.08333333333333333;4;вероятно;0
25;weekday;2;0;6;ВДНХ (северная);0.041666666666666664;2;вероятно;0
25;weekday;2;0;14;Б. Ширяевская ул.;0.020833333333333332;1;вероятно;0
25;weekday;2;0;18;Ул. Короленко;0.3125;15;вероятно;0
25;weekday;2;0;19;Охотничья улица;0.041666666666666664;2;вероятно;0
25;weekday;2;0;20;ПКиО «Сокольники»;0.08333333333333333;4;вероятно;0
25;weekday;2;1;1;Метро «Сокольники»;0.10416666666666667;5;вероятно;0
25;weekday;2;1;2;ПКиО «Сокольники»;0.041666666666666664;2;вероятно;0
25;weekday;2;1;3;Охотничья улица;0.041666666666666664;2;вероятно;0
25;weekday;2;1;8;Б. Ширяевская ул.;0.020833333333333332;1;вероятно;0
25;weekday;2;1;15;Проспект Мира;0.10416666666666667;5;вероятно;0
25;weekday;2;1;19;Улица Цандера;0.041666666666666664;2;вероятно;0
25;weekday;2;1;20;Аргуновская улица;0.0625;3;вероятно;0
25;weekday;3;0;1;Останкино;0.5636942675159236;177;вероятно;5
25;weekday;3;0;2;Аргуновская улица;0.08598726114649681;27;вероятно;5
25;weekday;3;0;3;Улица Цандера;0.01910828025477707;6;вероятно;5
25;weekday;3;0;4;ВДНХ (южная);0.009554140127388535;3;вероятно;5
25;weekday;3;0;5;Метро «ВДНХ»;0.01910828025477707;6;вероятно;5
25;weekday;3;0;12;Лингвистический университет;0.0031847133757961785;1;вероятно;5
25;weekday;3;0;14;Б. Ширяевская ул.;0.0031847133757961785;1;вероятно;5
25;weekday;3;0;17;Майский просек;0.0031847133757961785;1;вероятно;5
25;weekday;3;0;19;Охотничья улица;0.006369426751592357;2;вероятно;5
25;weekday;3;0;20;ПКиО «Сокольники»;0.01910828025477707;6;вероятно;5
25;weekday;3;1;1;Метро «Сокольники»;0.22929936305732485;72;вероятно;5
25;weekday;3;1;2;ПКиО «Сокольники»;0.006369426751592357;2;вероятно;5
25;weekday;3;1;3;Охотничья улица;0.0031847133757961785;1;вероятно;5
25;weekday;3;1;4;Ул. Короленко;0.0031847133757961785;1;вероятно;5
25;weekday;3;1;5;Майский просек;0.0031847133757961785;1;вероятно;5
25;weekday;3;1;8;Б. Ширяевская ул.;0.009554140127388535;3;вероятно;5
25;weekday;3;1;9;Ростокинский проезд;0.0031847133757961785;1;вероятно;5
25;weekday;3;1;20;Аргуновская улица;0.009554140127388535;3;вероятно;5
25;weekday;4;0;1;Останкино;0.5636942675159236;177;вероятно;5
25;weekday;4;0;2;Аргуновская улица;0.08598726114649681;27;вероятно;5
25;weekday;4;0;3;Улица Цандера;0.01910828025477707;6;вероятно;5
25;weekday;4;0;4;ВДНХ (южная);0.009554140127388535;3;вероятно;5
25;weekday;4;0;5;Метро «ВДНХ»;0.01910828025477707;6;вероятно;5
25;weekday;4;0;12;Лингвистический университет;0.0031847133757961785;1;вероятно;5
25;weekday;4;0;14;Б. Ширяевская ул.;0.0031847133757961785;1;вероятно;5
25;weekday;4;0;17;Майский просек;0.0031847133757961785;1;вероятно;5
25;weekday;4;0;19;Охотничья улица;0.006369426751592357;2;вероятно;5
25;weekday;4;0;20;ПКиО «Сокольники»;0.01910828025477707;6;вероятно;5
25;weekday;4;1;1;Метро «Сокольники»;0.22929936305732485;72;вероятно;5
25;weekday;4;1;2;ПКиО «Сокольники»;0.006369426751592357;2;вероятно;5
25;weekday;4;1;3;Охотничья улица;0.0031847133757961785;1;вероятно;5
25;weekday;4;1;4;Ул. Короленко;0.0031847133757961785;1;вероятно;5
25;weekday;4;1;5;Майский просек;0.0031847133757961785;1;вероятно;5
25;weekday;4;1;8;Б. Ширяевская ул.;0.009554140127388535;3;вероятно;5
25;weekday;4;1;9;Ростокинский проезд;0.0031847133757961785;1;вероятно;5
25;weekday;4;1;20;Аргуновская улица;0.009554140127388535;3;вероятно;5
25;weekday;5;0;1;Останкино;0.5636942675159236;177;вероятно;5
25;weekday;5;0;2;Аргуновская улица;0.08598726114649681;27;вероятно;5
25;weekday;5;0;3;Улица Цандера;0.01910828025477707;6;вероятно;5
25;weekday;5;0;4;ВДНХ (южная);0.009554140127388535;3;вероятно;5
25;weekday;5;0;5;Метро «ВДНХ»;0.01910828025477707;6;вероятно;5
25;weekday;5;0;12;Лингвистический университет;0.0031847133757961785;1;вероятно;5
25;weekday;5;0;14;Б. Ширяевская ул.;0.0031847133757961785;1;вероятно;5
25;weekday;5;0;17;Майский просек;0.0031847133757961785;1;вероятно;5
25;weekday;5;0;19;Охотничья улица;0.006369426751592357;2;вероятно;5
25;weekday;5;0;20;ПКиО «Сокольники»;0.01910828025477707;6;вероятно;5
25;weekday;5;1;1;Метро «Сокольники»;0.22929936305732485;72;вероятно;5
25;weekday;5;1;2;ПКиО «Сокольники»;0.006369426751592357;2;вероятно;5
25;weekday;5;1;3;Охотничья улица;0.0031847133757961785;1;вероятно;5
25;weekday;5;1;4;Ул. Короленко;0.0031847133757961785;1;вероятно;5
25;weekday;5;1;5;Майский просек;0.0031847133757961785;1;вероятно;5
25;weekday;5;1;8;Б. Ширяевская ул.;0.009554140127388535;3;вероятно;5
25;weekday;5;1;9;Ростокинский проезд;0.0031847133757961785;1;вероятно;5
25;weekday;5;1;20;Аргуновская улица;0.009554140127388535;3;вероятно;5
25;weekday;6;0;1;Останкино;0.07612373127114548;315;вероятно;6
25;weekday;6;0;2;Аргуновская улица;0.01933301111648139;80;вероятно;6
25;weekday;6;0;3;Улица Цандера;0.018849685838569358;78;вероятно;6
25;weekday;6;0;4;ВДНХ (южная);0.01836636056065732;76;вероятно;6
25;weekday;6;0;5;Метро «ВДНХ»;0.03987433542774287;165;вероятно;6
25;weekday;6;0;6;ВДНХ (северная);0.02440792653455776;101;вероятно;6
25;weekday;6;0;7;Проспект Мира;0.05123247945867569;212;вероятно;6
25;weekday;6;0;8;Ярославская улица;0.04398260028999516;182;вероятно;6
25;weekday;6;0;9;Улица Бориса Галушкина, 17;0.03069115514741421;127;вероятно;6
25;weekday;6;0;10;Площадь Академика Люльки;0.025857902368293863;107;вероятно;6
25;weekday;6;0;11;Станция Юных натуралистов;0.022716288061865635;94;вероятно;6
25;weekday;6;0;12;Лингвистический университет;0.022957950700821652;95;вероятно;6
25;weekday;6;0;13;Ростокинский проезд;0.02416626389560174;100;вероятно;6
25;weekday;6;0;14;Б. Ширяевская ул.;0.026341227646205896;109;вероятно;6
25;weekday;6;0;15;2-й Ширяевский переулок;0.010633156114064766;44;вероятно;6
25;weekday;6;0;16;Б. Оленья ул.;0.015466408893185114;64;вероятно;6
25;weekday;6;0;17;Майский просек;0.018849685838569358;78;вероятно;6
25;weekday;6;0;18;Ул. Короленко;0.045190913484775254;187;вероятно;6
25;weekday;6;0;19;Охотничья улица;0.030449492508458194;126;вероятно;6
25;weekday;6;0;20;ПКиО «Сокольники»;0.044465925567907204;184;вероятно;6
25;weekday;6;1;1;Метро «Сокольники»;0.13581440309328177;562;вероятно;6
25;weekday;6;1;2;ПКиО «Сокольники»;0.018849685838569358;78;вероятно;6
25;weekday;6;1;3;Охотничья улица;0.021024649589173515;87;вероятно;6
25;weekday;6;1;4;Ул. Короленко;0.011116481391976801;46;вероятно;6
25;weekday;6;1;5;Майский просек;0.004108264862252296;17;вероятно;6
25;weekday;6;1;6;Большая Оленья улица;0.0038666022232962784;16;вероятно;6
25;weekday;6;1;7;2-й Ширяевский переулок;0.002416626389560174;10;вероятно;6
25;weekday;6;1;8;Б. Ширяевская ул.;0.003624939584340261;15;вероятно;6
25;weekday;6;1;9;Ростокинский проезд;0.01014983083615273;42;вероятно;6
25;weekday;6;1;10;Лингвистический университет;0.008699855002416627;36;вероятно;6
25;weekday;6;1;11;Станция Юных натуралистов;0.011841469308844853;49;вероятно;6
25;weekday;6;1;12;Площадь Академика Люльки;0.033107781536974384;137;вероятно;6
25;weekday;6;1;13;Улица Бориса Галушкина, 17;0.009424842919284679;39;вероятно;6
25;weekday;6;1;14;Ярославская улица;0.010391493475108747;43;вероятно;6
25;weekday;6;1;15;Проспект Мира;0.01860802319961334;77;вероятно;6
25;weekday;6;1;16;ВДНХ (северная);0.019574673755437408;81;вероятно;6
25;weekday;6;1;17;Метро «ВДНХ»;0.012566457225712905;52;вероятно;6
25;weekday;6;1;18;ВДНХ (южная);0.010874818753020783;45;вероятно;6
25;weekday;6;1;19;Улица Цандера;0.019816336394393428;82;вероятно;6
25;weekday;6;1;20;Аргуновская улица;0.02416626389560174;100;вероятно;6
25;weekday;7;0;1;Останкино;0.04994518211718845;410;вероятно;7
25;weekday;7;0;2;Аргуновская улица;0.014009014496284566;115;вероятно;7
25;weekday;7;0;3;Улица Цандера;0.019856255329516386;163;вероятно;7
25;weekday;7;0;4;ВДНХ (южная);0.01193811670118163;98;вероятно;7
25;weekday;7;0;5;Метро «ВДНХ»;0.04458521135339262;366;вероятно;7
25;weekday;7;0;6;ВДНХ (северная);0.06651236447801194;546;вероятно;7
25;weekday;7;0;7;Проспект Мира;0.02606894871482519;214;вероятно;7
25;weekday;7;0;8;Ярославская улица;0.015227189669874528;125;вероятно;7
25;weekday;7;0;9;Улица Бориса Галушкина, 17;0.018272627603849432;150;вероятно;7
25;weekday;7;0;10;Площадь Академика Люльки;0.031916189548057014;262;вероятно;7
25;weekday;7;0;11;Станция Юных натуралистов;0.022048970641978315;181;вероятно;7
25;weekday;7;0;12;Лингвистический университет;0.015836277256669508;130;вероятно;7
25;weekday;7;0;13;Ростокинский проезд;0.012181751735899622;100;вероятно;7
25;weekday;7;0;14;Б. Ширяевская ул.;0.008283591180411743;68;вероятно;7
25;weekday;7;0;15;2-й Ширяевский переулок;0.007309051041539774;60;вероятно;7
25;weekday;7;0;16;Б. Оленья ул.;0.005969058350590815;49;вероятно;7
25;weekday;7;0;17;Майский просек;0.005847240833231819;48;вероятно;7
25;weekday;7;0;18;Ул. Короленко;0.010476306492873675;86;вероятно;7
25;weekday;7;0;19;Охотничья улица;0.00901449628456572;74;вероятно;7
25;weekday;7;0;20;ПКиО «Сокольники»;0.019734437812157387;162;вероятно;7
25;weekday;7;1;1;Метро «Сокольники»;0.22341332683639908;1834;вероятно;7
25;weekday;7;1;2;ПКиО «Сокольники»;0.03885978803751979;319;вероятно;7
25;weekday;7;1;3;Охотничья улица;0.053599707637958335;440;вероятно;7
25;weekday;7;1;4;Ул. Короленко;0.02217078815933731;182;вероятно;7
25;weekday;7;1;5;Майский просек;0.009623583871360702;79;вероятно;7
25;weekday;7;1;6;Большая Оленья улица;0.0062126933853088075;51;вероятно;7
25;weekday;7;1;7;2-й Ширяевский переулок;0.011694481666463637;96;вероятно;7
25;weekday;7;1;8;Б. Ширяевская ул.;0.009379948836642709;77;вероятно;7
25;weekday;7;1;9;Ростокинский проезд;0.005359970763795834;44;вероятно;7
25;weekday;7;1;10;Лингвистический университет;0.0028018028992569132;23;вероятно;7
25;weekday;7;1;11;Станция Юных натуралистов;0.00548178828115483;45;вероятно;7
25;weekday;7;1;12;Площадь Академика Люльки;0.008161773663052747;67;вероятно;7
25;weekday;7;1;13;Улица Бориса Галушкина, 17;0.014130832013643561;116;вероятно;7
25;weekday;7;1;14;Ярославская улица;0.02351078085028627;193;вероятно;7
25;weekday;7;1;15;Проспект Мира;0.048605189426239495;399;вероятно;7
25;weekday;7;1;16;ВДНХ (северная);0.03910342307223779;321;вероятно;7
25;weekday;7;1;17;Метро «ВДНХ»;0.014130832013643561;116;вероятно;7
25;weekday;7;1;18;ВДНХ (южная);0.012181751735899622;100;вероятно;7
25;weekday;7;1;19;Улица Цандера;0.01254720428797661;103;вероятно;7
25;weekday;7;1;20;Аргуновская улица;0.023998050919722257;197;вероятно;7
25;weekday;8;0;1;Останкино;0.043873349424960954;618;вероятно;8
25;weekday;8;0;2;Аргуновская улица;0.01817407354820389;256;вероятно;8
25;weekday;8;0;3;Улица Цандера;0.014908419707511004;210;вероятно;8
25;weekday;8;0;4;ВДНХ (южная);0.025131336078375692;354;вероятно;8
25;weekday;8;0;5;Метро «ВДНХ»;0.03812295896634957;537;вероятно;8
25;weekday;8;0;6;ВДНХ (северная);0.06282834019593923;885;вероятно;8
25;weekday;8;0;7;Проспект Мира;0.02158171233849212;304;вероятно;8
25;weekday;8;0;8;Ярославская улица;0.018245066023001563;257;вероятно;8
25;weekday;8;0;9;Улица Бориса Галушкина, 17;0.023711486582422264;334;вероятно;8
25;weekday;8;0;10;Площадь Академика Люльки;0.046500070992474794;655;вероятно;8
25;weekday;8;0;11;Станция Юных натуралистов;0.014482464858724975;204;вероятно;8
25;weekday;8;0;12;Лингвистический университет;0.004046571063467273;57;вероятно;8
25;weekday;8;0;13;Ростокинский проезд;0.004614510861848644;65;вероятно;8
25;weekday;8;0;14;Б. Ширяевская ул.;0.006673292630981116;94;вероятно;8
25;weekday;8;0;15;2-й Ширяевский переулок;0.008164134601732216;115;вероятно;8
25;weekday;8;0;16;Б. Оленья ул.;0.009016044299304273;127;вероятно;8
25;weekday;8;0;17;Майский просек;0.010151923896067018;143;вероятно;8
25;weekday;8;0;18;Ул. Короленко;0.012920630413176204;182;вероятно;8
25;weekday;8;0;19;Охотничья улица;0.006673292630981116;94;вероятно;8
25;weekday;8;0;20;ПКиО «Сокольники»;0.015618344455487718;220;вероятно;8
25;weekday;8;1;1;Метро «Сокольники»;0.2473377821950873;3484;вероятно;8
25;weekday;8;1;2;ПКиО «Сокольники»;0.048416867812011925;682;вероятно;8
25;weekday;8;1;3;Охотничья улица;0.04060769558426807;572;вероятно;8
25;weekday;8;1;4;Ул. Короленко;0.02307255430924322;325;вероятно;8
25;weekday;8;1;5;Майский просек;0.009725969047280987;137;вероятно;8
25;weekday;8;1;6;Большая Оленья улица;0.008945051824506603;126;вероятно;8
25;weekday;8;1;7;2-й Ширяевский переулок;0.005324435609825358;75;вероятно;8
25;weekday;8;1;8;Б. Ширяевская ул.;0.005821382933409058;82;вероятно;8
25;weekday;8;1;9;Ростокинский проезд;0.004614510861848644;65;вероятно;8
25;weekday;8;1;10;Лингвистический университет;0.002910691466704529;41;вероятно;8
25;weekday;8;1;11;Станция Юных натуралистов;0.002555729092716172;36;вероятно;8
25;weekday;8;1;12;Площадь Академика Люльки;0.012068720715604145;170;вероятно;8
25;weekday;8;1;13;Улица Бориса Галушкина, 17;0.01725117137583416;243;вероятно;8
25;weekday;8;1;14;Ярославская улица;0.029603861990628994;417;вероятно;8
25;weekday;8;1;15;Проспект Мира;0.05019167968195371;707;вероятно;8
25;weekday;8;1;16;ВДНХ (северная);0.03996876331108903;563;вероятно;8
25;weekday;8;1;17;Метро «ВДНХ»;0.014624449808320318;206;вероятно;8
25;weekday;8;1;18;ВДНХ (южная);0.009371006673292631;132;вероятно;8
25;weekday;8;1;19;Улица Цандера;0.004543518387050973;64;вероятно;8
25;weekday;8;1;20;Аргуновская улица;0.01760613374982252;248;вероятно;8
25;weekday;9;0;1;Останкино;0.05130989547984254;378;вероятно;9
25;weekday;9;0;2;Аргуновская улица;0.01927514592099905;142;вероятно;9
25;weekday;9;0;3;Улица Цандера;0.0209040314917877;154;вероятно;9
25;weekday;9;0;4;ВДНХ (южная);0.01995384824216099;147;вероятно;9
25;weekday;9;0;5;Метро «ВДНХ»;0.033799375593864533;249;вероятно;9
25;weekday;9;0;6;ВДНХ (северная);0.05239581919370164;386;вероятно;9
25;weekday;9;0;7;Проспект Мира;0.02524772634722411;186;вероятно;9
25;weekday;9;0;8;Ярославская улица;0.01628885570788652;120;вероятно;9
25;weekday;9;0;9;Улица Бориса Галушкина, 17;0.014524229672865482;107;вероятно;9
25;weekday;9;0;10;Площадь Академика Люльки;0.02796253563187186;206;вероятно;9
25;weekday;9;0;11;Станция Юных натуралистов;0.018867924528301886;139;вероятно;9
25;weekday;9;0;12;Лингвистический университет;0.008008687389710873;59;вероятно;9
25;weekday;9;0;13;Ростокинский проезд;0.007465725532781322;55;вероятно;9
25;weekday;9;0;14;Б. Ширяевская ул.;0.009230351567802362;68;вероятно;9
25;weekday;9;0;15;2-й Ширяевский переулок;0.01045201574589385;77;вероятно;9
25;weekday;9;0;16;Б. Оленья ул.;0.014524229672865482;107;вероятно;9
25;weekday;9;0;17;Майский просек;0.01343830595900638;99;вероятно;9
25;weekday;9;0;18;Ул. Короленко;0.019003664992534273;140;вероятно;9
25;weekday;9;0;19;Охотничья улица;0.01398126781593593;103;вероятно;9
25;weekday;9;0;20;ПКиО «Сокольники»;0.023618840776435456;174;вероятно;9
25;weekday;9;1;1;Метро «Сокольники»;0.16261707615040044;1198;вероятно;9
25;weekday;9;1;2;ПКиО «Сокольники»;0.028641237953033798;211;вероятно;9
25;weekday;9;1;3;Охотничья улица;0.06325505633229266;466;вероятно;9
25;weekday;9;1;4;Ул. Короленко;0.02036106963485815;150;вероятно;9
25;weekday;9;1;5;Майский просек;0.012623863173612054;93;вероятно;9
25;weekday;9;1;6;Большая Оленья улица;0.005565359033527895;41;вероятно;9
25;weekday;9;1;7;2-й Ширяевский переулок;0.005565359033527895;41;вероятно;9
25;weekday;9;1;8;Б. Ширяевская ул.;0.01113071806705579;82;вероятно;9
25;weekday;9;1;9;Ростокинский проезд;0.012080901316682503;89;вероятно;9
25;weekday;9;1;10;Лингвистический университет;0.007194244604316547;53;вероятно;9
25;weekday;9;1;11;Станция Юных натуралистов;0.005293878105063119;39;вероятно;9
25;weekday;9;1;12;Площадь Академика Люльки;0.011809420388217728;87;вероятно;9
25;weekday;9;1;13;Улица Бориса Галушкина, 17;0.015067191529795031;111;вероятно;9
25;weekday;9;1;14;Ярославская улица;0.027691054703407086;204;вероятно;9
25;weekday;9;1;15;Проспект Мира;0.053210261979095966;392;вероятно;9
25;weekday;9;1;16;ВДНХ (северная);0.05334600244332836;393;вероятно;9
25;weekday;9;1;17;Метро «ВДНХ»;0.028234016560336635;208;вероятно;9
25;weekday;9;1;18;ВДНХ (южная);0.016153115243654134;119;вероятно;9
25;weekday;9;1;19;Улица Цандера;0.015338672458259808;113;вероятно;9
25;weekday;9;1;20;Аргуновская улица;0.024569024026062168;181;вероятно;9
25;weekday;10;0;1;Останкино;0.038338658146964855;228;вероятно;10
25;weekday;10;0;2;Аргуновская улица;0.016983352951067766;101;вероятно;10
25;weekday;10;0;3;Улица Цандера;0.025390953421893393;151;вероятно;10
25;weekday;10;0;4;ВДНХ (южная);0.021019001177064067;125;вероятно;10
25;weekday;10;0;5;Метро «ВДНХ»;0.030099209685555742;179;вероятно;10
25;weekday;10;0;6;ВДНХ (северная);0.051118210862619806;304;вероятно;10
25;weekday;10;0;7;Проспект Мира;0.04271061039179418;254;вероятно;10
25;weekday;10;0;8;Ярославская улица;0.02068269715823104;123;вероятно;10
25;weekday;10;0;9;Улица Бориса Галушкина, 17;0.016142592903985203;96;вероятно;10
25;weekday;10;0;10;Площадь Академика Люльки;0.02673616949722549;159;вероятно;10
25;weekday;10;0;11;Станция Юных натуралистов;0.030435513704388767;181;вероятно;10
25;weekday;10;0;12;Лингвистический университет;0.017151504960484277;102;вероятно;10
25;weekday;10;0;13;Ростокинский проезд;0.018160417016983354;108;вероятно;10
25;weekday;10;0;14;Б. Ширяевская ул.;0.010257272574407264;61;вероятно;10
25;weekday;10;0;15;2-й Ширяевский переулок;0.0070623843954935265;42;вероятно;10
25;weekday;10;0;16;Б. Оленья ул.;0.010425424583823777;62;вероятно;10
25;weekday;10;0;17;Майский просек;0.009080208508491677;54;вероятно;10
25;weekday;10;0;18;Ул. Короленко;0.012443248696821927;74;вероятно;10
25;weekday;10;0;19;Охотничья улица;0.006894232386077013;41;вероятно;10
25;weekday;10;0;20;ПКиО «Сокольники»;0.026231713468975956;156;вероятно;10
25;weekday;10;1;1;Метро «Сокольники»;0.15352278459727595;913;вероятно;10
25;weekday;10;1;2;ПКиО «Сокольники»;0.03749789809988229;223;вероятно;10
25;weekday;10;1;3;Охотничья улица;0.028922145619640155;172;вероятно;10
25;weekday;10;1;4;Ул. Короленко;0.01866487304523289;111;вероятно;10
25;weekday;10;1;5;Майский просек;0.01126618463090634;67;вероятно;10
25;weekday;10;1;6;Большая Оленья улица;0.007230536404910039;43;вероятно;10
25;weekday;10;1;7;2-й Ширяевский переулок;0.005044560282495376;30;вероятно;10
25;weekday;10;1;8;Б. Ширяевская ул.;0.0070623843954935265;42;вероятно;10
25;weekday;10;1;9;Ростокинский проезд;0.006894232386077013;41;вероятно;10
25;weekday;10;1;10;Лингвистический университет;0.0020178241129981504;12;вероятно;10
25;weekday;10;1;11;Станция Юных натуралистов;0.0035311921977467632;21;вероятно;10
25;weekday;10;1;12;Площадь Академика Люльки;0.017151504960484277;102;вероятно;10
25;weekday;10;1;13;Улица Бориса Галушкина, 17;0.01462922481923659;87;вероятно;10
25;weekday;10;1;14;Ярославская улица;0.033630401883302505;200;вероятно;10
25;weekday;10;1;15;Проспект Мира;0.07465949218093156;444;вероятно;10
25;weekday;10;1;16;ВДНХ (северная);0.05666722717336472;337;вероятно;10
25;weekday;10;1;17;Метро «ВДНХ»;0.02051454514881453;122;вероятно;10
25;weekday;10;1;18;ВДНХ (южная);0.019169329073482427;114;вероятно;10
25;weekday;10;1;19;Улица Цандера;0.00874390448965865;52;вероятно;10
25;weekday;10;1;20;Аргуновская улица;0.035816378005717166;213;вероятно;10
25;weekday;11;0;1;Останкино;0.04035009642486278;272;вероятно;11
25;weekday;11;0;2;Аргуновская улица;0.014241210502892745;96;вероятно;11
25;weekday;11;0;3;Улица Цандера;0.020323394155169858;137;вероятно;11
25;weekday;11;0;4;ВДНХ (южная);0.014686248331108143;99;вероятно;11
25;weekday;11;0;5;Метро «ВДНХ»;0.03753152351283193;253;вероятно;11
25;weekday;11;0;6;ВДНХ (северная);0.05444296098501706;367;вероятно;11
25;weekday;11;0;7;Проспект Мира;0.03946002076843198;266;вероятно;11
25;weekday;11;0;8;Ярославская улица;0.021510161697077586;145;вероятно;11
25;weekday;11;0;9;Улица Бориса Галушкина, 17;0.013499480789200415;91;вероятно;11
25;weekday;11;0;10;Площадь Академика Люльки;0.02863076694852396;193;вероятно;11
25;weekday;11;0;11;Станция Юных натуралистов;0.02848242100578549;192;вероятно;11
25;weekday;11;0;12;Лингвистический университет;0.02477377243732384;167;вероятно;11
25;weekday;11;0;13;Ростокинский проезд;0.022400237353508382;151;вероятно;11
25;weekday;11;0;14;Б. Ширяевская ул.;0.0060821836522771105;41;вероятно;11
25;weekday;11;0;15;2-й Ширяевский переулок;0.0038569945112001186;26;вероятно;11
25;weekday;11;0;16;Б. Оленья ул.;0.012609405132769619;85;вероятно;11
25;weekday;11;0;17;Майский просек;0.011274291648123424;76;вероятно;11
25;weekday;11;0;18;Ул. Короленко;0.013054442960985017;88;вероятно;11
25;weekday;11;0;19;Охотничья улица;0.011867675419077288;80;вероятно;11
25;weekday;11;0;20;ПКиО «Сокольники»;0.019878356326954456;134;вероятно;11
25;weekday;11;1;1;Метро «Сокольники»;0.16614745586708204;1120;вероятно;11
25;weekday;11;1;2;ПКиО «Сокольники»;0.022696929238985315;153;вероятно;11
25;weekday;11;1;3;Охотничья улица;0.031449339860554815;212;вероятно;11
25;weekday;11;1;4;Ул. Короленко;0.010680907877169559;72;вероятно;11
25;weekday;11;1;5;Майский просек;0.007268951194184839;49;вероятно;11
25;weekday;11;1;6;Большая Оленья улица;0.0053404539385847796;36;вероятно;11
25;weekday;11;1;7;2-й Ширяевский переулок;0.005488799881323246;37;вероятно;11
25;weekday;11;1;8;Б. Ширяевская ул.;0.004302032339415517;29;вероятно;11
25;weekday;11;1;9;Ростокинский проезд;0.005785491766800178;39;вероятно;11
25;weekday;11;1;10;Лингвистический университет;0.002966918854769322;20;вероятно;11
25;weekday;11;1;11;Станция Юных натуралистов;0.015279632102062008;103;вероятно;11
25;weekday;11;1;12;Площадь Академика Люльки;0.0262572318647085;177;вероятно;11
25;weekday;11;1;13;Улица Бориса Галушкина, 17;0.030262572318647086;204;вероятно;11
25;weekday;11;1;14;Ярославская улица;0.04806408544726302;324;вероятно;11
25;weekday;11;1;15;Проспект Мира;0.04880581516095535;329;вероятно;11
25;weekday;11;1;16;ВДНХ (северная);0.05666815012609405;382;вероятно;11
25;weekday;11;1;17;Метро «ВДНХ»;0.024922118380062305;168;вероятно;11
25;weekday;11;1;18;ВДНХ (южная);0.015131286159323543;102;вероятно;11
25;weekday;11;1;19;Улица Цандера;0.011125945705384957;75;вероятно;11
25;weekday;11;1;20;Аргуновская улица;0.022400237353508382;151;вероятно;11
25;weekday;12;0;1;Останкино;0.05096314272713484;336;вероятно;12
25;weekday;12;0;2;Аргуновская улица;0.019111178522675566;126;вероятно;12
25;weekday;12;0;3;Улица Цандера;0.025633247383588655;169;вероятно;12
25;weekday;12;0;4;ВДНХ (южная);0.021841346883057788;144;вероятно;12
25;weekday;12;0;5;Метро «ВДНХ»;0.03564386470499014;235;вероятно;12
25;weekday;12;0;6;ВДНХ (северная);0.06324890034885484;417;вероятно;12
25;weekday;12;0;7;Проспект Мира;0.036402244805096316;240;вероятно;12
25;weekday;12;0;8;Ярославская улица;0.014560897922038525;96;вероятно;12
25;weekday;12;0;9;Улица Бориса Галушкина, 17;0.013954193841953587;92;вероятно;12
25;weekday;12;0;10;Площадь Академика Люльки;0.03594721674503261;237;вероятно;12
25;weekday;12;0;11;Станция Юных натуралистов;0.030486880024268165;201;вероятно;12
25;weekday;12;0;12;Лингвистический университет;0.020476262702866677;135;вероятно;12
25;weekday;12;0;13;Ростокинский проезд;0.018201122402548158;120;вероятно;12
25;weekday;12;0;14;Б. Ширяевская ул.;0.00819050508114667;54;вероятно;12
25;weekday;12;0;15;2-й Ширяевский переулок;0.007432124981040497;49;вероятно;12
25;weekday;12;0;16;Б. Оленья ул.;0.010313969361443956;68;вероятно;12
25;weekday;12;0;17;Майский просек;0.017139390262399516;113;вероятно;12
25;weekday;12;0;18;Ул. Короленко;0.018352798422569393;121;вероятно;12
25;weekday;12;0;19;Охотничья улица;0.01471257394205976;97;вероятно;12
25;weekday;12;0;20;ПКиО «Сокольники»;0.02229637494312149;147;вероятно;12
25;weekday;12;1;1;Метро «Сокольники»;0.18140451994539664;1196;вероятно;12
25;weekday;12;1;2;ПКиО «Сокольники»;0.030183527984225692;199;вероятно;12
25;weekday;12;1;3;Охотничья улица;0.02350978310329137;155;вероятно;12
25;weekday;12;1;4;Ул. Короленко;0.014257545881996056;94;вероятно;12
25;weekday;12;1;5;Майский просек;0.008038829061125435;53;вероятно;12
25;weekday;12;1;6;Большая Оленья улица;0.009555589261337783;63;вероятно;12
25;weekday;12;1;7;2-й Ширяевский переулок;0.005763688760806916;38;вероятно;12
25;weekday;12;1;8;Б. Ширяевская ул.;0.007432124981040497;49;вероятно;12
25;weekday;12;1;9;Ростокинский проезд;0.004701956620658274;31;вероятно;12
25;weekday;12;1;10;Лингвистический университет;0.0045502806006370395;30;вероятно;12
25;weekday;12;1;11;Станция Юных натуралистов;0.009707265281359017;64;вероятно;12
25;weekday;12;1;12;Площадь Академика Люльки;0.023358107083270133;154;вероятно;12
25;weekday;12;1;13;Улица Бориса Галушкина, 17;0.02229637494312149;147;вероятно;12
25;weekday;12;1;14;Ярославская улица;0.03518883664492644;232;вероятно;12
25;weekday;12;1;15;Проспект Мира;0.04049749734566965;267;вероятно;12
25;weekday;12;1;16;ВДНХ (северная);0.029273471864098285;193;вероятно;12
25;weekday;12;1;17;Метро «ВДНХ»;0.021841346883057788;144;вероятно;12
25;weekday;12;1;18;ВДНХ (южная);0.015015925982102229;99;вероятно;12
25;weekday;12;1;19;Улица Цандера;0.00879720916123161;58;вероятно;12
25;weekday;12;1;20;Аргуновская улица;0.019717882602760504;130;вероятно;12
25;weekday;13;0;1;Останкино;0.04819417024735803;415;вероятно;13
25;weekday;13;0;2;Аргуновская улица;0.010219486703054233;88;вероятно;13
25;weekday;13;0;3;Улица Цандера;0.019045407037510162;164;вероятно;13
25;weekday;13;0;4;ВДНХ (южная);0.019161537568226687;165;вероятно;13
25;weekday;13;0;5;Метро «ВДНХ»;0.026942283126233885;232;вероятно;13
25;weekday;13;0;6;ВДНХ (северная);0.051794216699570315;446;вероятно;13
25;weekday;13;0;7;Проспект Мира;0.033445592846359305;288;вероятно;13
25;weekday;13;0;8;Ярославская улица;0.016838926953896178;145;вероятно;13
25;weekday;13;0;9;Улица Бориса Галушкина, 17;0.014980838462431773;129;вероятно;13
25;weekday;13;0;10;Площадь Академика Люльки;0.02415515038903728;208;вероятно;13
25;weekday;13;0;11;Станция Юных натуралистов;0.023458367204738127;202;вероятно;13
25;weekday;13;0;12;Лингвистический университет;0.05725235164324701;493;вероятно;13
25;weekday;13;0;13;Ростокинский проезд;0.05829752641969574;502;вероятно;13
25;weekday;13;0;14;Б. Ширяевская ул.;0.01080013935663686;93;вероятно;13
25;weekday;13;0;15;2-й Ширяевский переулок;0.01230983625595169;106;вероятно;13
25;weekday;13;0;16;Б. Оленья ул.;0.012193705725235164;105;вероятно;13
25;weekday;13;0;17;Майский просек;0.013238880501683892;114;вероятно;13
25;weekday;13;0;18;Ул. Короленко;0.013238880501683892;114;вероятно;13
25;weekday;13;0;19;Охотничья улица;0.014516316339565672;125;вероятно;13
25;weekday;13;0;20;ПКиО «Сокольники»;0.017419579607478808;150;вероятно;13
25;weekday;13;1;1;Метро «Сокольники»;0.16804087794681222;1447;вероятно;13
25;weekday;13;1;2;ПКиО «Сокольники»;0.03216815700847753;277;вероятно;13
25;weekday;13;1;3;Охотничья улица;0.023226106143305076;200;вероятно;13
25;weekday;13;1;4;Ул. Короленко;0.015329230054581349;132;вероятно;13
25;weekday;13;1;5;Майский просек;0.01230983625595169;106;вероятно;13
25;weekday;13;1;6;Большая Оленья улица;0.007432353965857624;64;вероятно;13
25;weekday;13;1;7;2-й Ширяевский переулок;0.006154918127975845;53;вероятно;13
25;weekday;13;1;8;Б. Ширяевская ул.;0.010219486703054233;88;вероятно;13
25;weekday;13;1;9;Ростокинский проезд;0.00929044245732203;80;вероятно;13
25;weekday;13;1;10;Лингвистический университет;0.0034839159214957614;30;вероятно;13
25;weekday;13;1;11;Станция Юных натуралистов;0.013935663685983046;120;вероятно;13
25;weekday;13;1;12;Площадь Академика Люльки;0.014748577400998723;127;вероятно;13
25;weekday;13;1;13;Улица Бориса Галушкина, 17;0.016722796423179653;144;вероятно;13
25;weekday;13;1;14;Ярославская улица;0.025548716757635582;220;вероятно;13
25;weekday;13;1;15;Проспект Мира;0.0466844733480432;402;вероятно;13
25;weekday;13;1;16;ВДНХ (северная);0.04111020787364998;354;вероятно;13
25;weekday;13;1;17;Метро «ВДНХ»;0.017419579607478808;150;вероятно;13
25;weekday;13;1;18;ВДНХ (южная);0.014864707931715248;128;вероятно;13
25;weekday;13;1;19;Улица Цандера;0.007548484496574149;65;вероятно;13
25;weekday;13;1;20;Аргуновская улица;0.01625827430031355;140;вероятно;13
25;weekday;14;0;1;Останкино;0.05207426747896722;359;вероятно;14
25;weekday;14;0;2;Аргуновская улица;0.012909776617348418;89;вероятно;14
25;weekday;14;0;3;Улица Цандера;0.0278503046127067;192;вероятно;14
25;weekday;14;0;4;ВДНХ (южная);0.024223962866260516;167;вероятно;14
25;weekday;14;0;5;Метро «ВДНХ»;0.03959965187119234;273;вероятно;14
25;weekday;14;0;6;ВДНХ (северная);0.07847403539309544;541;вероятно;14
25;weekday;14;0;7;Проспект Мира;0.04221061792863359;291;вероятно;14
25;weekday;14;0;8;Ярославская улица;0.023643748186829128;163;вероятно;14
25;weekday;14;0;9;Улица Бориса Галушкина, 17;0.014360313315926894;99;вероятно;14
25;weekday;14;0;10;Площадь Академика Люльки;0.021032782129387872;145;вероятно;14
25;weekday;14;0;11;Станция Юных натуралистов;0.020307513780098638;140;вероятно;14
25;weekday;14;0;12;Лингвистический университет;0.018276762402088774;126;вероятно;14
25;weekday;14;0;13;Ростокинский проезд;0.019872352770525094;137;вероятно;14
25;weekday;14;0;14;Б. Ширяевская ул.;0.011459239918769945;79;вероятно;14
25;weekday;14;0;15;2-й Ширяевский переулок;0.008268059181897302;57;вероятно;14
25;weekday;14;0;16;Б. Оленья ул.;0.01392515230635335;96;вероятно;14
25;weekday;14;0;17;Майский просек;0.018131708732230925;125;вероятно;14
25;weekday;14;0;18;Ул. Короленко;0.016536118363794605;114;вероятно;14
25;weekday;14;0;19;Охотничья улица;0.018711923411662314;129;вероятно;14
25;weekday;14;0;20;ПКиО «Сокольники»;0.019727299100667246;136;вероятно;14
25;weekday;14;1;1;Метро «Сокольники»;0.16463591528865681;1135;вероятно;14
25;weekday;14;1;2;ПКиО «Сокольники»;0.03626341746446185;250;вероятно;14
25;weekday;14;1;3;Охотничья улица;0.03234696837829997;223;вероятно;14
25;weekday;14;1;4;Ул. Короленко;0.01450536698578474;100;вероятно;14
25;weekday;14;1;5;Майский просек;0.012764722947490571;88;вероятно;14
25;weekday;14;1;6;Большая Оленья улица;0.01058891789962286;73;вероятно;14
25;weekday;14;1;7;2-й Ширяевский переулок;0.0062373078038874385;43;вероятно;14
25;weekday;14;1;8;Б. Ширяевская ул.;0.010879025239338555;75;вероятно;14
25;weekday;14;1;9;Ростокинский проезд;0.006092254134029591;42;вероятно;14
25;weekday;14;1;10;Лингвистический университет;0.006962576153176675;48;вероятно;14
25;weekday;14;1;11;Станция Юных натуралистов;0.008848273861328691;61;вероятно;14
25;weekday;14;1;12;Площадь Академика Люльки;0.015375689004931825;106;вероятно;14
25;weekday;14;1;13;Улица Бориса Галушкина, 17;0.014070205976211198;97;вероятно;14
25;weekday;14;1;14;Ярославская улица;0.028865680301711633;199;вероятно;14
25;weekday;14;1;15;Проспект Мира;0.04003481288076589;276;вероятно;14
25;weekday;14;1;16;ВДНХ (северная);0.03278212938787351;226;вероятно;14
25;weekday;14;1;17;Метро «ВДНХ»;0.01798665506237308;124;вероятно;14
25;weekday;14;1;18;ВДНХ (южная);0.009428488540760081;65;вероятно;14
25;weekday;14;1;19;Улица Цандера;0.00841311285175515;58;вероятно;14
25;weekday;14;1;20;Аргуновская улица;0.02132288946910357;147;вероятно;14
25;weekday;15;0;1;Останкино;0.05811756861873542;523;вероятно;15
25;weekday;15;0;2;Аргуновская улица;0.011334592732525836;102;вероятно;15
25;weekday;15;0;3;Улица Цандера;0.02544727191910212;229;вероятно;15
25;weekday;15;0;4;ВДНХ (южная);0.0210023335926214;189;вероятно;15
25;weekday;15;0;5;Метро «ВДНХ»;0.039337704189354374;354;вероятно;15
25;weekday;15;0;6;ВДНХ (северная);0.0790087787531948;711;вероятно;15
25;weekday;15;0;7;Проспект Мира;0.039671074563840426;357;вероятно;15
25;weekday;15;0;8;Ярославская улица;0.020335592843649296;183;вероятно;15
25;weekday;15;0;9;Улица Бориса Галушкина, 17;0.011890210023335927;107;вероятно;15
25;weekday;15;0;10;Площадь Академика Люльки;0.024891654628292032;224;вероятно;15
25;weekday;15;0;11;Станция Юных натуралистов;0.02166907434159351;195;вероятно;15
25;weekday;15;0;12;Лингвистический университет;0.013779308812090232;124;вероятно;15
25;weekday;15;0;13;Ростокинский проезд;0.017335259473274807;156;вероятно;15
25;weekday;15;0;14;Б. Ширяевская ул.;0.0111123458162018;100;вероятно;15
25;weekday;15;0;15;2-й Ширяевский переулок;0.01222358039782198;110;вероятно;15
25;weekday;15;0;16;Б. Оленья ул.;0.019002111345705078;171;вероятно;15
25;weekday;15;0;17;Майский просек;0.024891654628292032;224;вероятно;15
25;weekday;15;0;18;Ул. Короленко;0.019891099011001223;179;вероятно;15
25;weekday;15;0;19;Охотничья улица;0.015890654517168576;143;вероятно;15
25;weekday;15;0;20;ПКиО «Сокольники»;0.014779419935548394;133;вероятно;15
25;weekday;15;1;1;Метро «Сокольники»;0.1290143349261029;1161;вероятно;15
25;weekday;15;1;2;ПКиО «Сокольники»;0.028558728747638627;257;вероятно;15
25;weekday;15;1;3;Охотничья улица;0.019113234803867098;172;вероятно;15
25;weekday;15;1;4;Ул. Короленко;0.016001777975330592;144;вероятно;15
25;weekday;15;1;5;Майский просек;0.014779419935548394;133;вероятно;15
25;weekday;15;1;6;Большая Оленья улица;0.010778975441715747;97;вероятно;15
25;weekday;15;1;7;2-й Ширяевский переулок;0.00888987665296144;80;вероятно;15
25;weekday;15;1;8;Б. Ширяевская ул.;0.013112568063118125;118;вероятно;15
25;weekday;15;1;9;Ростокинский проезд;0.009556617401933549;86;вероятно;15
25;weekday;15;1;10;Лингвистический университет;0.008223135903989333;74;вероятно;15
25;weekday;15;1;11;Станция Юных натуралистов;0.01166796310701189;105;вероятно;15
25;weekday;15;1;12;Площадь Академика Люльки;0.02733637070785643;246;вероятно;15
25;weekday;15;1;13;Улица Бориса Галушкина, 17;0.021557950883431494;194;вероятно;15
25;weekday;15;1;14;Ярославская улица;0.036337370818979885;327;вероятно;15
25;weekday;15;1;15;Проспект Мира;0.045227247471941324;407;вероятно;15
25;weekday;15;1;16;ВДНХ (северная);0.03433714857206356;309;вероятно;15
25;weekday;15;1;17;Метро «ВДНХ»;0.023669296588509834;213;вероятно;15
25;weekday;15;1;18;ВДНХ (южная);0.008778753194799422;79;вероятно;15
25;weekday;15;1;19;Улица Цандера;0.011556839648849872;104;вероятно;15
25;weekday;15;1;20;Аргуновская улица;0.019891099011001223;179;вероятно;15
25;weekday;16;0;1;Останкино;0.05673693858845096;619;вероятно;16
25;weekday;16;0;2;Аргуновская улица;0.015307057745187902;167;вероятно;16
25;weekday;16;0;3;Улица Цандера;0.021264894592117323;232;вероятно;16
25;weekday;16;0;4;ВДНХ (южная);0.03391384051329056;370;вероятно;16
25;weekday;16;0;5;Метро «ВДНХ»;0.04317140238313474;471;вероятно;16
25;weekday;16;0;6;ВДНХ (северная);0.07351054078826764;802;вероятно;16
25;weekday;16;0;7;Проспект Мира;0.028139321723189736;307;вероятно;16
25;weekday;16;0;8;Ярославская улица;0.01906507791017415;208;вероятно;16
25;weekday;16;0;9;Улица Бориса Галушкина, 17;0.010540788267644362;115;вероятно;16
25;weekday;16;0;10;Площадь Академика Люльки;0.020256645279560035;221;вероятно;16
25;weekday;16;0;11;Станция Юных натуралистов;0.017415215398716773;190;вероятно;16
25;weekday;16;0;12;Лингвистический университет;0.02841429880843263;310;вероятно;16
25;weekday;16;0;13;Ростокинский проезд;0.021998166819431713;240;вероятно;16
25;weekday;16;0;14;Б. Ширяевская ул.;0.01237396883593034;135;вероятно;16
25;weekday;16;0;15;2-й Ширяевский переулок;0.012923923006416132;141;вероятно;16
25;weekday;16;0;16;Б. Оленья ул.;0.028047662694775436;306;вероятно;16
25;weekday;16;0;17;Майский просек;0.028964252978918425;316;вероятно;16
25;weekday;16;0;18;Ул. Короленко;0.025114573785517874;274;вероятно;16
25;weekday;16;0;19;Охотничья улица;0.015307057745187902;167;вероятно;16
25;weekday;16;0;20;ПКиО «Сокольники»;0.015857011915673694;173;вероятно;16
25;weekday;16;1;1;Метро «Сокольники»;0.1227314390467461;1339;вероятно;16
25;weekday;16;1;2;ПКиО «Сокольники»;0.019706691109074245;215;вероятно;16
25;weekday;16;1;3;Охотничья улица;0.015948670944087993;174;вероятно;16
25;weekday;16;1;4;Ул. Короленко;0.014390467461044913;157;вероятно;16
25;weekday;16;1;5;Майский просек;0.012190650779101742;133;вероятно;16
25;weekday;16;1;6;Большая Оленья улица;0.02071494042163153;226;вероятно;16
25;weekday;16;1;7;2-й Ширяевский переулок;0.013198900091659029;144;вероятно;16
25;weekday;16;1;8;Б. Ширяевская ул.;0.015857011915673694;173;вероятно;16
25;weekday;16;1;9;Ростокинский проезд;0.011732355637030248;128;вероятно;16
25;weekday;16;1;10;Лингвистический университет;0.008799266727772686;96;вероятно;16
25;weekday;16;1;11;Станция Юных натуралистов;0.018056828597616866;197;вероятно;16
25;weekday;16;1;12;Площадь Академика Люльки;0.02758936755270394;301;вероятно;16
25;weekday;16;1;13;Улица Бориса Галушкина, 17;0.022089825847846013;241;вероятно;16
25;weekday;16;1;14;Ярославская улица;0.033455545371219066;365;вероятно;16
25;weekday;16;1;15;Проспект Мира;0.04307974335472044;470;вероятно;16
25;weekday;16;1;16;ВДНХ (северная);0.027956003666361137;305;вероятно;16
25;weekday;16;1;17;Метро «ВДНХ»;0.015032080659945005;164;вероятно;16
25;weekday;16;1;18;ВДНХ (южная);0.005316223648029331;58;вероятно;16
25;weekday;16;1;19;Улица Цандера;0.009899175068744272;108;вероятно;16
25;weekday;16;1;20;Аргуновская улица;0.013932172318973418;152;вероятно;16
25;weekday;17;0;1;Останкино;0.06276569142285571;753;вероятно;17
25;weekday;17;0;2;Аргуновская улица;0.015087105109610735;181;вероятно;17
25;weekday;17;0;3;Улица Цандера;0.017087605234641992;205;вероятно;17
25;weekday;17;0;4;ВДНХ (южная);0.02975743935983996;357;вероятно;17
25;weekday;17;0;5;Метро «ВДНХ»;0.031007751937984496;372;вероятно;17
25;weekday;17;0;6;ВДНХ (северная);0.05309660748520464;637;вероятно;17
25;weekday;17;0;7;Проспект Мира;0.01908810535967325;229;вероятно;17
25;weekday;17;0;8;Ярославская улица;0.00933566725014587;112;вероятно;17
25;weekday;17;0;9;Улица Бориса Галушкина, 17;0.012003000750187547;144;вероятно;17
25;weekday;17;0;10;Площадь Академика Люльки;0.021672084687838628;260;вероятно;17
25;weekday;17;0;11;Станция Юных натуралистов;0.021838793031591232;262;вероятно;17
25;weekday;17;0;12;Лингвистический университет;0.014003500875218804;168;вероятно;17
25;weekday;17;0;13;Ростокинский проезд;0.020255063765941484;243;вероятно;17
25;weekday;17;0;14;Б. Ширяевская ул.;0.012669834125197966;152;вероятно;17
25;weekday;17;0;15;2-й Ширяевский переулок;0.01141952154705343;137;вероятно;17
25;weekday;17;0;16;Б. Оленья ул.;0.02458948070350921;295;вероятно;17
25;weekday;17;0;17;Майский просек;0.024756189047261814;297;вероятно;17
25;weekday;17;0;18;Ул. Короленко;0.030007501875468866;360;вероятно;17
25;weekday;17;0;19;Охотничья улица;0.020421772109694092;245;вероятно;17
25;weekday;17;0;20;ПКиО «Сокольники»;0.020005001250312578;240;вероятно;17
25;weekday;17;1;1;Метро «Сокольники»;0.14020171709594065;1682;вероятно;17
25;weekday;17;1;2;ПКиО «Сокольники»;0.020338417937817786;244;вероятно;17
25;weekday;17;1;3;Охотничья улица;0.024006001500375095;288;вероятно;17
25;weekday;17;1;4;Ул. Короленко;0.012503125781445362;150;вероятно;17
25;weekday;17;1;5;Майский просек;0.01241977160956906;149;вероятно;17
25;weekday;17;1;6;Большая Оленья улица;0.010585979828290406;127;вероятно;17
25;weekday;17;1;7;2-й Ширяевский переулок;0.016420771859631575;197;вероятно;17
25;weekday;17;1;8;Б. Ширяевская ул.;0.02108860548470451;253;вероятно;17
25;weekday;17;1;9;Ростокинский проезд;0.014336917562724014;172;вероятно;17
25;weekday;17;1;10;Лингвистический университет;0.013336667500208385;160;вероятно;17
25;weekday;17;1;11;Станция Юных натуралистов;0.015253813453363341;183;вероятно;17
25;weekday;17;1;12;Площадь Академика Люльки;0.02108860548470451;253;вероятно;17
25;weekday;17;1;13;Улица Бориса Галушкина, 17;0.027423522547303493;329;вероятно;17
25;weekday;17;1;14;Ярославская улица;0.03684254396932567;442;вероятно;17
25;weekday;17;1;15;Проспект Мира;0.049012253063265815;588;вероятно;17
25;weekday;17;1;16;ВДНХ (северная);0.030590981078602985;367;вероятно;17
25;weekday;17;1;17;Метро «ВДНХ»;0.02008835542218888;241;вероятно;17
25;weekday;17;1;18;ВДНХ (южная);0.01592064682837376;191;вероятно;17
25;weekday;17;1;19;Улица Цандера;0.009835792281403685;118;вероятно;17
25;weekday;17;1;20;Аргуновская улица;0.017837792781528715;214;вероятно;17
25;weekday;18;0;1;Останкино;0.06701895655091428;799;вероятно;18
25;weekday;18;0;2;Аргуновская улица;0.011407481966113069;136;вероятно;18
25;weekday;18;0;3;Улица Цандера;0.015433652071800034;184;вероятно;18
25;weekday;18;0;4;ВДНХ (южная);0.02424089917799027;289;вероятно;18
25;weekday;18;0;5;Метро «ВДНХ»;0.034306324442207686;409;вероятно;18
25;weekday;18;0;6;ВДНХ (северная);0.06282502935749035;749;вероятно;18
25;weekday;18;0;7;Проспект Мира;0.034222445898339206;408;вероятно;18
25;weekday;18;0;8;Ярославская улица;0.019124308002013084;228;вероятно;18
25;weekday;18;0;9;Улица Бориса Галушкина, 17;0.016775708773695688;200;вероятно;18
25;weekday;18;0;10;Площадь Академика Люльки;0.02096963596711961;250;вероятно;18
25;weekday;18;0;11;Станция Юных натуралистов;0.014678745176983728;175;вероятно;18
25;weekday;18;0;12;Лингвистический университет;0.02432477772185875;290;вероятно;18
25;weekday;18;0;13;Ростокинский проезд;0.02843482637141419;339;вероятно;18
25;weekday;18;0;14;Б. Ширяевская ул.;0.01870491528267069;223;вероятно;18
25;weekday;18;0;15;2-й Ширяевский переулок;0.01132360342224459;135;вероятно;18
25;weekday;18;0;16;Б. Оленья ул.;0.018537158194933737;221;вероятно;18
25;weekday;18;0;17;Майский просек;0.029525247441704414;352;вероятно;18
25;weekday;18;0;18;Ул. Короленко;0.021221271598725045;253;вероятно;18
25;weekday;18;0;19;Охотничья улица;0.013168931387351115;157;вероятно;18
25;weekday;18;0;20;ПКиО «Сокольники»;0.017027344405301122;203;вероятно;18
25;weekday;18;1;1;Метро «Сокольники»;0.14712296594531118;1754;вероятно;18
25;weekday;18;1;2;ПКиО «Сокольники»;0.022731085388357657;271;вероятно;18
25;weekday;18;1;3;Охотничья улица;0.022395571212883745;267;вероятно;18
25;weekday;18;1;4;Ул. Короленко;0.018201644019459822;217;вероятно;18
25;weekday;18;1;5;Майский просек;0.017027344405301122;203;вероятно;18
25;weekday;18;1;6;Большая Оленья улица;0.017950008387854387;214;вероятно;18
25;weekday;18;1;7;2-й Ширяевский переулок;0.016943465861432645;202;вероятно;18
25;weekday;18;1;8;Б. Ширяевская ул.;0.019375943633618522;231;вероятно;18
25;weekday;18;1;9;Ростокинский проезд;0.016524073142090253;197;вероятно;18
25;weekday;18;1;10;Лингвистический университет;0.009897668176480457;118;вероятно;18
25;weekday;18;1;11;Станция Юных натуралистов;0.011659117597718503;139;вероятно;18
25;weekday;18;1;12;Площадь Академика Люльки;0.017866129843985907;213;вероятно;18
25;weekday;18;1;13;Улица Бориса Галушкина, 17;0.019711457809092434;235;вероятно;18
25;weekday;18;1;14;Ярославская улица;0.02264720684448918;270;вероятно;18
25;weekday;18;1;15;Проспект Мира;0.02633786277470223;314;вероятно;18
25;weekday;18;1;16;ВДНХ (северная);0.02860258345915115;341;вероятно;18
25;weekday;18;1;17;Метро «ВДНХ»;0.01627243751048482;194;вероятно;18
25;weekday;18;1;18;ВДНХ (южная);0.015433652071800034;184;вероятно;18
25;weekday;18;1;19;Улица Цандера;0.01023318235195437;122;вероятно;18
25;weekday;18;1;20;Аргуновская улица;0.019795336352960914;236;вероятно;18
25;weekday;19;0;1;Останкино;0.060390213688448435;585;вероятно;19
25;weekday;19;0;2;Аргуновская улица;0.018581604211830288;180;вероятно;19
25;weekday;19;0;3;Улица Цандера;0.017446061732218437;169;вероятно;19
25;weekday;19;0;4;ВДНХ (южная);0.01796221740476928;174;вероятно;19
25;weekday;19;0;5;Метро «ВДНХ»;0.03974398678641478;385;вероятно;19
25;weekday;19;0;6;ВДНХ (северная);0.06379684112728398;618;вероятно;19
25;weekday;19;0;7;Проспект Мира;0.02456901001342005;238;вероятно;19
25;weekday;19;0;8;Ярославская улица;0.011355424796118509;110;вероятно;19
25;weekday;19;0;9;Улица Бориса Галушкина, 17;0.0072261794157117785;70;вероятно;19
25;weekday;19;0;10;Площадь Академика Люльки;0.014142665427893053;137;вероятно;19
25;weekday;19;0;11;Станция Юных натуралистов;0.01610405698358625;156;вероятно;19
25;weekday;19;0;12;Лингвистический университет;0.01548467017652524;150;вероятно;19
25;weekday;19;0;13;Ростокинский проезд;0.015897594714565914;154;вероятно;19
25;weekday;19;0;14;Б. Ширяевская ул.;0.012181273872199855;118;вероятно;19
25;weekday;19;0;15;2-й Ширяевский переулок;0.011148962527098173;108;вероятно;19
25;weekday;19;0;16;Б. Оленья ул.;0.015071745638484567;146;вероятно;19
25;weekday;19;0;17;Майский просек;0.01620728811809642;157;вероятно;19
25;weekday;19;0;18;Ул. Короленко;0.016516981521626922;160;вероятно;19
25;weekday;19;0;19;Охотничья улица;0.012387736141220192;120;вероятно;19
25;weekday;19;0;20;ПКиО «Сокольники»;0.019304222153401464;187;вероятно;19
25;weekday;19;1;1;Метро «Сокольники»;0.2144110663776195;2077;вероятно;19
25;weekday;19;1;2;ПКиО «Сокольники»;0.07226179415711778;700;вероятно;19
25;weekday;19;1;3;Охотничья улица;0.03850521317229277;373;вероятно;19
25;weekday;19;1;4;Ул. Короленко;0.016310519252606587;158;вероятно;19
25;weekday;19;1;5;Майский просек;0.013420047486321874;130;вероятно;19
25;weekday;19;1;6;Большая Оленья улица;0.012387736141220192;120;вероятно;19
25;weekday;19;1;7;2-й Ширяевский переулок;0.011355424796118509;110;вероятно;19
25;weekday;19;1;8;Б. Ширяевская ул.;0.01486528336946423;144;вероятно;19
25;weekday;19;1;9;Ростокинский проезд;0.010219882316506659;99;вероятно;19
25;weekday;19;1;10;Лингвистический университет;0.009910188912976153;96;вероятно;19
25;weekday;19;1;11;Станция Юных натуралистов;0.004851863321977908;47;вероятно;19
25;weekday;19;1;12;Площадь Академика Люльки;0.010426344585526996;101;вероятно;19
25;weekday;19;1;13;Улица Бориса Галушкина, 17;0.008258490760813461;80;вероятно;19
25;weekday;19;1;14;Ярославская улица;0.014658821100443893;142;вероятно;19
25;weekday;19;1;15;Проспект Мира;0.03096934035305048;300;вероятно;19
25;weekday;19;1;16;ВДНХ (северная);0.02023330236399298;196;вероятно;19
25;weekday;19;1;17;Метро «ВДНХ»;0.016413750387116753;159;вероятно;19
25;weekday;19;1;18;ВДНХ (южная);0.020646226902033653;200;вероятно;19
25;weekday;19;1;19;Улица Цандера;0.011871580468669351;115;вероятно;19
25;weekday;19;1;20;Аргуновская улица;0.022504387323216683;218;вероятно;19
25;weekday;20;0;1;Останкино;0.07193675889328063;364;вероятно;20
25;weekday;20;0;2;Аргуновская улица;0.019762845849802372;100;вероятно;20
25;weekday;20;0;3;Улица Цандера;0.02608695652173913;132;вероятно;20
25;weekday;20;0;4;ВДНХ (южная);0.024110671936758893;122;вероятно;20
25;weekday;20;0;5;Метро «ВДНХ»;0.03260869565217391;165;вероятно;20
25;weekday;20;0;6;ВДНХ (северная);0.06699604743083004;339;вероятно;20
25;weekday;20;0;7;Проспект Мира;0.029446640316205534;149;вероятно;20
25;weekday;20;0;8;Ярославская улица;0.02233201581027668;113;вероятно;20
25;weekday;20;0;9;Улица Бориса Галушкина, 17;0.011264822134387351;57;вероятно;20
25;weekday;20;0;10;Площадь Академика Люльки;0.016600790513833993;84;вероятно;20
25;weekday;20;0;11;Станция Юных натуралистов;0.023715415019762844;120;вероятно;20
25;weekday;20;0;12;Лингвистический университет;0.01699604743083004;86;вероятно;20
25;weekday;20;0;13;Ростокинский проезд;0.018972332015810278;96;вероятно;20
25;weekday;20;0;14;Б. Ширяевская ул.;0.016798418972332016;85;вероятно;20
25;weekday;20;0;15;2-й Ширяевский переулок;0.00691699604743083;35;вероятно;20
25;weekday;20;0;16;Б. Оленья ул.;0.013438735177865613;68;вероятно;20
25;weekday;20;0;17;Майский просек;0.016798418972332016;85;вероятно;20
25;weekday;20;0;18;Ул. Короленко;0.01857707509881423;94;вероятно;20
25;weekday;20;0;19;Охотничья улица;0.012450592885375493;63;вероятно;20
25;weekday;20;0;20;ПКиО «Сокольники»;0.03596837944664032;182;вероятно;20
25;weekday;20;1;1;Метро «Сокольники»;0.13102766798418972;663;вероятно;20
25;weekday;20;1;2;ПКиО «Сокольники»;0.02806324110671937;142;вероятно;20
25;weekday;20;1;3;Охотничья улица;0.021343873517786563;108;вероятно;20
25;weekday;20;1;4;Ул. Короленко;0.014229249011857707;72;вероятно;20
25;weekday;20;1;5;Майский просек;0.0116600790513834;59;вероятно;20
25;weekday;20;1;6;Большая Оленья улица;0.013241106719367589;67;вероятно;20
25;weekday;20;1;7;2-й Ширяевский переулок;0.010474308300395257;53;вероятно;20
25;weekday;20;1;8;Б. Ширяевская ул.;0.012648221343873518;64;вероятно;20
25;weekday;20;1;9;Ростокинский проезд;0.01857707509881423;94;вероятно;20
25;weekday;20;1;10;Лингвистический университет;0.005335968379446641;27;вероятно;20
25;weekday;20;1;11;Станция Юных натуралистов;0.005731225296442688;29;вероятно;20
25;weekday;20;1;12;Площадь Академика Люльки;0.012648221343873518;64;вероятно;20
25;weekday;20;1;13;Улица Бориса Галушкина, 17;0.01541501976284585;78;вероятно;20
25;weekday;20;1;14;Ярославская улица;0.02351778656126482;119;вероятно;20
25;weekday;20;1;15;Проспект Мира;0.041501976284584984;210;вероятно;20
25;weekday;20;1;16;ВДНХ (северная);0.044466403162055336;225;вероятно;20
25;weekday;20;1;17;Метро «ВДНХ»;0.021146245059288537;107;вероятно;20
25;weekday;20;1;18;ВДНХ (южная);0.016205533596837945;82;вероятно;20
25;weekday;20;1;19;Улица Цандера;0.0116600790513834;59;вероятно;20
25;weekday;20;1;20;Аргуновская улица;0.03932806324110672;199;вероятно;20
25;weekday;21;0;1;Останкино;0.08333333333333333;290;вероятно;21
25;weekday;21;0;2;Аргуновская улица;0.020402298850574714;71;вероятно;21
25;weekday;21;0;3;Улица Цандера;0.02471264367816092;86;вероятно;21
25;weekday;21;0;4;ВДНХ (южная);0.019252873563218392;67;вероятно;21
25;weekday;21;0;5;Метро «ВДНХ»;0.04339080459770115;151;вероятно;21
25;weekday;21;0;6;ВДНХ (северная);0.06752873563218391;235;вероятно;21
25;weekday;21;0;7;Проспект Мира;0.04195402298850575;146;вероятно;21
25;weekday;21;0;8;Ярославская улица;0.019252873563218392;67;вероятно;21
25;weekday;21;0;9;Улица Бориса Галушкина, 17;0.01752873563218391;61;вероятно;21
25;weekday;21;0;10;Площадь Академика Люльки;0.01235632183908046;43;вероятно;21
25;weekday;21;0;11;Станция Юных натуралистов;0.020402298850574714;71;вероятно;21
25;weekday;21;0;12;Лингвистический университет;0.011494252873563218;40;вероятно;21
25;weekday;21;0;13;Ростокинский проезд;0.017816091954022988;62;вероятно;21
25;weekday;21;0;14;Б. Ширяевская ул.;0.009195402298850575;32;вероятно;21
25;weekday;21;0;15;2-й Ширяевский переулок;0.010344827586206896;36;вероятно;21
25;weekday;21;0;16;Б. Оленья ул.;0.014655172413793103;51;вероятно;21
25;weekday;21;0;17;Майский просек;0.013793103448275862;48;вероятно;21
25;weekday;21;0;18;Ул. Короленко;0.016379310344827588;57;вероятно;21
25;weekday;21;0;19;Охотничья улица;0.015229885057471264;53;вероятно;21
25;weekday;21;0;20;ПКиО «Сокольники»;0.042816091954022986;149;вероятно;21
25;weekday;21;1;1;Метро «Сокольники»;0.11781609195402298;410;вероятно;21
25;weekday;21;1;2;ПКиО «Сокольники»;0.019827586206896553;69;вероятно;21
25;weekday;21;1;3;Охотничья улица;0.027873563218390806;97;вероятно;21
25;weekday;21;1;4;Ул. Короленко;0.010632183908045977;37;вероятно;21
25;weekday;21;1;5;Майский просек;0.014367816091954023;50;вероятно;21
25;weekday;21;1;6;Большая Оленья улица;0.013505747126436781;47;вероятно;21
25;weekday;21;1;7;2-й Ширяевский переулок;0.004885057471264368;17;вероятно;21
25;weekday;21;1;8;Б. Ширяевская ул.;0.015229885057471264;53;вероятно;21
25;weekday;21;1;9;Ростокинский проезд;0.019252873563218392;67;вероятно;21
25;weekday;21;1;10;Лингвистический университет;0.01206896551724138;42;вероятно;21
25;weekday;21;1;11;Станция Юных натуралистов;0.010344827586206896;36;вероятно;21
25;weekday;21;1;12;Площадь Академика Люльки;0.03017241379310345;105;вероятно;21
25;weekday;21;1;13;Улица Бориса Галушкина, 17;0.007758620689655172;27;вероятно;21
25;weekday;21;1;14;Ярославская улица;0.010632183908045977;37;вероятно;21
25;weekday;21;1;15;Проспект Мира;0.023563218390804597;82;вероятно;21
25;weekday;21;1;16;ВДНХ (северная);0.03218390804597701;112;вероятно;21
25;weekday;21;1;17;Метро «ВДНХ»;0.02413793103448276;84;вероятно;21
25;weekday;21;1;18;ВДНХ (южная);0.022988505747126436;80;вероятно;21
25;weekday;21;1;19;Улица Цандера;0.015517241379310345;54;вероятно;21
25;weekday;21;1;20;Аргуновская улица;0.045402298850574715;158;вероятно;21
25;weekday;22;0;1;Останкино;0.10548523206751055;150;вероятно;22
25;weekday;22;0;2;Аргуновская улица;0.028832630098452883;41;вероятно;22
25;weekday;22;0;3;Улица Цандера;0.04360056258790436;62;вероятно;22
25;weekday;22;0;4;ВДНХ (южная);0.016877637130801686;24;вероятно;22
25;weekday;22;0;5;Метро «ВДНХ»;0.020393811533052038;29;вероятно;22
25;weekday;22;0;6;ВДНХ (северная);0.03234880450070324;46;вероятно;22
25;weekday;22;0;7;Проспект Мира;0.029535864978902954;42;вероятно;22
25;weekday;22;0;8;Ярославская улица;0.01828410689170183;26;вероятно;22
25;weekday;22;0;9;Улица Бориса Галушкина, 17;0.014767932489451477;21;вероятно;22
25;weekday;22;0;10;Площадь Академика Люльки;0.01617440225035162;23;вероятно;22
25;weekday;22;0;11;Станция Юных натуралистов;0.009845288326300985;14;вероятно;22
25;weekday;22;0;12;Лингвистический университет;0.011251758087201125;16;вероятно;22
25;weekday;22;0;13;Ростокинский проезд;0.020393811533052038;29;вероятно;22
25;weekday;22;0;14;Б. Ширяевская ул.;0.016877637130801686;24;вероятно;22
25;weekday;22;0;15;2-й Ширяевский переулок;0.009142053445850914;13;вероятно;22
25;weekday;22;0;16;Б. Оленья ул.;0.01617440225035162;23;вероятно;22
25;weekday;22;0;17;Майский просек;0.016877637130801686;24;вероятно;22
25;weekday;22;0;18;Ул. Короленко;0.02531645569620253;36;вероятно;22
25;weekday;22;0;19;Охотничья улица;0.03727144866385373;53;вероятно;22
25;weekday;22;0;20;ПКиО «Сокольники»;0.06751054852320675;96;вероятно;22
25;weekday;22;1;1;Метро «Сокольники»;0.13009845288326302;185;вероятно;22
25;weekday;22;1;2;ПКиО «Сокольники»;0.012658227848101266;18;вероятно;22
25;weekday;22;1;3;Охотничья улица;0.013361462728551337;19;вероятно;22
25;weekday;22;1;4;Ул. Короленко;0.009142053445850914;13;вероятно;22
25;weekday;22;1;5;Майский просек;0.011251758087201125;16;вероятно;22
25;weekday;22;1;6;Большая Оленья улица;0.004219409282700422;6;вероятно;22
25;weekday;22;1;7;2-й Ширяевский переулок;0.004922644163150493;7;вероятно;22
25;weekday;22;1;8;Б. Ширяевская ул.;0.016877637130801686;24;вероятно;22
25;weekday;22;1;9;Ростокинский проезд;0.0189873417721519;27;вероятно;22
25;weekday;22;1;10;Лингвистический университет;0.007735583684950774;11;вероятно;22
25;weekday;22;1;11;Станция Юных натуралистов;0.015471167369901548;22;вероятно;22
25;weekday;22;1;12;Площадь Академика Люльки;0.012658227848101266;18;вероятно;22
25;weekday;22;1;13;Улица Бориса Галушкина, 17;0.013361462728551337;19;вероятно;22
25;weekday;22;1;14;Ярославская улица;0.006329113924050633;9;вероятно;22
25;weekday;22;1;15;Проспект Мира;0.011954992967651195;17;вероятно;22
25;weekday;22;1;16;ВДНХ (северная);0.014767932489451477;21;вероятно;22
25;weekday;22;1;17;Метро «ВДНХ»;0.02109704641350211;30;вероятно;22
25;weekday;22;1;18;ВДНХ (южная);0.023206751054852322;33;вероятно;22
25;weekday;22;1;19;Улица Цандера;0.020393811533052038;29;вероятно;22
25;weekday;22;1;20;Аргуновская улица;0.07454289732770746;106;вероятно;22
25;weekday;23;0;1;Останкино;0.07482993197278912;11;вероятно;23
25;weekday;23;0;2;Аргуновская улица;0.006802721088435374;1;вероятно;23
25;weekday;23;0;5;Метро «ВДНХ»;0.013605442176870748;2;вероятно;23
25;weekday;23;0;9;Улица Бориса Галушкина, 17;0.006802721088435374;1;вероятно;23
25;weekday;23;0;12;Лингвистический университет;0.006802721088435374;1;вероятно;23
25;weekday;23;0;13;Ростокинский проезд;0.013605442176870748;2;вероятно;23
25;weekday;23;0;15;2-й Ширяевский переулок;0.027210884353741496;4;вероятно;23
25;weekday;23;0;16;Б. Оленья ул.;0.006802721088435374;1;вероятно;23
25;weekday;23;0;17;Майский просек;0.006802721088435374;1;вероятно;23
25;weekday;23;0;18;Ул. Короленко;0.006802721088435374;1;вероятно;23
25;weekday;23;0;19;Охотничья улица;0.027210884353741496;4;вероятно;23
25;weekday;23;0;20;ПКиО «Сокольники»;0.11564625850340136;17;вероятно;23
25;weekday;23;1;1;Метро «Сокольники»;0.061224489795918366;9;вероятно;23
25;weekday;23;1;2;ПКиО «Сокольники»;0.02040816326530612;3;вероятно;23
25;weekday;23;1;3;Охотничья улица;0.05442176870748299;8;вероятно;23
25;weekday;23;1;4;Ул. Короленко;0.006802721088435374;1;вероятно;23
25;weekday;23;1;5;Майский просек;0.027210884353741496;4;вероятно;23
25;weekday;23;1;6;Большая Оленья улица;0.013605442176870748;2;вероятно;23
25;weekday;23;1;7;2-й Ширяевский переулок;0.006802721088435374;1;вероятно;23
25;weekday;23;1;8;Б. Ширяевская ул.;0.013605442176870748;2;вероятно;23
25;weekday;23;1;11;Станция Юных натуралистов;0.013605442176870748;2;вероятно;23
25;weekday;23;1;13;Улица Бориса Галушкина, 17;0.013605442176870748;2;вероятно;23
25;weekday;23;1;14;Ярославская улица;0.006802721088435374;1;вероятно;23
25;weekday;23;1;15;Проспект Мира;0.02040816326530612;3;вероятно;23
25;weekday;23;1;16;ВДНХ (северная);0.061224489795918366;9;вероятно;23
25;weekday;23;1;17;Метро «ВДНХ»;0.047619047619047616;7;вероятно;23
25;weekday;23;1;18;ВДНХ (южная);0.02040816326530612;3;вероятно;23
25;weekday;23;1;19;Улица Цандера;0.07482993197278912;11;вероятно;23
25;weekday;23;1;20;Аргуновская улица;0.22448979591836735;33;вероятно;23
25;weekend;0;0;1;Останкино;0.09615384615384616;5;вероятно;0
25;weekend;0;0;8;Ярославская улица;0.019230769230769232;1;вероятно;0
25;weekend;0;0;11;Станция Юных натуралистов;0.038461538461538464;2;вероятно;0
25;weekend;0;0;13;Ростокинский проезд;0.019230769230769232;1;вероятно;0
25;weekend;0;0;18;Ул. Короленко;0.038461538461538464;2;вероятно;0
25;weekend;0;0;19;Охотничья улица;0.019230769230769232;1;вероятно;0
25;weekend;0;0;20;ПКиО «Сокольники»;0.19230769230769232;10;вероятно;0
25;weekend;0;1;1;Метро «Сокольники»;0.11538461538461539;6;вероятно;0
25;weekend;0;1;3;Охотничья улица;0.038461538461538464;2;вероятно;0
25;weekend;0;1;4;Ул. Короленко;0.019230769230769232;1;вероятно;0
25;weekend;0;1;5;Майский просек;0.019230769230769232;1;вероятно;0
25;weekend;0;1;15;Проспект Мира;0.019230769230769232;1;вероятно;0
25;weekend;0;1;17;Метро «ВДНХ»;0.15384615384615385;8;вероятно;0
25;weekend;0;1;18;ВДНХ (южная);0.038461538461538464;2;вероятно;0
25;weekend;0;1;19;Улица Цандера;0.057692307692307696;3;вероятно;0
25;weekend;0;1;20;Аргуновская улица;0.11538461538461539;6;вероятно;0
25;weekend;1;1;1;Метро «Сокольники»;0.5;1;вероятно;1
25;weekend;1;1;20;Аргуновская улица;0.5;1;вероятно;1
25;weekend;2;1;1;Метро «Сокольники»;0.5;1;вероятно;1
25;weekend;2;1;20;Аргуновская улица;0.5;1;вероятно;1
25;weekend;3;1;1;Метро «Сокольники»;0.5;1;вероятно;1
25;weekend;3;1;20;Аргуновская улица;0.5;1;вероятно;1
25;weekend;4;0;1;Останкино;0.15384615384615385;12;вероятно;5
25;weekend;4;0;13;Ростокинский проезд;0.20512820512820512;16;вероятно;5
25;weekend;4;1;1;Метро «Сокольники»;0.6153846153846154;48;вероятно;5
25;weekend;4;1;8;Б. Ширяевская ул.;0.01282051282051282;1;вероятно;5
25;weekend;4;1;14;Ярославская улица;0.01282051282051282;1;вероятно;5
25;weekend;5;0;1;Останкино;0.15384615384615385;12;вероятно;5
25;weekend;5;0;13;Ростокинский проезд;0.20512820512820512;16;вероятно;5
25;weekend;5;1;1;Метро «Сокольники»;0.6153846153846154;48;вероятно;5
25;weekend;5;1;8;Б. Ширяевская ул.;0.01282051282051282;1;вероятно;5
25;weekend;5;1;14;Ярославская улица;0.01282051282051282;1;вероятно;5
25;weekend;6;0;1;Останкино;0.04693140794223827;26;вероятно;6
25;weekend;6;0;2;Аргуновская улица;0.007220216606498195;4;вероятно;6
25;weekend;6;0;3;Улица Цандера;0.009025270758122744;5;вероятно;6
25;weekend;6;0;4;ВДНХ (южная);0.0018050541516245488;1;вероятно;6
25;weekend;6;0;5;Метро «ВДНХ»;0.030685920577617327;17;вероятно;6
25;weekend;6;0;6;ВДНХ (северная);0.019855595667870037;11;вероятно;6
25;weekend;6;0;7;Проспект Мира;0.0018050541516245488;1;вероятно;6
25;weekend;6;0;10;Площадь Академика Люльки;0.03790613718411552;21;вероятно;6
25;weekend;6;0;11;Станция Юных натуралистов;0.036101083032490974;20;вероятно;6
25;weekend;6;0;12;Лингвистический университет;0.0036101083032490976;2;вероятно;6
25;weekend;6;0;13;Ростокинский проезд;0.0036101083032490976;2;вероятно;6
25;weekend;6;0;14;Б. Ширяевская ул.;0.0018050541516245488;1;вероятно;6
25;weekend;6;0;15;2-й Ширяевский переулок;0.016245487364620937;9;вероятно;6
25;weekend;6;0;16;Б. Оленья ул.;0.009025270758122744;5;вероятно;6
25;weekend;6;0;17;Майский просек;0.023465703971119134;13;вероятно;6
25;weekend;6;0;18;Ул. Короленко;0.11552346570397112;64;вероятно;6
25;weekend;6;0;19;Охотничья улица;0.11010830324909747;61;вероятно;6
25;weekend;6;0;20;ПКиО «Сокольники»;0.04693140794223827;26;вероятно;6
25;weekend;6;1;1;Метро «Сокольники»;0.2509025270758123;139;вероятно;6
25;weekend;6;1;2;ПКиО «Сокольники»;0.05054151624548736;28;вероятно;6
25;weekend;6;1;3;Охотничья улица;0.01444043321299639;8;вероятно;6
25;weekend;6;1;4;Ул. Короленко;0.0036101083032490976;2;вероятно;6
25;weekend;6;1;5;Майский просек;0.007220216606498195;4;вероятно;6
25;weekend;6;1;6;Большая Оленья улица;0.016245487364620937;9;вероятно;6
25;weekend;6;1;7;2-й Ширяевский переулок;0.0018050541516245488;1;вероятно;6
25;weekend;6;1;8;Б. Ширяевская ул.;0.0036101083032490976;2;вероятно;6
25;weekend;6;1;9;Ростокинский проезд;0.0018050541516245488;1;вероятно;6
25;weekend;6;1;10;Лингвистический университет;0.0018050541516245488;1;вероятно;6
25;weekend;6;1;12;Площадь Академика Люльки;0.0036101083032490976;2;вероятно;6
25;weekend;6;1;13;Улица Бориса Галушкина, 17;0.018050541516245487;10;вероятно;6
25;weekend;6;1;14;Ярославская улица;0.0036101083032490976;2;вероятно;6
25;weekend;6;1;15;Проспект Мира;0.02888086642599278;16;вероятно;6
25;weekend;6;1;16;ВДНХ (северная);0.019855595667870037;11;вероятно;6
25;weekend;6;1;17;Метро «ВДНХ»;0.0036101083032490976;2;вероятно;6
25;weekend;6;1;18;ВДНХ (южная);0.005415162454873646;3;вероятно;6
25;weekend;6;1;19;Улица Цандера;0.009025270758122744;5;вероятно;6
25;weekend;6;1;20;Аргуновская улица;0.03429602888086643;19;вероятно;6
25;weekend;7;0;1;Останкино;0.11482254697286012;55;вероятно;7
25;weekend;7;0;2;Аргуновская улица;0.016701461377870562;8;вероятно;7
25;weekend;7;0;3;Улица Цандера;0.018789144050104383;9;вероятно;7
25;weekend;7;0;4;ВДНХ (южная);0.033402922755741124;16;вероятно;7
25;weekend;7;0;5;Метро «ВДНХ»;0.031315240083507306;15;вероятно;7
25;weekend;7;0;6;ВДНХ (северная);0.07306889352818371;35;вероятно;7
25;weekend;7;0;7;Проспект Мира;0.014613778705636743;7;вероятно;7
25;weekend;7;0;8;Ярославская улица;0.020876826722338204;10;вероятно;7
25;weekend;7;0;9;Улица Бориса Галушкина, 17;0.0020876826722338203;1;вероятно;7
25;weekend;7;0;10;Площадь Академика Люльки;0.014613778705636743;7;вероятно;7
25;weekend;7;0;11;Станция Юных натуралистов;0.008350730688935281;4;вероятно;7
25;weekend;7;0;12;Лингвистический университет;0.0041753653444676405;2;вероятно;7
25;weekend;7;0;13;Ростокинский проезд;0.018789144050104383;9;вероятно;7
25;weekend;7;0;14;Б. Ширяевская ул.;0.020876826722338204;10;вероятно;7
25;weekend;7;0;15;2-й Ширяевский переулок;0.025052192066805846;12;вероятно;7
25;weekend;7;0;16;Б. Оленья ул.;0.0020876826722338203;1;вероятно;7
25;weekend;7;0;17;Майский просек;0.006263048016701462;3;вероятно;7
25;weekend;7;0;18;Ул. Короленко;0.010438413361169102;5;вероятно;7
25;weekend;7;0;19;Охотничья улица;0.0041753653444676405;2;вероятно;7
25;weekend;7;0;20;ПКиО «Сокольники»;0.05845511482254697;28;вероятно;7
25;weekend;7;1;1;Метро «Сокольники»;0.10855949895615867;52;вероятно;7
25;weekend;7;1;2;ПКиО «Сокольники»;0.008350730688935281;4;вероятно;7
25;weekend;7;1;3;Охотничья улица;0.031315240083507306;15;вероятно;7
25;weekend;7;1;4;Ул. Короленко;0.020876826722338204;10;вероятно;7
25;weekend;7;1;5;Майский просек;0.010438413361169102;5;вероятно;7
25;weekend;7;1;6;Большая Оленья улица;0.006263048016701462;3;вероятно;7
25;weekend;7;1;7;2-й Ширяевский переулок;0.0020876826722338203;1;вероятно;7
25;weekend;7;1;8;Б. Ширяевская ул.;0.018789144050104383;9;вероятно;7
25;weekend;7;1;9;Ростокинский проезд;0.014613778705636743;7;вероятно;7
25;weekend;7;1;10;Лингвистический университет;0.027139874739039668;13;вероятно;7
25;weekend;7;1;11;Станция Юных натуралистов;0.033402922755741124;16;вероятно;7
25;weekend;7;1;12;Площадь Академика Люльки;0.020876826722338204;10;вероятно;7
25;weekend;7;1;13;Улица Бориса Галушкина, 17;0.0041753653444676405;2;вероятно;7
25;weekend;7;1;14;Ярославская улица;0.016701461377870562;8;вероятно;7
25;weekend;7;1;15;Проспект Мира;0.027139874739039668;13;вероятно;7
25;weekend;7;1;16;ВДНХ (северная);0.04384133611691023;21;вероятно;7
25;weekend;7;1;17;Метро «ВДНХ»;0.0041753653444676405;2;вероятно;7
25;weekend;7;1;18;ВДНХ (южная);0.018789144050104383;9;вероятно;7
25;weekend;7;1;19;Улица Цандера;0.016701461377870562;8;вероятно;7
25;weekend;7;1;20;Аргуновская улица;0.06680584551148225;32;вероятно;7
25;weekend;8;0;1;Останкино;0.0748768472906404;76;вероятно;8
25;weekend;8;0;2;Аргуновская улица;0.012807881773399015;13;вероятно;8
25;weekend;8;0;3;Улица Цандера;0.022660098522167486;23;вероятно;8
25;weekend;8;0;4;ВДНХ (южная);0.020689655172413793;21;вероятно;8
25;weekend;8;0;5;Метро «ВДНХ»;0.02857142857142857;29;вероятно;8
25;weekend;8;0;6;ВДНХ (северная);0.029556650246305417;30;вероятно;8
25;weekend;8;0;7;Проспект Мира;0.019704433497536946;20;вероятно;8
25;weekend;8;0;8;Ярославская улица;0.020689655172413793;21;вероятно;8
25;weekend;8;0;9;Улица Бориса Галушкина, 17;0.014778325123152709;15;вероятно;8
25;weekend;8;0;10;Площадь Академика Люльки;0.035467980295566505;36;вероятно;8
25;weekend;8;0;11;Станция Юных натуралистов;0.017733990147783252;18;вероятно;8
25;weekend;8;0;12;Лингвистический университет;0.01083743842364532;11;вероятно;8
25;weekend;8;0;13;Ростокинский проезд;0.006896551724137931;7;вероятно;8
25;weekend;8;0;14;Б. Ширяевская ул.;0.009852216748768473;10;вероятно;8
25;weekend;8;0;15;2-й Ширяевский переулок;0.01083743842364532;11;вероятно;8
25;weekend;8;0;16;Б. Оленья ул.;0.017733990147783252;18;вероятно;8
25;weekend;8;0;17;Майский просек;0.009852216748768473;10;вероятно;8
25;weekend;8;0;18;Ул. Короленко;0.02561576354679803;26;вероятно;8
25;weekend;8;0;19;Охотничья улица;0.008866995073891626;9;вероятно;8
25;weekend;8;0;20;ПКиО «Сокольники»;0.03940886699507389;40;вероятно;8
25;weekend;8;1;1;Метро «Сокольники»;0.1625615763546798;165;вероятно;8
25;weekend;8;1;2;ПКиО «Сокольники»;0.030541871921182268;31;вероятно;8
25;weekend;8;1;3;Охотничья улица;0.05812807881773399;59;вероятно;8
25;weekend;8;1;4;Ул. Короленко;0.014778325123152709;15;вероятно;8
25;weekend;8;1;5;Майский просек;0.005911330049261084;6;вероятно;8
25;weekend;8;1;6;Большая Оленья улица;0.0009852216748768472;1;вероятно;8
25;weekend;8;1;7;2-й Ширяевский переулок;0.01083743842364532;11;вероятно;8
25;weekend;8;1;8;Б. Ширяевская ул.;0.0019704433497536944;2;вероятно;8
25;weekend;8;1;9;Ростокинский проезд;0.008866995073891626;9;вероятно;8
25;weekend;8;1;10;Лингвистический университет;0.0049261083743842365;5;вероятно;8
25;weekend;8;1;11;Станция Юных натуралистов;0.015763546798029555;16;вероятно;8
25;weekend;8;1;12;Площадь Академика Люльки;0.027586206896551724;28;вероятно;8
25;weekend;8;1;13;Улица Бориса Галушкина, 17;0.020689655172413793;21;вероятно;8
25;weekend;8;1;14;Ярославская улица;0.027586206896551724;28;вероятно;8
25;weekend;8;1;15;Проспект Мира;0.016748768472906402;17;вероятно;8
25;weekend;8;1;16;ВДНХ (северная);0.035467980295566505;36;вероятно;8
25;weekend;8;1;17;Метро «ВДНХ»;0.04729064039408867;48;вероятно;8
25;weekend;8;1;18;ВДНХ (южная);0.017733990147783252;18;вероятно;8
25;weekend;8;1;19;Улица Цандера;0.022660098522167486;23;вероятно;8
25;weekend;8;1;20;Аргуновская улица;0.03152709359605911;32;вероятно;8
25;weekend;9;0;1;Останкино;0.045105566218809984;47;вероятно;9
25;weekend;9;0;2;Аргуновская улица;0.009596928982725527;10;вероятно;9
25;weekend;9;0;3;Улица Цандера;0.028790786948176585;30;вероятно;9
25;weekend;9;0;4;ВДНХ (южная);0.036468330134357005;38;вероятно;9
25;weekend;9;0;5;Метро «ВДНХ»;0.04030710172744722;42;вероятно;9
25;weekend;9;0;6;ВДНХ (северная);0.05470249520153551;57;вероятно;9
25;weekend;9;0;7;Проспект Мира;0.030710172744721688;32;вероятно;9
25;weekend;9;0;8;Ярославская улица;0.012476007677543186;13;вероятно;9
25;weekend;9;0;9;Улица Бориса Галушкина, 17;0.008637236084452975;9;вероятно;9
25;weekend;9;0;10;Площадь Академика Люльки;0.0345489443378119;36;вероятно;9
25;weekend;9;0;11;Станция Юных натуралистов;0.01727447216890595;18;вероятно;9
25;weekend;9;0;12;Лингвистический университет;0.005758157389635317;6;вероятно;9
25;weekend;9;0;13;Ростокинский проезд;0.02111324376199616;22;вероятно;9
25;weekend;9;0;14;Б. Ширяевская ул.;0.008637236084452975;9;вероятно;9
25;weekend;9;0;15;2-й Ширяевский переулок;0.009596928982725527;10;вероятно;9
25;weekend;9;0;16;Б. Оленья ул.;0.008637236084452975;9;вероятно;9
25;weekend;9;0;17;Майский просек;0.007677543186180422;8;вероятно;9
25;weekend;9;0;18;Ул. Короленко;0.019193857965451054;20;вероятно;9
25;weekend;9;0;19;Охотничья улица;0.007677543186180422;8;вероятно;9
25;weekend;9;0;20;ПКиО «Сокольники»;0.0345489443378119;36;вероятно;9
25;weekend;9;1;1;Метро «Сокольники»;0.15355086372360843;160;вероятно;9
25;weekend;9;1;2;ПКиО «Сокольники»;0.0345489443378119;36;вероятно;9
25;weekend;9;1;3;Охотничья улица;0.026871401151631478;28;вероятно;9
25;weekend;9;1;4;Ул. Короленко;0.02111324376199616;22;вероятно;9
25;weekend;9;1;5;Майский просек;0.03934740882917467;41;вероятно;9
25;weekend;9;1;6;Большая Оленья улица;0.01055662188099808;11;вероятно;9
25;weekend;9;1;7;2-й Ширяевский переулок;0.0028790786948176585;3;вероятно;9
25;weekend;9;1;8;Б. Ширяевская ул.;0.012476007677543186;13;вероятно;9
25;weekend;9;1;9;Ростокинский проезд;0.009596928982725527;10;вероятно;9
25;weekend;9;1;10;Лингвистический университет;0.0019193857965451055;2;вероятно;9
25;weekend;9;1;11;Станция Юных натуралистов;0.0028790786948176585;3;вероятно;9
25;weekend;9;1;12;Площадь Академика Люльки;0.0028790786948176585;3;вероятно;9
25;weekend;9;1;13;Улица Бориса Галушкина, 17;0.013435700575815739;14;вероятно;9
25;weekend;9;1;14;Ярославская улица;0.02111324376199616;22;вероятно;9
25;weekend;9;1;15;Проспект Мира;0.030710172744721688;32;вероятно;9
25;weekend;9;1;16;ВДНХ (северная);0.04798464491362764;50;вероятно;9
25;weekend;9;1;17;Метро «ВДНХ»;0.03166986564299424;33;вероятно;9
25;weekend;9;1;18;ВДНХ (южная);0.03358925143953935;35;вероятно;9
25;weekend;9;1;19;Улица Цандера;0.007677543186180422;8;вероятно;9
25;weekend;9;1;20;Аргуновская улица;0.053742802303262956;56;вероятно;9
25;weekend;10;0;1;Останкино;0.06280667320902845;64;вероятно;10
25;weekend;10;0;2;Аргуновская улица;0.015701668302257114;16;вероятно;10
25;weekend;10;0;3;Улица Цандера;0.018645731108930325;19;вероятно;10
25;weekend;10;0;4;ВДНХ (южная);0.02649656526005888;27;вероятно;10
25;weekend;10;0;5;Метро «ВДНХ»;0.022571148184494603;23;вероятно;10
25;weekend;10;0;6;ВДНХ (северная);0.04416094210009813;45;вероятно;10
25;weekend;10;0;7;Проспект Мира;0.03042198233562316;31;вероятно;10
25;weekend;10;0;8;Ярославская улица;0.02747791952894995;28;вероятно;10
25;weekend;10;0;9;Улица Бориса Галушкина, 17;0.014720314033366046;15;вероятно;10
25;weekend;10;0;10;Площадь Академика Люльки;0.02453385672227674;25;вероятно;10
25;weekend;10;0;11;Станция Юных натуралистов;0.021589793915603533;22;вероятно;10
25;weekend;10;0;12;Лингвистический университет;0.011776251226692836;12;вероятно;10
25;weekend;10;0;13;Ростокинский проезд;0.007850834151128557;8;вероятно;10
25;weekend;10;0;14;Б. Ширяевская ул.;0.013738959764474975;14;вероятно;10
25;weekend;10;0;15;2-й Ширяевский переулок;0.008832188420019628;9;вероятно;10
25;weekend;10;0;16;Б. Оленья ул.;0.023552502453385672;24;вероятно;10
25;weekend;10;0;17;Майский просек;0.008832188420019628;9;вероятно;10
25;weekend;10;0;18;Ул. Короленко;0.007850834151128557;8;вероятно;10
25;weekend;10;0;19;Охотничья улица;0.008832188420019628;9;вероятно;10
25;weekend;10;0;20;ПКиО «Сокольники»;0.03140333660451423;32;вероятно;10
25;weekend;10;1;1;Метро «Сокольники»;0.18940137389597644;193;вероятно;10
25;weekend;10;1;2;ПКиО «Сокольники»;0.02649656526005888;27;вероятно;10
25;weekend;10;1;3;Охотничья улица;0.02453385672227674;25;вероятно;10
25;weekend;10;1;4;Ул. Короленко;0.012757605495583905;13;вероятно;10
25;weekend;10;1;5;Майский просек;0.023552502453385672;24;вероятно;10
25;weekend;10;1;6;Большая Оленья улица;0.011776251226692836;12;вероятно;10
25;weekend;10;1;7;2-й Ширяевский переулок;0.015701668302257114;16;вероятно;10
25;weekend;10;1;8;Б. Ширяевская ул.;0.0068694798822374874;7;вероятно;10
25;weekend;10;1;9;Ростокинский проезд;0.016683022571148183;17;вероятно;10
25;weekend;10;1;10;Лингвистический университет;0.008832188420019628;9;вероятно;10
25;weekend;10;1;11;Станция Юных натуралистов;0.004906771344455349;5;вероятно;10
25;weekend;10;1;12;Площадь Академика Люльки;0.016683022571148183;17;вероятно;10
25;weekend;10;1;13;Улица Бориса Галушкина, 17;0.013738959764474975;14;вероятно;10
25;weekend;10;1;14;Ярославская улица;0.029440628066732092;30;вероятно;10
25;weekend;10;1;15;Проспект Мира;0.04808635917566242;49;вероятно;10
25;weekend;10;1;16;ВДНХ (северная);0.03042198233562316;31;вероятно;10
25;weekend;10;1;17;Метро «ВДНХ»;0.017664376840039256;18;вероятно;10
25;weekend;10;1;18;ВДНХ (южная);0.016683022571148183;17;вероятно;10
25;weekend;10;1;19;Улица Цандера;0.017664376840039256;18;вероятно;10
25;weekend;10;1;20;Аргуновская улица;0.03631010794896958;37;вероятно;10
25;weekend;11;0;1;Останкино;0.05833905284831846;85;вероятно;11
25;weekend;11;0;2;Аргуновская улица;0.008236101578586136;12;вероятно;11
25;weekend;11;0;3;Улица Цандера;0.02127659574468085;31;вероятно;11
25;weekend;11;0;4;ВДНХ (южная);0.0061770761839396015;9;вероятно;11
25;weekend;11;0;5;Метро «ВДНХ»;0.03225806451612903;47;вероятно;11
25;weekend;11;0;6;ВДНХ (северная);0.032944406314344546;48;вероятно;11
25;weekend;11;0;7;Проспект Мира;0.03706245710363761;54;вероятно;11
25;weekend;11;0;8;Ярославская улица;0.01990391214824983;29;вероятно;11
25;weekend;11;0;9;Улица Бориса Галушкина, 17;0.019217570350034317;28;вероятно;11
25;weekend;11;0;10;Площадь Академика Люльки;0.03431708991077557;50;вероятно;11
25;weekend;11;0;11;Станция Юных натуралистов;0.015785861358956762;23;вероятно;11
25;weekend;11;0;12;Лингвистический университет;0.012354152367879203;18;вероятно;11
25;weekend;11;0;13;Ростокинский проезд;0.011667810569663692;17;вероятно;11
25;weekend;11;0;14;Б. Ширяевская ул.;0.004804392587508579;7;вероятно;11
25;weekend;11;0;15;2-й Ширяевский переулок;0.0061770761839396015;9;вероятно;11
25;weekend;11;0;16;Б. Оленья ул.;0.01029512697323267;15;вероятно;11
25;weekend;11;0;17;Майский просек;0.011667810569663692;17;вероятно;11
25;weekend;11;0;18;Ул. Короленко;0.0075497597803706245;11;вероятно;11
25;weekend;11;0;19;Охотничья улица;0.009608785175017159;14;вероятно;11
25;weekend;11;0;20;ПКиО «Сокольники»;0.0363761153054221;53;вероятно;11
25;weekend;11;1;1;Метро «Сокольники»;0.2059025394646534;300;вероятно;11
25;weekend;11;1;2;ПКиО «Сокольники»;0.03431708991077557;50;вероятно;11
25;weekend;11;1;3;Охотничья улица;0.022649279341111873;33;вероятно;11
25;weekend;11;1;4;Ул. Короленко;0.013726835964310227;20;вероятно;11
25;weekend;11;1;5;Майский просек;0.019217570350034317;28;вероятно;11
25;weekend;11;1;6;Большая Оленья улица;0.013040494166094716;19;вероятно;11
25;weekend;11;1;7;2-й Ширяевский переулок;0.0068634179821551134;10;вероятно;11
25;weekend;11;1;8;Б. Ширяевская ул.;0.01029512697323267;15;вероятно;11
25;weekend;11;1;9;Ростокинский проезд;0.011667810569663692;17;вероятно;11
25;weekend;11;1;10;Лингвистический университет;0.002745367192862045;4;вероятно;11
25;weekend;11;1;11;Станция Юных натуралистов;0.002745367192862045;4;вероятно;11
25;weekend;11;1;12;Площадь Академика Люльки;0.024021962937542895;35;вероятно;11
25;weekend;11;1;13;Улица Бориса Галушкина, 17;0.035003431708991076;51;вероятно;11
25;weekend;11;1;14;Ярославская улица;0.03431708991077557;50;вероятно;11
25;weekend;11;1;15;Проспект Мира;0.06726149622512011;98;вероятно;11
25;weekend;11;1;16;ВДНХ (северная);0.04118050789293068;60;вероятно;11
25;weekend;11;1;17;Метро «ВДНХ»;0.015785861358956762;23;вероятно;11
25;weekend;11;1;18;ВДНХ (южная);0.008236101578586136;12;вероятно;11
25;weekend;11;1;19;Улица Цандера;0.012354152367879203;18;вероятно;11
25;weekend;11;1;20;Аргуновская улица;0.022649279341111873;33;вероятно;11
25;weekend;12;0;1;Останкино;0.08537392455327597;129;вероятно;12
25;weekend;12;0;2;Аргуновская улица;0.015221707478491065;23;вероятно;12
25;weekend;12;0;3;Улица Цандера;0.01257445400397088;19;вероятно;12
25;weekend;12;0;4;ВДНХ (южная);0.02911978821972204;44;вероятно;12
25;weekend;12;0;5;Метро «ВДНХ»;0.02382528127068167;36;вероятно;12
25;weekend;12;0;6;ВДНХ (северная);0.06154864328259431;93;вероятно;12
25;weekend;12;0;7;Проспект Мира;0.02183984116479153;33;вероятно;12
25;weekend;12;0;8;Ярославская улица;0.010589013898080741;16;вероятно;12
25;weekend;12;0;9;Улица Бориса Галушкина, 17;0.009927200529450696;15;вероятно;12
25;weekend;12;0;10;Площадь Академика Люльки;0.03044341495698213;46;вероятно;12
25;weekend;12;0;11;Станция Юных натуралистов;0.019192587690271344;29;вероятно;12
25;weekend;12;0;12;Лингвистический университет;0.004632693580410324;7;вероятно;12
25;weekend;12;0;13;Ростокинский проезд;0.009265387160820648;14;вероятно;12
25;weekend;12;0;14;Б. Ширяевская ул.;0.017207147584381206;26;вероятно;12
25;weekend;12;0;15;2-й Ширяевский переулок;0.005956320317670417;9;вероятно;12
25;weekend;12;0;16;Б. Оленья ул.;0.01654533421575116;25;вероятно;12
25;weekend;12;0;17;Майский просек;0.015221707478491065;23;вероятно;12
25;weekend;12;0;18;Ул. Короленко;0.013236267372600927;20;вероятно;12
25;weekend;12;0;19;Охотничья улица;0.00727994705493051;11;вероятно;12
25;weekend;12;0;20;ПКиО «Сокольники»;0.01985440105890139;30;вероятно;12
25;weekend;12;1;1;Метро «Сокольники»;0.22303110522832562;337;вероятно;12
25;weekend;12;1;2;ПКиО «Сокольники»;0.03044341495698213;46;вероятно;12
25;weekend;12;1;3;Охотничья улица;0.01257445400397088;19;вероятно;12
25;weekend;12;1;4;Ул. Короленко;0.02183984116479153;33;вероятно;12
25;weekend;12;1;5;Майский просек;0.01455989410986102;22;вероятно;12
25;weekend;12;1;6;Большая Оленья улица;0.00727994705493051;11;вероятно;12
25;weekend;12;1;7;2-й Ширяевский переулок;0.01257445400397088;19;вероятно;12
25;weekend;12;1;8;Б. Ширяевская ул.;0.005956320317670417;9;вероятно;12
25;weekend;12;1;9;Ростокинский проезд;0.011250827266710787;17;вероятно;12
25;weekend;12;1;10;Лингвистический университет;0.001985440105890139;3;вероятно;12
25;weekend;12;1;11;Станция Юных натуралистов;0.00727994705493051;11;вероятно;12
25;weekend;12;1;12;Площадь Академика Люльки;0.03242885506287227;49;вероятно;12
25;weekend;12;1;13;Улица Бориса Галушкина, 17;0.017207147584381206;26;вероятно;12
25;weekend;12;1;14;Ярославская улица;0.0357379219060225;54;вероятно;12
25;weekend;12;1;15;Проспект Мира;0.04169424222369292;63;вероятно;12
25;weekend;12;1;16;ВДНХ (северная);0.036399735274652546;55;вероятно;12
25;weekend;12;1;17;Метро «ВДНХ»;0.013236267372600927;20;вероятно;12
25;weekend;12;1;18;ВДНХ (южная);0.011250827266710787;17;вероятно;12
25;weekend;12;1;19;Улица Цандера;0.005294506949040371;8;вероятно;12
25;weekend;12;1;20;Аргуновская улица;0.02911978821972204;44;вероятно;12
25;weekend;13;0;1;Останкино;0.07759014148790506;170;вероятно;13
25;weekend;13;0;2;Аргуновская улица;0.015518028297581013;34;вероятно;13
25;weekend;13;0;3;Улица Цандера;0.019169329073482427;42;вероятно;13
25;weekend;13;0;4;ВДНХ (южная);0.02921040620721132;64;вероятно;13
25;weekend;13;0;5;Метро «ВДНХ»;0.02190780465540849;48;вероятно;13
25;weekend;13;0;6;ВДНХ (северная);0.04655408489274304;102;вероятно;13
25;weekend;13;0;7;Проспект Мира;0.02464628023733455;54;вероятно;13
25;weekend;13;0;8;Ярославская улица;0.01734367868553172;38;вероятно;13
25;weekend;13;0;9;Улица Бориса Галушкина, 17;0.016887266088544045;37;вероятно;13
25;weekend;13;0;10;Площадь Академика Люльки;0.016430853491556367;36;вероятно;13
25;weekend;13;0;11;Станция Юных натуралистов;0.015518028297581013;34;вероятно;13
25;weekend;13;0;12;Лингвистический университет;0.016430853491556367;36;вероятно;13
25;weekend;13;0;13;Ростокинский проезд;0.05066179826563213;111;вероятно;13
25;weekend;13;0;14;Б. Ширяевская ул.;0.006389776357827476;14;вероятно;13
25;weekend;13;0;15;2-й Ширяевский переулок;0.0018256503879507074;4;вероятно;13
25;weekend;13;0;16;Б. Оленья ул.;0.011866727521679598;26;вероятно;13
25;weekend;13;0;17;Майский просек;0.016887266088544045;37;вероятно;13
25;weekend;13;0;18;Ул. Короленко;0.019169329073482427;42;вероятно;13
25;weekend;13;0;19;Охотничья улица;0.009128251939753538;20;вероятно;13
25;weekend;13;0;20;ПКиО «Сокольники»;0.018712916476494753;41;вероятно;13
25;weekend;13;1;1;Метро «Сокольники»;0.1912368781378366;419;вероятно;13
25;weekend;13;1;2;ПКиО «Сокольники»;0.04198995892286627;92;вероятно;13
25;weekend;13;1;3;Охотничья улица;0.03605659516202647;79;вероятно;13
25;weekend;13;1;4;Ул. Короленко;0.012323140118667275;27;вероятно;13
25;weekend;13;1;5;Майский просек;0.007759014148790507;17;вероятно;13
25;weekend;13;1;6;Большая Оленья улица;0.007759014148790507;17;вероятно;13
25;weekend;13;1;7;2-й Ширяевский переулок;0.003194888178913738;7;вероятно;13
25;weekend;13;1;8;Б. Ширяевская ул.;0.006389776357827476;14;вероятно;13
25;weekend;13;1;9;Ростокинский проезд;0.006846188954815153;15;вероятно;13
25;weekend;13;1;10;Лингвистический университет;0.004107713372889092;9;вероятно;13
25;weekend;13;1;11;Станция Юных натуралистов;0.010497489730716568;23;вероятно;13
25;weekend;13;1;12;Площадь Академика Люльки;0.02327704244637152;51;вероятно;13
25;weekend;13;1;13;Улица Бориса Галушкина, 17;0.03651300775901415;80;вероятно;13
25;weekend;13;1;14;Ярославская улица;0.02510269283432223;55;вероятно;13
25;weekend;13;1;15;Проспект Мира;0.03605659516202647;79;вероятно;13
25;weekend;13;1;16;ВДНХ (северная);0.029666818804198997;65;вероятно;13
25;weekend;13;1;17;Метро «ВДНХ»;0.022364217252396165;49;вероятно;13
25;weekend;13;1;18;ВДНХ (южная);0.010497489730716568;23;вероятно;13
25;weekend;13;1;19;Улица Цандера;0.01597444089456869;35;вероятно;13
25;weekend;13;1;20;Аргуновская улица;0.020538566864445457;45;вероятно;13
25;weekend;14;0;1;Останкино;0.07339449541284404;176;вероятно;14
25;weekend;14;0;2;Аргуновская улица;0.02043369474562135;49;вероятно;14
25;weekend;14;0;3;Улица Цандера;0.014595496246872394;35;вероятно;14
25;weekend;14;0;4;ВДНХ (южная);0.025020850708924104;60;вероятно;14
25;weekend;14;0;5;Метро «ВДНХ»;0.0408673894912427;98;вероятно;14
25;weekend;14;0;6;ВДНХ (северная);0.08548790658882402;205;вероятно;14
25;weekend;14;0;7;Проспект Мира;0.03586321934945788;86;вероятно;14
25;weekend;14;0;8;Ярославская улица;0.014178482068390326;34;вероятно;14
25;weekend;14;0;9;Улица Бориса Галушкина, 17;0.011676396997497914;28;вероятно;14
25;weekend;14;0;10;Площадь Академика Люльки;0.021684737281067557;52;вероятно;14
25;weekend;14;0;11;Станция Юных натуралистов;0.008340283569641367;20;вероятно;14
25;weekend;14;0;12;Лингвистический университет;0.01292743953294412;31;вероятно;14
25;weekend;14;0;13;Ростокинский проезд;0.010008340283569641;24;вероятно;14
25;weekend;14;0;14;Б. Ширяевская ул.;0.010008340283569641;24;вероятно;14
25;weekend;14;0;15;2-й Ширяевский переулок;0.0025020850708924102;6;вероятно;14
25;weekend;14;0;16;Б. Оленья ул.;0.020016680567139282;48;вероятно;14
25;weekend;14;0;17;Майский просек;0.02043369474562135;49;вероятно;14
25;weekend;14;0;18;Ул. Короленко;0.01292743953294412;31;вероятно;14
25;weekend;14;0;19;Охотничья улица;0.013344453711426188;32;вероятно;14
25;weekend;14;0;20;ПКиО «Сокольники»;0.012093411175979984;29;вероятно;14
25;weekend;14;1;1;Метро «Сокольники»;0.21184320266889073;508;вероятно;14
25;weekend;14;1;2;ПКиО «Сокольники»;0.0237698081734779;57;вероятно;14
25;weekend;14;1;3;Охотничья улица;0.030859049207673062;74;вероятно;14
25;weekend;14;1;4;Ул. Короленко;0.015012510425354461;36;вероятно;14
25;weekend;14;1;5;Майский просек;0.013344453711426188;32;вероятно;14
25;weekend;14;1;6;Большая Оленья улица;0.009174311926605505;22;вероятно;14
25;weekend;14;1;7;2-й Ширяевский переулок;0.010425354462051709;25;вероятно;14
25;weekend;14;1;8;Б. Ширяевская ул.;0.003336113427856547;8;вероятно;14
25;weekend;14;1;9;Ростокинский проезд;0.005421184320266889;13;вероятно;14
25;weekend;14;1;10;Лингвистический университет;0.0050041701417848205;12;вероятно;14
25;weekend;14;1;11;Станция Юных натуралистов;0.0025020850708924102;6;вероятно;14
25;weekend;14;1;12;Площадь Академика Люльки;0.03377814845704754;81;вероятно;14
25;weekend;14;1;13;Улица Бориса Галушкина, 17;0.030859049207673062;74;вероятно;14
25;weekend;14;1;14;Ярославская улица;0.039616346955796494;95;вероятно;14
25;weekend;14;1;15;Проспект Мира;0.030442035029190993;73;вероятно;14
25;weekend;14;1;16;ВДНХ (северная);0.025020850708924104;60;вероятно;14
25;weekend;14;1;17;Метро «ВДНХ»;0.016680567139282735;40;вероятно;14
25;weekend;14;1;18;ВДНХ (южная);0.007506255212677231;18;вероятно;14
25;weekend;14;1;19;Улица Цандера;0.0045871559633027525;11;вероятно;14
25;weekend;14;1;20;Аргуновская улица;0.015012510425354461;36;вероятно;14
25;weekend;15;0;1;Останкино;0.09275584515139901;242;вероятно;15
25;weekend;15;0;2;Аргуновская улица;0.018781142200076657;49;вероятно;15
25;weekend;15;0;3;Улица Цандера;0.023763894212341895;62;вероятно;15
25;weekend;15;0;4;ВДНХ (южная);0.037562284400153315;98;вероятно;15
25;weekend;15;0;5;Метро «ВДНХ»;0.04829436565733998;126;вероятно;15
25;weekend;15;0;6;ВДНХ (северная);0.053660406285933306;140;вероятно;15
25;weekend;15;0;7;Проспект Мира;0.029896512073591414;78;вероятно;15
25;weekend;15;0;8;Ярославская улица;0.016481410502108086;43;вероятно;15
25;weekend;15;0;9;Улица Бориса Галушкина, 17;0.020314296665389038;53;вероятно;15
25;weekend;15;0;10;Площадь Академика Люльки;0.022997316979685704;60;вероятно;15
25;weekend;15;0;11;Станция Юных натуралистов;0.007282483710233806;19;вероятно;15
25;weekend;15;0;12;Лингвистический университет;0.00843234955921809;22;вероятно;15
25;weekend;15;0;13;Ростокинский проезд;0.005366040628593331;14;вероятно;15
25;weekend;15;0;14;Б. Ширяевская ул.;0.005366040628593331;14;вероятно;15
25;weekend;15;0;15;2-й Ширяевский переулок;0.009582215408202376;25;вероятно;15
25;weekend;15;0;16;Б. Оленья ул.;0.016481410502108086;43;вероятно;15
25;weekend;15;0;17;Майский просек;0.02261402836335761;59;вероятно;15
25;weekend;15;0;18;Ул. Короленко;0.020697585281717133;54;вероятно;15
25;weekend;15;0;19;Охотничья улица;0.01763127635109237;46;вероятно;15
25;weekend;15;0;20;ПКиО «Сокольники»;0.01763127635109237;46;вероятно;15
25;weekend;15;1;1;Метро «Сокольники»;0.1782292065925642;465;вероятно;15
25;weekend;15;1;2;ПКиО «Сокольники»;0.03296282100421617;86;вероятно;15
25;weekend;15;1;3;Охотничья улица;0.021464162514373324;56;вероятно;15
25;weekend;15;1;4;Ул. Короленко;0.027596780375622843;72;вероятно;15
25;weekend;15;1;5;Майский просек;0.01686469911843618;44;вероятно;15
25;weekend;15;1;6;Большая Оленья улица;0.010348792640858567;27;вероятно;15
25;weekend;15;1;7;2-й Ширяевский переулок;0.007665772326561901;20;вероятно;15
25;weekend;15;1;8;Б. Ширяевская ул.;0.004982752012265236;13;вероятно;15
25;weekend;15;1;9;Ростокинский проезд;0.010732081257186662;28;вероятно;15
25;weekend;15;1;10;Лингвистический университет;0.004982752012265236;13;вероятно;15
25;weekend;15;1;11;Станция Юных натуралистов;0.004982752012265236;13;вероятно;15
25;weekend;15;1;12;Площадь Академика Люльки;0.017247987734764277;45;вероятно;15
25;weekend;15;1;13;Улица Бориса Галушкина, 17;0.015714833269451896;41;вероятно;15
25;weekend;15;1;14;Ярославская улица;0.019164430816404752;50;вероятно;15
25;weekend;15;1;15;Проспект Мира;0.026830203142966653;70;вероятно;15
25;weekend;15;1;16;ВДНХ (северная);0.0387121502491376;101;вероятно;15
25;weekend;15;1;17;Метро «ВДНХ»;0.026063625910310462;68;вероятно;15
25;weekend;15;1;18;ВДНХ (южная);0.01763127635109237;46;вероятно;15
25;weekend;15;1;19;Улица Цандера;0.009582215408202376;25;вероятно;15
25;weekend;15;1;20;Аргуновская улица;0.012648524338827136;33;вероятно;15
25;weekend;16;0;1;Останкино;0.09969122187913543;226;вероятно;16
25;weekend;16;0;2;Аргуновская улица;0.012351124834583149;28;вероятно;16
25;weekend;16;0;3;Улица Цандера;0.02690780767534186;61;вероятно;16
25;weekend;16;0;4;ВДНХ (южная);0.04675782973092192;106;вероятно;16
25;weekend;16;0;5;Метро «ВДНХ»;0.0423467137185708;96;вероятно;16
25;weekend;16;0;6;ВДНХ (северная);0.06307895897662108;143;вероятно;16
25;weekend;16;0;7;Проспект Мира;0.02690780767534186;61;вероятно;16
25;weekend;16;0;8;Ярославская улица;0.018967798853109837;43;вероятно;16
25;weekend;16;0;9;Улица Бориса Галушкина, 17;0.013674459638288486;31;вероятно;16
25;weekend;16;0;10;Площадь Академика Люльки;0.019850022055580063;45;вероятно;16
25;weekend;16;0;11;Станция Юных натуралистов;0.012792236435818262;29;вероятно;16
25;weekend;16;0;12;Лингвистический университет;0.027348919276576972;62;вероятно;16
25;weekend;16;0;13;Ростокинский проезд;0.020732245258050286;47;вероятно;16
25;weekend;16;0;14;Б. Ширяевская ул.;0.010145566828407587;23;вероятно;16
25;weekend;16;0;15;2-й Ширяевский переулок;0.009704455227172474;22;вероятно;16
25;weekend;16;0;16;Б. Оленья ул.;0.027348919276576972;62;вероятно;16
25;weekend;16;0;17;Майский просек;0.022496691662990738;51;вероятно;16
25;weekend;16;0;18;Ул. Короленко;0.020291133656815175;46;вероятно;16
25;weekend;16;0;19;Охотничья улица;0.0105866784296427;24;вероятно;16
25;weekend;16;0;20;ПКиО «Сокольники»;0.01940891045434495;44;вероятно;16
25;weekend;16;1;1;Метро «Сокольники»;0.14600794000882222;331;вероятно;16
25;weekend;16;1;2;ПКиО «Сокольники»;0.03970004411116013;90;вероятно;16
25;weekend;16;1;3;Охотничья улица;0.018967798853109837;43;вероятно;16
25;weekend;16;1;4;Ул. Короленко;0.016762240846934274;38;вероятно;16
25;weekend;16;1;5;Майский просек;0.022496691662990738;51;вероятно;16
25;weekend;16;1;6;Большая Оленья улица;0.00882223202470225;20;вероятно;16
25;weekend;16;1;7;2-й Ширяевский переулок;0.004411116012351125;10;вероятно;16
25;weekend;16;1;8;Б. Ширяевская ул.;0.0070577856197618;16;вероятно;16
25;weekend;16;1;9;Ростокинский проезд;0.00882223202470225;20;вероятно;16
25;weekend;16;1;10;Лингвистический университет;0.014556682840758712;33;вероятно;16
25;weekend;16;1;11;Станция Юных натуралистов;0.011910013233348038;27;вероятно;16
25;weekend;16;1;12;Площадь Академика Люльки;0.014556682840758712;33;вероятно;16
25;weekend;16;1;13;Улица Бориса Галушкина, 17;0.0141155712395236;32;вероятно;16
25;weekend;16;1;14;Ярославская улица;0.0211733568592854;48;вероятно;16
25;weekend;16;1;15;Проспект Мира;0.023820026466696075;54;вероятно;16
25;weekend;16;1;16;ВДНХ (северная);0.025143361270401413;57;вероятно;16
25;weekend;16;1;17;Метро «ВДНХ»;0.020291133656815175;46;вероятно;16
25;weekend;16;1;18;ВДНХ (южная);0.0070577856197618;16;вероятно;16
25;weekend;16;1;19;Улица Цандера;0.005734450816056462;13;вероятно;16
25;weekend;16;1;20;Аргуновская улица;0.017203352448169385;39;вероятно;16
25;weekend;17;0;1;Останкино;0.06562054208273894;138;вероятно;17
25;weekend;17;0;2;Аргуновская улица;0.012363290537327628;26;вероятно;17
25;weekend;17;0;3;Улица Цандера;0.021398002853067047;45;вероятно;17
25;weekend;17;0;4;ВДНХ (южная);0.03661436043747028;77;вероятно;17
25;weekend;17;0;5;Метро «ВДНХ»;0.05706134094151213;120;вероятно;17
25;weekend;17;0;6;ВДНХ (северная);0.06942463147883975;146;вероятно;17
25;weekend;17;0;7;Проспект Мира;0.021398002853067047;45;вероятно;17
25;weekend;17;0;8;Ярославская улица;0.017118402282453638;36;вероятно;17
25;weekend;17;0;9;Улица Бориса Галушкина, 17;0.004755111745126011;10;вероятно;17
25;weekend;17;0;10;Площадь Академика Люльки;0.014265335235378032;30;вероятно;17
25;weekend;17;0;11;Станция Юных натуралистов;0.014265335235378032;30;вероятно;17
25;weekend;17;0;12;Лингвистический университет;0.00903471231573942;19;вероятно;17
25;weekend;17;0;13;Ростокинский проезд;0.02615311459819306;55;вероятно;17
25;weekend;17;0;14;Б. Ширяевская ул.;0.01331431288635283;28;вероятно;17
25;weekend;17;0;15;2-й Ширяевский переулок;0.012363290537327628;26;вероятно;17
25;weekend;17;0;16;Б. Оленья ул.;0.011887779362815026;25;вероятно;17
25;weekend;17;0;17;Майский просек;0.014740846409890632;31;вероятно;17
25;weekend;17;0;18;Ул. Короленко;0.029006181645268664;61;вероятно;17
25;weekend;17;0;19;Охотничья улица;0.02710413694721826;57;вероятно;17
25;weekend;17;0;20;ПКиО «Сокольники»;0.028055159296243463;59;вероятно;17
25;weekend;17;1;1;Метро «Сокольники»;0.17023300047551118;358;вероятно;17
25;weekend;17;1;2;ПКиО «Сокольники»;0.038040893961008085;80;вероятно;17
25;weekend;17;1;3;Охотничья улица;0.02757964812173086;58;вероятно;17
25;weekend;17;1;4;Ул. Короленко;0.017118402282453638;36;вероятно;17
25;weekend;17;1;5;Майский просек;0.010936757013789824;23;вероятно;17
25;weekend;17;1;6;Большая Оленья улица;0.008083689966714217;17;вероятно;17
25;weekend;17;1;7;2-й Ширяевский переулок;0.008083689966714217;17;вероятно;17
25;weekend;17;1;8;Б. Ширяевская ул.;0.008559201141226819;18;вероятно;17
25;weekend;17;1;9;Ростокинский проезд;0.01759391345696624;37;вероятно;17
25;weekend;17;1;10;Лингвистический университет;0.0033285782215882074;7;вероятно;17
25;weekend;17;1;11;Станция Юных натуралистов;0.019495958155016643;41;вероятно;17
25;weekend;17;1;12;Площадь Академика Люльки;0.02615311459819306;55;вероятно;17
25;weekend;17;1;13;Улица Бориса Галушкина, 17;0.020446980504041846;43;вероятно;17
25;weekend;17;1;14;Ярославская улица;0.009510223490252021;20;вероятно;17
25;weekend;17;1;15;Проспект Мира;0.018544935805991442;39;вероятно;17
25;weekend;17;1;16;ВДНХ (северная);0.019971469329529243;42;вероятно;17
25;weekend;17;1;17;Метро «ВДНХ»;0.020446980504041846;43;вероятно;17
25;weekend;17;1;18;ВДНХ (южная);0.019020446980504042;40;вероятно;17
25;weekend;17;1;19;Улица Цандера;0.012363290537327628;26;вероятно;17
25;weekend;17;1;20;Аргуновская улица;0.018544935805991442;39;вероятно;17
25;weekend;18;0;1;Останкино;0.06334596643205198;117;вероятно;18
25;weekend;18;0;2;Аргуновская улица;0.014076881429344884;26;вероятно;18
25;weekend;18;0;3;Улица Цандера;0.028153762858689767;52;вероятно;18
25;weekend;18;0;4;ВДНХ (южная);0.024363833243096916;45;вероятно;18
25;weekend;18;0;5;Метро «ВДНХ»;0.04710341093665403;87;вероятно;18
25;weekend;18;0;6;ВДНХ (северная);0.06713589604764483;124;вероятно;18
25;weekend;18;0;7;Проспект Мира;0.029236599891716297;54;вероятно;18
25;weekend;18;0;8;Ярославская улица;0.01245262587980509;23;вероятно;18
25;weekend;18;0;9;Улица Бориса Галушкина, 17;0.007038440714672442;13;вероятно;18
25;weekend;18;0;10;Площадь Академика Люльки;0.016783974011911208;31;вероятно;18
25;weekend;18;0;11;Станция Юных натуралистов;0.007579859231185706;14;вероятно;18
25;weekend;18;0;12;Лингвистический университет;0.008662696264212236;16;вероятно;18
25;weekend;18;0;13;Ростокинский проезд;0.007038440714672442;13;вероятно;18
25;weekend;18;0;14;Б. Ширяевская ул.;0.0016242555495397943;3;вероятно;18
25;weekend;18;0;15;2-й Ширяевский переулок;0.004872766648619383;9;вероятно;18
25;weekend;18;0;16;Б. Оленья ул.;0.026529507309149974;49;вероятно;18
25;weekend;18;0;17;Майский просек;0.022198159177043854;41;вероятно;18
25;weekend;18;0;18;Ул. Короленко;0.05251759610178668;97;вероятно;18
25;weekend;18;0;19;Охотничья улица;0.03627504060638874;67;вероятно;18
25;weekend;18;0;20;ПКиО «Сокольники»;0.03735787763941527;69;вероятно;18
25;weekend;18;1;1;Метро «Сокольники»;0.13048186247969681;241;вероятно;18
25;weekend;18;1;2;ПКиО «Сокольники»;0.022198159177043854;41;вероятно;18
25;weekend;18;1;3;Охотничья улица;0.01028695181375203;19;вероятно;18
25;weekend;18;1;4;Ул. Короленко;0.023822414726583648;44;вероятно;18
25;weekend;18;1;5;Майский просек;0.007579859231185706;14;вероятно;18
25;weekend;18;1;6;Большая Оленья улица;0.016242555495397944;30;вероятно;18
25;weekend;18;1;7;2-й Ширяевский переулок;0.01245262587980509;23;вероятно;18
25;weekend;18;1;8;Б. Ширяевская ул.;0.014076881429344884;26;вероятно;18
25;weekend;18;1;9;Ростокинский проезд;0.01028695181375203;19;вероятно;18
25;weekend;18;1;10;Лингвистический университет;0.006497022198159177;12;вероятно;18
25;weekend;18;1;11;Станция Юных натуралистов;0.008121277747698972;15;вероятно;18
25;weekend;18;1;12;Площадь Академика Люльки;0.009204114780725501;17;вероятно;18
25;weekend;18;1;13;Улица Бориса Галушкина, 17;0.012994044396318355;24;вероятно;18
25;weekend;18;1;14;Ярославская улица;0.01949106659447753;36;вероятно;18
25;weekend;18;1;15;Проспект Мира;0.04006497022198159;74;вероятно;18
25;weekend;18;1;16;ВДНХ (северная);0.03519220357336221;65;вероятно;18
25;weekend;18;1;17;Метро «ВДНХ»;0.033567948023822416;62;вероятно;18
25;weekend;18;1;18;ВДНХ (южная);0.014618299945858148;27;вероятно;18
25;weekend;18;1;19;Улица Цандера;0.027612344342176503;51;вероятно;18
25;weekend;18;1;20;Аргуновская улица;0.03086085544125609;57;вероятно;18
25;weekend;19;0;1;Останкино;0.05461901550910317;81;вероятно;19
25;weekend;19;0;2;Аргуновская улица;0.008766014834794335;13;вероятно;19
25;weekend;19;0;3;Улица Цандера;0.016183412002697236;24;вероятно;19
25;weekend;19;0;4;ВДНХ (южная);0.014160485502360081;21;вероятно;19
25;weekend;19;0;5;Метро «ВДНХ»;0.03506405933917734;52;вероятно;19
25;weekend;19;0;6;ВДНХ (северная);0.06540795684423466;97;вероятно;19
25;weekend;19;0;7;Проспект Мира;0.03236682400539447;48;вероятно;19
25;weekend;19;0;8;Ярославская улица;0.007417397167902899;11;вероятно;19
25;weekend;19;0;9;Улица Бориса Галушкина, 17;0.006743088334457181;10;вероятно;19
25;weekend;19;0;10;Площадь Академика Люльки;0.012137559002022926;18;вероятно;19
25;weekend;19;0;11;Станция Юных натуралистов;0.019554956169925825;29;вероятно;19
25;weekend;19;0;12;Лингвистический университет;0.007417397167902899;11;вероятно;19
25;weekend;19;0;13;Ростокинский проезд;0.019554956169925825;29;вероятно;19
25;weekend;19;0;14;Б. Ширяевская ул.;0.014160485502360081;21;вероятно;19
25;weekend;19;0;15;2-й Ширяевский переулок;0.004720161834120027;7;вероятно;19
25;weekend;19;0;16;Б. Оленья ул.;0.007417397167902899;11;вероятно;19
25;weekend;19;0;17;Майский просек;0.013486176668914362;20;вероятно;19
25;weekend;19;0;18;Ул. Короленко;0.014834794335805798;22;вероятно;19
25;weekend;19;0;19;Охотничья улица;0.01820633850303439;27;вероятно;19
25;weekend;19;0;20;ПКиО «Сокольники»;0.022926500337154418;34;вероятно;19
25;weekend;19;1;1;Метро «Сокольники»;0.26298044504383006;390;вероятно;19
25;weekend;19;1;2;ПКиО «Сокольники»;0.06540795684423466;97;вероятно;19
25;weekend;19;1;3;Охотничья улица;0.01820633850303439;27;вероятно;19
25;weekend;19;1;4;Ул. Короленко;0.016183412002697236;24;вероятно;19
25;weekend;19;1;5;Майский просек;0.014160485502360081;21;вероятно;19
25;weekend;19;1;6;Большая Оленья улица;0.019554956169925825;29;вероятно;19
25;weekend;19;1;7;2-й Ширяевский переулок;0.008766014834794335;13;вероятно;19
25;weekend;19;1;8;Б. Ширяевская ул.;0.022926500337154418;34;вероятно;19
25;weekend;19;1;9;Ростокинский проезд;0.020903573836817263;31;вероятно;19
25;weekend;19;1;10;Лингвистический университет;0.01753202966958867;26;вероятно;19
25;weekend;19;1;11;Станция Юных натуралистов;0.008766014834794335;13;вероятно;19
25;weekend;19;1;12;Площадь Академика Люльки;0.01078894133513149;16;вероятно;19
25;weekend;19;1;13;Улица Бориса Галушкина, 17;0.005394470667565745;8;вероятно;19
25;weekend;19;1;14;Ярославская улица;0.012811867835468645;19;вероятно;19
25;weekend;19;1;15;Проспект Мира;0.024949426837491573;37;вероятно;19
25;weekend;19;1;16;ВДНХ (северная);0.024949426837491573;37;вероятно;19
25;weekend;19;1;17;Метро «ВДНХ»;0.014834794335805798;22;вероятно;19
25;weekend;19;1;18;ВДНХ (южная);0.006743088334457181;10;вероятно;19
25;weekend;19;1;19;Улица Цандера;0.011463250168577209;17;вероятно;19
25;weekend;19;1;20;Аргуновская улица;0.01753202966958867;26;вероятно;19
25;weekend;20;0;1;Останкино;0.0924092409240924;84;вероятно;20
25;weekend;20;0;2;Аргуновская улица;0.0242024202420242;22;вероятно;20
25;weekend;20;0;3;Улица Цандера;0.026402640264026403;24;вероятно;20
25;weekend;20;0;4;ВДНХ (южная);0.025302530253025302;23;вероятно;20
25;weekend;20;0;5;Метро «ВДНХ»;0.0517051705170517;47;вероятно;20
25;weekend;20;0;6;ВДНХ (северная);0.0968096809680968;88;вероятно;20
25;weekend;20;0;7;Проспект Мира;0.0319031903190319;29;вероятно;20
25;weekend;20;0;8;Ярославская улица;0.0187018701870187;17;вероятно;20
25;weekend;20;0;9;Улица Бориса Галушкина, 17;0.005500550055005501;5;вероятно;20
25;weekend;20;0;10;Площадь Академика Люльки;0.013201320132013201;12;вероятно;20
25;weekend;20;0;11;Станция Юных натуралистов;0.006600660066006601;6;вероятно;20
25;weekend;20;0;12;Лингвистический университет;0.0187018701870187;17;вероятно;20
25;weekend;20;0;13;Ростокинский проезд;0.0121012101210121;11;вероятно;20
25;weekend;20;0;14;Б. Ширяевская ул.;0.0121012101210121;11;вероятно;20
25;weekend;20;0;15;2-й Ширяевский переулок;0.0044004400440044;4;вероятно;20
25;weekend;20;0;16;Б. Оленья ул.;0.006600660066006601;6;вероятно;20
25;weekend;20;0;17;Майский просек;0.013201320132013201;12;вероятно;20
25;weekend;20;0;18;Ул. Короленко;0.015401540154015401;14;вероятно;20
25;weekend;20;0;19;Охотничья улица;0.022002200220022004;20;вероятно;20
25;weekend;20;0;20;ПКиО «Сокольники»;0.0407040704070407;37;вероятно;20
25;weekend;20;1;1;Метро «Сокольники»;0.12321232123212321;112;вероятно;20
25;weekend;20;1;2;ПКиО «Сокольники»;0.030803080308030802;28;вероятно;20
25;weekend;20;1;3;Охотничья улица;0.027502750275027504;25;вероятно;20
25;weekend;20;1;4;Ул. Короленко;0.020902090209020903;19;вероятно;20
25;weekend;20;1;5;Майский просек;0.0121012101210121;11;вероятно;20
25;weekend;20;1;6;Большая Оленья улица;0.006600660066006601;6;вероятно;20
25;weekend;20;1;7;2-й Ширяевский переулок;0.005500550055005501;5;вероятно;20
25;weekend;20;1;8;Б. Ширяевская ул.;0.028602860286028604;26;вероятно;20
25;weekend;20;1;9;Ростокинский проезд;0.020902090209020903;19;вероятно;20
25;weekend;20;1;10;Лингвистический университет;0.0176017601760176;16;вероятно;20
25;weekend;20;1;11;Станция Юных натуралистов;0.0044004400440044;4;вероятно;20
25;weekend;20;1;12;Площадь Академика Люльки;0.006600660066006601;6;вероятно;20
25;weekend;20;1;13;Улица Бориса Галушкина, 17;0.0033003300330033004;3;вероятно;20
25;weekend;20;1;14;Ярославская улица;0.015401540154015401;14;вероятно;20
25;weekend;20;1;15;Проспект Мира;0.0407040704070407;37;вероятно;20
25;weekend;20;1;16;ВДНХ (северная);0.026402640264026403;24;вероятно;20
25;weekend;20;1;17;Метро «ВДНХ»;0.014301430143014302;13;вероятно;20
25;weekend;20;1;18;ВДНХ (южная);0.0088008800880088;8;вероятно;20
25;weekend;20;1;19;Улица Цандера;0.009900990099009901;9;вероятно;20
25;weekend;20;1;20;Аргуновская улица;0.03850385038503851;35;вероятно;20
25;weekend;21;0;1;Останкино;0.12608695652173912;87;вероятно;21
25;weekend;21;0;2;Аргуновская улица;0.015942028985507246;11;вероятно;21
25;weekend;21;0;3;Улица Цандера;0.015942028985507246;11;вероятно;21
25;weekend;21;0;4;ВДНХ (южная);0.030434782608695653;21;вероятно;21
25;weekend;21;0;5;Метро «ВДНХ»;0.07246376811594203;50;вероятно;21
25;weekend;21;0;6;ВДНХ (северная);0.043478260869565216;30;вероятно;21
25;weekend;21;0;7;Проспект Мира;0.036231884057971016;25;вероятно;21
25;weekend;21;0;8;Ярославская улица;0.02318840579710145;16;вероятно;21
25;weekend;21;0;9;Улица Бориса Галушкина, 17;0.011594202898550725;8;вероятно;21
25;weekend;21;0;10;Площадь Академика Люльки;0.02608695652173913;18;вероятно;21
25;weekend;21;0;11;Станция Юных натуралистов;0.008695652173913044;6;вероятно;21
25;weekend;21;0;12;Лингвистический университет;0.007246376811594203;5;вероятно;21
25;weekend;21;0;13;Ростокинский проезд;0.034782608695652174;24;вероятно;21
25;weekend;21;0;14;Б. Ширяевская ул.;0.021739130434782608;15;вероятно;21
25;weekend;21;0;15;2-й Ширяевский переулок;0.013043478260869565;9;вероятно;21
25;weekend;21;0;16;Б. Оленья ул.;0.005797101449275362;4;вероятно;21
25;weekend;21;0;17;Майский просек;0.017391304347826087;12;вероятно;21
25;weekend;21;0;18;Ул. Короленко;0.04492753623188406;31;вероятно;21
25;weekend;21;0;19;Охотничья улица;0.034782608695652174;24;вероятно;21
25;weekend;21;0;20;ПКиО «Сокольники»;0.05217391304347826;36;вероятно;21
25;weekend;21;1;1;Метро «Сокольники»;0.08985507246376812;62;вероятно;21
25;weekend;21;1;2;ПКиО «Сокольники»;0.014492753623188406;10;вероятно;21
25;weekend;21;1;3;Охотничья улица;0.020289855072463767;14;вероятно;21
25;weekend;21;1;4;Ул. Короленко;0.002898550724637681;2;вероятно;21
25;weekend;21;1;5;Майский просек;0.0014492753623188406;1;вероятно;21
25;weekend;21;1;6;Большая Оленья улица;0.004347826086956522;3;вероятно;21
25;weekend;21;1;7;2-й Ширяевский переулок;0.005797101449275362;4;вероятно;21
25;weekend;21;1;8;Б. Ширяевская ул.;0.007246376811594203;5;вероятно;21
25;weekend;21;1;9;Ростокинский проезд;0.0014492753623188406;1;вероятно;21
25;weekend;21;1;10;Лингвистический университет;0.0014492753623188406;1;вероятно;21
25;weekend;21;1;11;Станция Юных натуралистов;0.0014492753623188406;1;вероятно;21
25;weekend;21;1;12;Площадь Академика Люльки;0.002898550724637681;2;вероятно;21
25;weekend;21;1;13;Улица Бориса Галушкина, 17;0.007246376811594203;5;вероятно;21
25;weekend;21;1;14;Ярославская улица;0.007246376811594203;5;вероятно;21
25;weekend;21;1;15;Проспект Мира;0.03188405797101449;22;вероятно;21
25;weekend;21;1;16;ВДНХ (северная);0.050724637681159424;35;вероятно;21
25;weekend;21;1;17;Метро «ВДНХ»;0.02463768115942029;17;вероятно;21
25;weekend;21;1;18;ВДНХ (южная);0.02318840579710145;16;вероятно;21
25;weekend;21;1;19;Улица Цандера;0.007246376811594203;5;вероятно;21
25;weekend;21;1;20;Аргуновская улица;0.05217391304347826;36;вероятно;21
25;weekend;22;0;1;Останкино;0.1276595744680851;54;вероятно;22
25;weekend;22;0;2;Аргуновская улица;0.028368794326241134;12;вероятно;22
25;weekend;22;0;3;Улица Цандера;0.028368794326241134;12;вероятно;22
25;weekend;22;0;4;ВДНХ (южная);0.03309692671394799;14;вероятно;22
25;weekend;22;0;5;Метро «ВДНХ»;0.08037825059101655;34;вероятно;22
25;weekend;22;0;6;ВДНХ (северная);0.1016548463356974;43;вероятно;22
25;weekend;22;0;7;Проспект Мира;0.05673758865248227;24;вероятно;22
25;weekend;22;0;8;Ярославская улица;0.02364066193853428;10;вероятно;22
25;weekend;22;0;9;Улица Бориса Галушкина, 17;0.004728132387706856;2;вероятно;22
25;weekend;22;0;10;Площадь Академика Люльки;0.02127659574468085;9;вероятно;22
25;weekend;22;0;11;Станция Юных натуралистов;0.014184397163120567;6;вероятно;22
25;weekend;22;0;12;Лингвистический университет;0.0070921985815602835;3;вероятно;22
25;weekend;22;0;13;Ростокинский проезд;0.004728132387706856;2;вероятно;22
25;weekend;22;0;14;Б. Ширяевская ул.;0.01182033096926714;5;вероятно;22
25;weekend;22;0;15;2-й Ширяевский переулок;0.0070921985815602835;3;вероятно;22
25;weekend;22;0;16;Б. Оленья ул.;0.002364066193853428;1;вероятно;22
25;weekend;22;0;17;Майский просек;0.0070921985815602835;3;вероятно;22
25;weekend;22;0;18;Ул. Короленко;0.02364066193853428;10;вероятно;22
25;weekend;22;0;19;Охотничья улица;0.014184397163120567;6;вероятно;22
25;weekend;22;0;20;ПКиО «Сокольники»;0.05673758865248227;24;вероятно;22
25;weekend;22;1;1;Метро «Сокольники»;0.08274231678486997;35;вероятно;22
25;weekend;22;1;2;ПКиО «Сокольники»;0.018912529550827423;8;вероятно;22
25;weekend;22;1;3;Охотничья улица;0.028368794326241134;12;вероятно;22
25;weekend;22;1;4;Ул. Короленко;0.0070921985815602835;3;вероятно;22
25;weekend;22;1;5;Майский просек;0.02127659574468085;9;вероятно;22
25;weekend;22;1;6;Большая Оленья улица;0.004728132387706856;2;вероятно;22
25;weekend;22;1;7;2-й Ширяевский переулок;0.004728132387706856;2;вероятно;22
25;weekend;22;1;8;Б. Ширяевская ул.;0.016548463356973995;7;вероятно;22
25;weekend;22;1;9;Ростокинский проезд;0.0070921985815602835;3;вероятно;22
25;weekend;22;1;11;Станция Юных натуралистов;0.002364066193853428;1;вероятно;22
25;weekend;22;1;12;Площадь Академика Люльки;0.002364066193853428;1;вероятно;22
25;weekend;22;1;13;Улица Бориса Галушкина, 17;0.004728132387706856;2;вероятно;22
25;weekend;22;1;14;Ярославская улица;0.002364066193853428;1;вероятно;22
25;weekend;22;1;15;Проспект Мира;0.018912529550827423;8;вероятно;22
25;weekend;22;1;16;ВДНХ (северная);0.018912529550827423;8;вероятно;22
25;weekend;22;1;17;Метро «ВДНХ»;0.03546099290780142;15;вероятно;22
25;weekend;22;1;18;ВДНХ (южная);0.009456264775413711;4;вероятно;22
25;weekend;22;1;19;Улица Цандера;0.016548463356973995;7;вероятно;22
25;weekend;22;1;20;Аргуновская улица;0.0425531914893617;18;вероятно;22
25;weekend;23;0;1;Останкино;0.17751479289940827;30;вероятно;23
25;weekend;23;0;2;Аргуновская улица;0.04142011834319527;7;вероятно;23
25;weekend;23;0;3;Улица Цандера;0.03550295857988166;6;вероятно;23
25;weekend;23;0;4;ВДНХ (южная);0.04142011834319527;7;вероятно;23
25;weekend;23;0;5;Метро «ВДНХ»;0.07100591715976332;12;вероятно;23
25;weekend;23;0;7;Проспект Мира;0.01775147928994083;3;вероятно;23
25;weekend;23;0;9;Улица Бориса Галушкина, 17;0.011834319526627219;2;вероятно;23
25;weekend;23;0;11;Станция Юных натуралистов;0.023668639053254437;4;вероятно;23
25;weekend;23;0;12;Лингвистический университет;0.005917159763313609;1;вероятно;23
25;weekend;23;0;13;Ростокинский проезд;0.01775147928994083;3;вероятно;23
25;weekend;23;0;14;Б. Ширяевская ул.;0.005917159763313609;1;вероятно;23
25;weekend;23;0;18;Ул. Короленко;0.04142011834319527;7;вероятно;23
25;weekend;23;0;19;Охотничья улица;0.03550295857988166;6;вероятно;23
25;weekend;23;0;20;ПКиО «Сокольники»;0.08875739644970414;15;вероятно;23
25;weekend;23;1;1;Метро «Сокольники»;0.07692307692307693;13;вероятно;23
25;weekend;23;1;2;ПКиО «Сокольники»;0.005917159763313609;1;вероятно;23
25;weekend;23;1;3;Охотничья улица;0.011834319526627219;2;вероятно;23
25;weekend;23;1;4;Ул. Короленко;0.005917159763313609;1;вероятно;23
25;weekend;23;1;6;Большая Оленья улица;0.01775147928994083;3;вероятно;23
25;weekend;23;1;7;2-й Ширяевский переулок;0.023668639053254437;4;вероятно;23
25;weekend;23;1;8;Б. Ширяевская ул.;0.023668639053254437;4;вероятно;23
25;weekend;23;1;9;Ростокинский проезд;0.023668639053254437;4;вероятно;23
25;weekend;23;1;11;Станция Юных натуралистов;0.005917159763313609;1;вероятно;23
25;weekend;23;1;13;Улица Бориса Галушкина, 17;0.011834319526627219;2;вероятно;23
25;weekend;23;1;15;Проспект Мира;0.047337278106508875;8;вероятно;23
25;weekend;23;1;16;ВДНХ (северная);0.005917159763313609;1;вероятно;23
25;weekend;23;1;18;ВДНХ (южная);0.01775147928994083;3;вероятно;23
25;weekend;23;1;19;Улица Цандера;0.01775147928994083;3;вероятно;23
25;weekend;23;1;20;Аргуновская улица;0.08875739644970414;15;вероятно;23
28;weekday;0;0;1;Проспект Маршала Жукова;0.7142857142857143;5;вероятно;0
28;weekday;0;0;14;Гидропроект;0.14285714285714285;1;вероятно;0
28;weekday;0;1;14;Ул. Марш. Тухачевского;0.14285714285714285;1;вероятно;0
28;weekday;1;0;1;Проспект Маршала Жукова;0.7142857142857143;5;вероятно;0
28;weekday;1;0;14;Гидропроект;0.14285714285714285;1;вероятно;0
28;weekday;1;1;14;Ул. Марш. Тухачевского;0.14285714285714285;1;вероятно;0
28;weekday;2;0;1;Проспект Маршала Жукова;0.7142857142857143;5;вероятно;0
28;weekday;2;0;14;Гидропроект;0.14285714285714285;1;вероятно;0
28;weekday;2;1;14;Ул. Марш. Тухачевского;0.14285714285714285;1;вероятно;0
28;weekday;3;0;1;Проспект Маршала Жукова;0.631578947368421;12;вероятно;4
28;weekday;3;0;2;Улица Маршала Тухачевского;0.05263157894736842;1;вероятно;4
28;weekday;3;0;4;Ул. Рогова;0.05263157894736842;1;вероятно;4
28;weekday;3;0;6;Детская поликлиника;0.05263157894736842;1;вероятно;4
28;weekday;3;1;1;Метро «Сокол»;0.21052631578947367;4;вероятно;4
28;weekday;4;0;1;Проспект Маршала Жукова;0.631578947368421;12;вероятно;4
28;weekday;4;0;2;Улица Маршала Тухачевского;0.05263157894736842;1;вероятно;4
28;weekday;4;0;4;Ул. Рогова;0.05263157894736842;1;вероятно;4
28;weekday;4;0;6;Детская поликлиника;0.05263157894736842;1;вероятно;4
28;weekday;4;1;1;Метро «Сокол»;0.21052631578947367;4;вероятно;4
28;weekday;5;0;1;Проспект Маршала Жукова;0.24725274725274726;270;вероятно;5
28;weekday;5;0;2;Улица Маршала Тухачевского;0.019230769230769232;21;вероятно;5
28;weekday;5;0;3;Бассейн;0.010073260073260074;11;вероятно;5
28;weekday;5;0;4;Ул. Рогова;0.023809523809523808;26;вероятно;5
28;weekday;5;0;5;Живописная улица, 50;0.020146520146520148;22;вероятно;5
28;weekday;5;0;6;Детская поликлиника;0.011904761904761904;13;вероятно;5
28;weekday;5;0;7;Метро «Щукинская»;0.010073260073260074;11;вероятно;5
28;weekday;5;0;8;Диспансер;0.010073260073260074;11;вероятно;5
28;weekday;5;0;9;Покровское-Стрешнево;0.00641025641025641;7;вероятно;5
28;weekday;5;0;10;Улица Академика Курчатова;0.009157509157509158;10;вероятно;5
28;weekday;5;0;11;Пехотная улица;0.020146520146520148;22;вероятно;5
28;weekday;5;0;12;Улица Панфилова;0.022893772893772892;25;вероятно;5
28;weekday;5;0;13;Университет «РОСБИОТЕХ»;0.018315018315018316;20;вероятно;5
28;weekday;5;0;14;Гидропроект;0.0815018315018315;89;вероятно;5
28;weekday;5;1;1;Метро «Сокол»;0.12179487179487179;133;вероятно;5
28;weekday;5;1;2;Гидропроект;0.016483516483516484;18;вероятно;5
28;weekday;5;1;3;Университет «РОСБИОТЕХ»;0.00641025641025641;7;вероятно;5
28;weekday;5;1;4;Улица Панфилова;0.03021978021978022;33;вероятно;5
28;weekday;5;1;5;Пехотная улица;0.024725274725274724;27;вероятно;5
28;weekday;5;1;6;Ул. Акад. Курчатова;0.010073260073260074;11;вероятно;5
28;weekday;5;1;7;Диспансер;0.011904761904761904;13;вероятно;5
28;weekday;5;1;8;Метро «Щукинская»;0.01282051282051282;14;вероятно;5
28;weekday;5;1;9;Медицинский центр имени Бурназяна;0.015567765567765568;17;вероятно;5
28;weekday;5;1;10;Детская п-ка;0.016483516483516484;18;вероятно;5
28;weekday;5;1;11;Живописная улица, 50;0.022893772893772892;25;вероятно;5
28;weekday;5;1;12;Ул. Рогова;0.06318681318681318;69;вероятно;5
28;weekday;5;1;13;Бассейн;0.0815018315018315;89;вероятно;5
28;weekday;5;1;14;Ул. Марш. Тухачевского;0.054945054945054944;60;вероятно;5
28;weekday;6;0;1;Проспект Маршала Жукова;0.06451612903225806;236;вероятно;6
28;weekday;6;0;2;Улица Маршала Тухачевского;0.015855658829961726;58;вероятно;6
28;weekday;6;0;3;Бассейн;0.007927829414980863;29;вероятно;6
28;weekday;6;0;4;Ул. Рогова;0.018589393110989613;68;вероятно;6
28;weekday;6;0;5;Живописная улица, 50;0.023236741388737013;85;вероятно;6
28;weekday;6;0;6;Детская поликлиника;0.03854565336249317;141;вероятно;6
28;weekday;6;0;7;Метро «Щукинская»;0.04319300164024057;158;вероятно;6
28;weekday;6;0;8;Диспансер;0.01667577911427009;61;вероятно;6
28;weekday;6;0;9;Покровское-Стрешнево;0.010661563696008748;39;вероятно;6
28;weekday;6;0;10;Улица Академика Курчатова;0.015035538545653362;55;вероятно;6
28;weekday;6;0;11;Пехотная улица;0.0259704756697649;95;вероятно;6
28;weekday;6;0;12;Улица Панфилова;0.04182613449972663;153;вероятно;6
28;weekday;6;0;13;Университет «РОСБИОТЕХ»;0.006014215418261345;22;вероятно;6
28;weekday;6;0;14;Гидропроект;0.049207217058501916;180;вероятно;6
28;weekday;6;1;1;Метро «Сокол»;0.1205576817933297;441;вероятно;6
28;weekday;6;1;2;Гидропроект;0.03827227993439038;140;вероятно;6
28;weekday;6;1;3;Университет «РОСБИОТЕХ»;0.02186987424822307;80;вероятно;6
28;weekday;6;1;4;Улица Панфилова;0.03444505194095134;126;вероятно;6
28;weekday;6;1;5;Пехотная улица;0.03143794423182067;115;вероятно;6
28;weekday;6;1;6;Ул. Акад. Курчатова;0.030071077091306724;110;вероятно;6
28;weekday;6;1;7;Диспансер;0.046746856205576816;171;вероятно;6
28;weekday;6;1;8;Метро «Щукинская»;0.04182613449972663;153;вероятно;6
28;weekday;6;1;9;Медицинский центр имени Бурназяна;0.04838709677419355;177;вероятно;6
28;weekday;6;1;10;Детская п-ка;0.05467468562055768;200;вероятно;6
28;weekday;6;1;11;Живописная улица, 50;0.046473482777474026;170;вероятно;6
28;weekday;6;1;12;Ул. Рогова;0.04209950792782941;154;вероятно;6
28;weekday;6;1;13;Бассейн;0.019956260251503554;73;вероятно;6
28;weekday;6;1;14;Ул. Марш. Тухачевского;0.045926735921268454;168;вероятно;6
28;weekday;7;0;1;Проспект Маршала Жукова;0.030582652254152385;348;вероятно;7
28;weekday;7;0;2;Улица Маршала Тухачевского;0.014324633096054135;163;вероятно;7
28;weekday;7;0;3;Бассейн;0.018103524035504;206;вероятно;7
28;weekday;7;0;4;Ул. Рогова;0.0350645926707092;399;вероятно;7
28;weekday;7;0;5;Живописная улица, 50;0.03603128570173126;410;вероятно;7
28;weekday;7;0;6;Детская поликлиника;0.07654451182001934;871;вероятно;7
28;weekday;7;0;7;Метро «Щукинская»;0.05800158186132349;660;вероятно;7
28;weekday;7;0;8;Диспансер;0.016785306265928463;191;вероятно;7
28;weekday;7;0;9;Покровское-Стрешнево;0.012391247034010018;141;вероятно;7
28;weekday;7;0;10;Улица Академика Курчатова;0.006942613586431145;79;вероятно;7
28;weekday;7;0;11;Пехотная улица;0.017488355743035415;199;вероятно;7
28;weekday;7;0;12;Улица Панфилова;0.01643378152737499;187;вероятно;7
28;weekday;7;0;13;Университет «РОСБИОТЕХ»;0.005448633447578874;62;вероятно;7
28;weekday;7;0;14;Гидропроект;0.020212672466824854;230;вероятно;7
28;weekday;7;1;1;Метро «Сокол»;0.0907812637314351;1033;вероятно;7
28;weekday;7;1;2;Гидропроект;0.1314702522189999;1496;вероятно;7
28;weekday;7;1;3;Университет «РОСБИОТЕХ»;0.05861675015379207;667;вероятно;7
28;weekday;7;1;4;Улица Панфилова;0.08489322436066438;966;вероятно;7
28;weekday;7;1;5;Пехотная улица;0.03181298883908955;362;вероятно;7
28;weekday;7;1;6;Ул. Акад. Курчатова;0.025485543545126988;290;вероятно;7
28;weekday;7;1;7;Диспансер;0.032516038316196504;370;вероятно;7
28;weekday;7;1;8;Метро «Щукинская»;0.020300553651463223;231;вероятно;7
28;weekday;7;1;9;Медицинский центр имени Бурназяна;0.04657702785833553;530;вероятно;7
28;weekday;7;1;10;Детская п-ка;0.03945865190262765;449;вероятно;7
28;weekday;7;1;11;Живописная улица, 50;0.02135512786712365;243;вероятно;7
28;weekday;7;1;12;Ул. Рогова;0.011776078741541436;134;вероятно;7
28;weekday;7;1;13;Бассейн;0.02047631602073996;233;вероятно;7
28;weekday;7;1;14;Ул. Марш. Тухачевского;0.020124791282186485;229;вероятно;7
28;weekday;8;0;1;Проспект Маршала Жукова;0.0562212954653434;1065;вероятно;8
28;weekday;8;0;2;Улица Маршала Тухачевского;0.021802248851818615;413;вероятно;8
28;weekday;8;0;3;Бассейн;0.017895792641081137;339;вероятно;8
28;weekday;8;0;4;Ул. Рогова;0.030934909993137305;586;вероятно;8
28;weekday;8;0;5;Живописная улица, 50;0.03225465871298105;611;вероятно;8
28;weekday;8;0;6;Детская поликлиника;0.0800295623713245;1516;вероятно;8
28;weekday;8;0;7;Метро «Щукинская»;0.045768885604180964;867;вероятно;8
28;weekday;8;0;8;Диспансер;0.024547326189093596;465;вероятно;8
28;weekday;8;0;9;Покровское-Стрешнево;0.011930528427387425;226;вероятно;8
28;weekday;8;0;10;Улица Академика Курчатова;0.006704323496806208;127;вероятно;8
28;weekday;8;0;11;Пехотная улица;0.01446444596948741;274;вероятно;8
28;weekday;8;0;12;Улица Панфилова;0.01932112125851238;366;вероятно;8
28;weekday;8;0;13;Университет «РОСБИОТЕХ»;0.004275985852293723;81;вероятно;8
28;weekday;8;0;14;Гидропроект;0.01430607612310616;271;вероятно;8
28;weekday;8;1;1;Метро «Сокол»;0.07934329303700575;1503;вероятно;8
28;weekday;8;1;2;Гидропроект;0.08456949796758698;1602;вероятно;8
28;weekday;8;1;3;Университет «РОСБИОТЕХ»;0.05331784828168717;1010;вероятно;8
28;weekday;8;1;4;Улица Панфилова;0.07717890513646201;1462;вероятно;8
28;weekday;8;1;5;Пехотная улица;0.022013408646993613;417;вероятно;8
28;weekday;8;1;6;Ул. Акад. Курчатова;0.026764504038431083;507;вероятно;8
28;weekday;8;1;7;Диспансер;0.030987699941931058;587;вероятно;8
28;weekday;8;1;8;Метро «Щукинская»;0.01805416248746239;342;вероятно;8
28;weekday;8;1;9;Медицинский центр имени Бурназяна;0.0635590983476746;1204;вероятно;8
28;weekday;8;1;10;Детская п-ка;0.07490893733833077;1419;вероятно;8
28;weekday;8;1;11;Живописная улица, 50;0.03431346671593728;650;вероятно;8
28;weekday;8;1;12;Ул. Рогова;0.018212532333843637;345;вероятно;8
28;weekday;8;1;13;Бассейн;0.015150715303806156;287;вероятно;8
28;weekday;8;1;14;Ул. Марш. Тухачевского;0.02116876946629362;401;вероятно;8
28;weekday;9;0;1;Проспект Маршала Жукова;0.07847478474784748;957;вероятно;9
28;weekday;9;0;2;Улица Маршала Тухачевского;0.018286182861828617;223;вероятно;9
28;weekday;9;0;3;Бассейн;0.016974169741697416;207;вероятно;9
28;weekday;9;0;4;Ул. Рогова;0.02927429274292743;357;вероятно;9
28;weekday;9;0;5;Живописная улица, 50;0.03673636736367364;448;вероятно;9
28;weekday;9;0;6;Детская поликлиника;0.07134071340713408;870;вероятно;9
28;weekday;9;0;7;Метро «Щукинская»;0.06437064370643707;785;вероятно;9
28;weekday;9;0;8;Диспансер;0.02074620746207462;253;вероятно;9
28;weekday;9;0;9;Покровское-Стрешнево;0.01951619516195162;238;вероятно;9
28;weekday;9;0;10;Улица Академика Курчатова;0.01016810168101681;124;вероятно;9
28;weekday;9;0;11;Пехотная улица;0.016400164001640016;200;вероятно;9
28;weekday;9;0;12;Улица Панфилова;0.013694136941369414;167;вероятно;9
28;weekday;9;0;13;Университет «РОСБИОТЕХ»;0.006888068880688807;84;вероятно;9
28;weekday;9;0;14;Гидропроект;0.015662156621566215;191;вероятно;9
28;weekday;9;1;1;Метро «Сокол»;0.08355883558835589;1019;вероятно;9
28;weekday;9;1;2;Гидропроект;0.06027060270602706;735;вероятно;9
28;weekday;9;1;3;Университет «РОСБИОТЕХ»;0.03517835178351784;429;вероятно;9
28;weekday;9;1;4;Улица Панфилова;0.06068060680606806;740;вероятно;9
28;weekday;9;1;5;Пехотная улица;0.02156621566215662;263;вероятно;9
28;weekday;9;1;6;Ул. Акад. Курчатова;0.03025830258302583;369;вероятно;9
28;weekday;9;1;7;Диспансер;0.02214022140221402;270;вероятно;9
28;weekday;9;1;8;Метро «Щукинская»;0.01976219762197622;241;вероятно;9
28;weekday;9;1;9;Медицинский центр имени Бурназяна;0.06707667076670766;818;вероятно;9
28;weekday;9;1;10;Детская п-ка;0.08208282082820828;1001;вероятно;9
28;weekday;9;1;11;Живописная улица, 50;0.03222632226322263;393;вероятно;9
28;weekday;9;1;12;Ул. Рогова;0.020910209102091022;255;вероятно;9
28;weekday;9;1;13;Бассейн;0.02033620336203362;248;вероятно;9
28;weekday;9;1;14;Ул. Марш. Тухачевского;0.025420254202542025;310;вероятно;9
28;weekday;10;0;1;Проспект Маршала Жукова;0.0695642677732882;637;вероятно;10
28;weekday;10;0;2;Улица Маршала Тухачевского;0.02478977831167413;227;вероятно;10
28;weekday;10;0;3;Бассейн;0.016053292563066507;147;вероятно;10
28;weekday;10;0;4;Ул. Рогова;0.02413454188052856;221;вероятно;10
28;weekday;10;0;5;Живописная улица, 50;0.0323249972698482;296;вероятно;10
28;weekday;10;0;6;Детская поликлиника;0.06050016380910778;554;вероятно;10
28;weekday;10;0;7;Метро «Щукинская»;0.07589821994102872;695;вероятно;10
28;weekday;10;0;8;Диспансер;0.019111062575079173;175;вероятно;10
28;weekday;10;0;9;Покровское-Стрешнево;0.020421535437370318;187;вероятно;10
28;weekday;10;0;10;Улица Академика Курчатова;0.013323140766626624;122;вероятно;10
28;weekday;10;0;11;Пехотная улица;0.019984711149939938;183;вероятно;10
28;weekday;10;0;12;Улица Панфилова;0.016926941137927268;155;вероятно;10
28;weekday;10;0;13;Университет «РОСБИОТЕХ»;0.00764442503003167;70;вероятно;10
28;weekday;10;0;14;Гидропроект;0.017800589712788032;163;вероятно;10
28;weekday;10;1;1;Метро «Сокол»;0.09391722179753194;860;вероятно;10
28;weekday;10;1;2;Гидропроект;0.0741509227913072;679;вероятно;10
28;weekday;10;1;3;Университет «РОСБИОТЕХ»;0.038331331222015944;351;вероятно;10
28;weekday;10;1;4;Улица Панфилова;0.05711477558152233;523;вероятно;10
28;weekday;10;1;5;Пехотная улица;0.02522660259910451;231;вероятно;10
28;weekday;10;1;6;Ул. Акад. Курчатова;0.022496450802664627;206;вероятно;10
28;weekday;10;1;7;Диспансер;0.026537075461395655;243;вероятно;10
28;weekday;10;1;8;Метро «Щукинская»;0.02413454188052856;221;вероятно;10
28;weekday;10;1;9;Медицинский центр имени Бурназяна;0.05525827235994321;506;вероятно;10
28;weekday;10;1;10;Детская п-ка;0.043900840886753306;402;вероятно;10
28;weekday;10;1;11;Живописная улица, 50;0.04117068909031342;377;вероятно;10
28;weekday;10;1;12;Ул. Рогова;0.02566342688653489;235;вероятно;10
28;weekday;10;1;13;Бассейн;0.02457136616795894;225;вероятно;10
28;weekday;10;1;14;Ул. Марш. Тухачевского;0.029048815114120344;266;вероятно;10
28;weekday;11;0;1;Проспект Маршала Жукова;0.0634575944022198;526;вероятно;11
28;weekday;11;0;2;Улица Маршала Тухачевского;0.02099167571480275;174;вероятно;11
28;weekday;11;0;3;Бассейн;0.019785257570273856;164;вероятно;11
28;weekday;11;0;4;Ул. Рогова;0.035709977078055254;296;вероятно;11
28;weekday;11;0;5;Живописная улица, 50;0.050428278441307754;418;вероятно;11
28;weekday;11;0;6;Детская поликлиника;0.07998552298226565;663;вероятно;11
28;weekday;11;0;7;Метро «Щукинская»;0.09120521172638436;756;вероятно;11
28;weekday;11;0;8;Диспансер;0.018820123054650743;156;вероятно;11
28;weekday;11;0;9;Покровское-Стрешнево;0.01737242128121607;144;вероятно;11
28;weekday;11;0;10;Улица Академика Курчатова;0.01520086862106406;126;вероятно;11
28;weekday;11;0;11;Пехотная улица;0.010857763300760043;90;вероятно;11
28;weekday;11;0;12;Улица Панфилова;0.021353601158161418;177;вероятно;11
28;weekday;11;0;13;Университет «РОСБИОТЕХ»;0.009410061527325372;78;вероятно;11
28;weekday;11;0;14;Гидропроект;0.020026541199179636;166;вероятно;11
28;weekday;11;1;1;Метро «Сокол»;0.08650018096272168;717;вероятно;11
28;weekday;11;1;2;Гидропроект;0.07552177584750874;626;вероятно;11
28;weekday;11;1;3;Университет «РОСБИОТЕХ»;0.04548196404873929;377;вероятно;11
28;weekday;11;1;4;Улица Панфилова;0.062130534443238024;515;вероятно;11
28;weekday;11;1;5;Пехотная улица;0.021956810230425866;182;вероятно;11
28;weekday;11;1;6;Ул. Акад. Курчатова;0.02087103390034986;173;вероятно;11
28;weekday;11;1;7;Диспансер;0.024490288333936544;203;вероятно;11
28;weekday;11;1;8;Метро «Щукинская»;0.018458197611292075;153;вероятно;11
28;weekday;11;1;9;Медицинский центр имени Бурназяна;0.058752563638557125;487;вероятно;11
28;weekday;11;1;10;Детская п-ка;0.03329714078899747;276;вероятно;11
28;weekday;11;1;11;Живописная улица, 50;0.017010495837857402;141;вероятно;11
28;weekday;11;1;12;Ул. Рогова;0.014959584992158282;124;вероятно;11
28;weekday;11;1;13;Бассейн;0.016769212208951622;139;вероятно;11
28;weekday;11;1;14;Ул. Марш. Тухачевского;0.029195319097599228;242;вероятно;11
28;weekday;12;0;1;Проспект Маршала Жукова;0.08634118541033435;909;вероятно;12
28;weekday;12;0;2;Улица Маршала Тухачевского;0.03542933130699088;373;вероятно;12
28;weekday;12;0;3;Бассейн;0.032579787234042555;343;вероятно;12
28;weekday;12;0;4;Ул. Рогова;0.039418693009118544;415;вероятно;12
28;weekday;12;0;5;Живописная улица, 50;0.04131838905775076;435;вероятно;12
28;weekday;12;0;6;Детская поликлиника;0.06620440729483283;697;вероятно;12
28;weekday;12;0;7;Метро «Щукинская»;0.07703267477203647;811;вероятно;12
28;weekday;12;0;8;Диспансер;0.01918693009118541;202;вероятно;12
28;weekday;12;0;9;Покровское-Стрешнево;0.013962765957446808;147;вероятно;12
28;weekday;12;0;10;Улица Академика Курчатова;0.012727963525835866;134;вероятно;12
28;weekday;12;0;11;Пехотная улица;0.018427051671732524;194;вероятно;12
28;weekday;12;0;12;Улица Панфилова;0.020326747720364743;214;вероятно;12
28;weekday;12;0;13;Университет «РОСБИОТЕХ»;0.008738601823708206;92;вероятно;12
28;weekday;12;0;14;Гидропроект;0.019851823708206685;209;вероятно;12
28;weekday;12;1;1;Метро «Сокол»;0.07931231003039514;835;вероятно;12
28;weekday;12;1;2;Гидропроект;0.07104863221884498;748;вероятно;12
28;weekday;12;1;3;Университет «РОСБИОТЕХ»;0.03770896656534954;397;вероятно;12
28;weekday;12;1;4;Улица Панфилова;0.056800911854103346;598;вероятно;12
28;weekday;12;1;5;Пехотная улица;0.027165653495440728;286;вероятно;12
28;weekday;12;1;6;Ул. Акад. Курчатова;0.025360942249240122;267;вероятно;12
28;weekday;12;1;7;Диспансер;0.016717325227963525;176;вероятно;12
28;weekday;12;1;8;Метро «Щукинская»;0.01690729483282675;178;вероятно;12
28;weekday;12;1;9;Медицинский центр имени Бурназяна;0.062025075987841946;653;вероятно;12
28;weekday;12;1;10;Детская п-ка;0.03333966565349544;351;вероятно;12
28;weekday;12;1;11;Живописная улица, 50;0.02441109422492401;257;вероятно;12
28;weekday;12;1;12;Ул. Рогова;0.017192249240121582;181;вероятно;12
28;weekday;12;1;13;Бассейн;0.01500759878419453;158;вероятно;12
28;weekday;12;1;14;Ул. Марш. Тухачевского;0.025455927051671733;268;вероятно;12
28;weekday;13;0;1;Проспект Маршала Жукова;0.0614192572994425;650;вероятно;13
28;weekday;13;0;2;Улица Маршала Тухачевского;0.03052064631956912;323;вероятно;13
28;weekday;13;0;3;Бассейн;0.021355003307190777;226;вероятно;13
28;weekday;13;0;4;Ул. Рогова;0.04119814797316451;436;вероятно;13
28;weekday;13;0;5;Живописная улица, 50;0.039591798166871396;419;вероятно;13
28;weekday;13;0;6;Детская поликлиника;0.07011244448644052;742;вероятно;13
28;weekday;13;0;7;Метро «Щукинская»;0.06378153642634414;675;вероятно;13
28;weekday;13;0;8;Диспансер;0.026552017386374374;281;вероятно;13
28;weekday;13;0;9;Покровское-Стрешнево;0.016913918548615705;179;вероятно;13
28;weekday;13;0;10;Улица Академика Курчатова;0.013417745440801284;142;вероятно;13
28;weekday;13;0;11;Пехотная улица;0.0147406217518662;156;вероятно;13
28;weekday;13;0;12;Улица Панфилова;0.01946518000566947;206;вероятно;13
28;weekday;13;0;13;Университет «РОСБИОТЕХ»;0.010299536993291128;109;вероятно;13
28;weekday;13;0;14;Гидропроект;0.018709250685060946;198;вероятно;13
28;weekday;13;1;1;Метро «Сокол»;0.11461778323726732;1213;вероятно;13
28;weekday;13;1;2;Гидропроект;0.06793914768969102;719;вероятно;13
28;weekday;13;1;3;Университет «РОСБИОТЕХ»;0.030426155154493054;322;вероятно;13
28;weekday;13;1;4;Улица Панфилова;0.05385996409335727;570;вероятно;13
28;weekday;13;1;5;Пехотная улица;0.020977038646886517;222;вероятно;13
28;weekday;13;1;6;Ул. Акад. Курчатова;0.03174903146555797;336;вероятно;13
28;weekday;13;1;7;Диспансер;0.023433808938864216;248;вероятно;13
28;weekday;13;1;8;Метро «Щукинская»;0.01823679485968062;193;вероятно;13
28;weekday;13;1;9;Медицинский центр имени Бурназяна;0.05263157894736842;557;вероятно;13
28;weekday;13;1;10;Детская п-ка;0.03070962864972125;325;вероятно;13
28;weekday;13;1;11;Живописная улица, 50;0.026740999716526506;283;вероятно;13
28;weekday;13;1;12;Ул. Рогова;0.027591420202211094;292;вероятно;13
28;weekday;13;1;13;Бассейн;0.02579608806576585;273;вероятно;13
28;weekday;13;1;14;Ул. Марш. Тухачевского;0.027213455541906833;288;вероятно;13
28;weekday;14;0;1;Проспект Маршала Жукова;0.06379190980120661;645;вероятно;14
28;weekday;14;0;2;Улица Маршала Тухачевского;0.03412125407971516;345;вероятно;14
28;weekday;14;0;3;Бассейн;0.028483829492631788;288;вероятно;14
28;weekday;14;0;4;Ул. Рогова;0.04549500543962021;460;вероятно;14
28;weekday;14;0;5;Живописная улица, 50;0.038571852437938876;390;вероятно;14
28;weekday;14;0;6;Детская поликлиника;0.0761546830184947;770;вероятно;14
28;weekday;14;0;7;Метро «Щукинская»;0.07744041143309267;783;вероятно;14
28;weekday;14;0;8;Диспансер;0.025813470477697557;261;вероятно;14
28;weekday;14;0;9;Покровское-Стрешнево;0.01869251310453961;189;вероятно;14
28;weekday;14;0;10;Улица Академика Курчатова;0.01414301256057759;143;вероятно;14
28;weekday;14;0;11;Пехотная улица;0.01681337157551182;170;вероятно;14
28;weekday;14;0;12;Улица Панфилова;0.01582434971812877;160;вероятно;14
28;weekday;14;0;13;Университет «РОСБИОТЕХ»;0.006626446444466423;67;вероятно;14
28;weekday;14;0;14;Гидропроект;0.018791415290277915;190;вероятно;14
28;weekday;14;1;1;Метро «Сокол»;0.0922757392938384;933;вероятно;14
28;weekday;14;1;2;Гидропроект;0.07269310651765404;735;вероятно;14
28;weekday;14;1;3;Университет «РОСБИОТЕХ»;0.04025318959549006;407;вероятно;14
28;weekday;14;1;4;Улица Панфилова;0.05835228958559984;590;вероятно;14
28;weekday;14;1;5;Пехотная улица;0.024626644248837898;249;вероятно;14
28;weekday;14;1;6;Ул. Акад. Курчатова;0.024329937691622984;246;вероятно;14
28;weekday;14;1;7;Диспансер;0.017110078132726733;173;вероятно;14
28;weekday;14;1;8;Метро «Щукинская»;0.021263969933735534;215;вероятно;14
28;weekday;14;1;9;Медицинский центр имени Бурназяна;0.046484027297003266;470;вероятно;14
28;weekday;14;1;10;Детская п-ка;0.021857383048165365;221;вероятно;14
28;weekday;14;1;11;Живописная улица, 50;0.02749480763524874;278;вероятно;14
28;weekday;14;1;12;Ул. Рогова;0.020868361190782315;211;вероятно;14
28;weekday;14;1;13;Бассейн;0.02175848086242706;220;вероятно;14
28;weekday;14;1;14;Ул. Марш. Тухачевского;0.029868460092968056;302;вероятно;14
28;weekday;15;0;1;Проспект Маршала Жукова;0.06241532804335204;645;вероятно;15
28;weekday;15;0;2;Улица Маршала Тухачевского;0.040739307141474744;421;вероятно;15
28;weekday;15;0;3;Бассейн;0.02932068898780724;303;вероятно;15
28;weekday;15;0;4;Ул. Рогова;0.050899941939229726;526;вероятно;15
28;weekday;15;0;5;Живописная улица, 50;0.03754596477646603;388;вероятно;15
28;weekday;15;0;6;Детская поликлиника;0.10247725953164312;1059;вероятно;15
28;weekday;15;0;7;Метро «Щукинская»;0.05380298045287401;556;вероятно;15
28;weekday;15;0;8;Диспансер;0.034933230114186184;361;вероятно;15
28;weekday;15;0;9;Покровское-Стрешнево;0.020127733694600348;208;вероятно;15
28;weekday;15;0;10;Улица Академика Курчатова;0.01093477840139346;113;вероятно;15
28;weekday;15;0;11;Пехотная улица;0.023514611960518676;243;вероятно;15
28;weekday;15;0;12;Улица Панфилова;0.020708341397329206;214;вероятно;15
28;weekday;15;0;13;Университет «РОСБИОТЕХ»;0.009580027095026127;99;вероятно;15
28;weekday;15;0;14;Гидропроект;0.018772982388233016;194;вероятно;15
28;weekday;15;1;1;Метро «Сокол»;0.09696148635571898;1002;вероятно;15
28;weekday;15;1;2;Гидропроект;0.07857557576930521;812;вероятно;15
28;weekday;15;1;3;Университет «РОСБИОТЕХ»;0.04819043932649506;498;вероятно;15
28;weekday;15;1;4;Улица Панфилова;0.07112444358428488;735;вероятно;15
28;weekday;15;1;5;Пехотная улица;0.03299787110509;341;вероятно;15
28;weekday;15;1;6;Ул. Акад. Курчатова;0.016547319527772403;171;вероятно;15
28;weekday;15;1;7;Диспансер;0.01693439132959164;175;вероятно;15
28;weekday;15;1;8;Метро «Щукинская»;0.007160828333655893;74;вероятно;15
28;weekday;15;1;9;Медицинский центр имени Бурназяна;0.03783626862783046;391;вероятно;15
28;weekday;15;1;10;Детская п-ка;0.01383781691503774;143;вероятно;15
28;weekday;15;1;11;Живописная улица, 50;0.020127733694600348;208;вероятно;15
28;weekday;15;1;12;Ул. Рогова;0.012870137410489646;133;вероятно;15
28;weekday;15;1;13;Бассейн;0.011708922005031933;121;вероятно;15
28;weekday;15;1;14;Ул. Марш. Тухачевского;0.019353590090961874;200;вероятно;15
28;weekday;16;0;1;Проспект Маршала Жукова;0.06441014669926651;843;вероятно;16
28;weekday;16;0;2;Улица Маршала Тухачевского;0.03942542787286064;516;вероятно;16
28;weekday;16;0;3;Бассейн;0.03598716381418093;471;вероятно;16
28;weekday;16;0;4;Ул. Рогова;0.05623471882640587;736;вероятно;16
28;weekday;16;0;5;Живописная улица, 50;0.06158312958435208;806;вероятно;16
28;weekday;16;0;6;Детская поликлиника;0.07525977995110024;985;вероятно;16
28;weekday;16;0;7;Метро «Щукинская»;0.07915647921760391;1036;вероятно;16
28;weekday;16;0;8;Диспансер;0.026818459657701712;351;вероятно;16
28;weekday;16;0;9;Покровское-Стрешнево;0.017114914425427872;224;вероятно;16
28;weekday;16;0;10;Улица Академика Курчатова;0.017420537897310514;228;вероятно;16
28;weekday;16;0;11;Пехотная улица;0.022692542787286062;297;вероятно;16
28;weekday;16;0;12;Улица Панфилова;0.02047677261613692;268;вероятно;16
28;weekday;16;0;13;Университет «РОСБИОТЕХ»;0.008404645476772617;110;вероятно;16
28;weekday;16;0;14;Гидропроект;0.015051955990220049;197;вероятно;16
28;weekday;16;1;1;Метро «Сокол»;0.09695904645476773;1269;вероятно;16
28;weekday;16;1;2;Гидропроект;0.06899449877750612;903;вероятно;16
28;weekday;16;1;3;Университет «РОСБИОТЕХ»;0.03384779951100245;443;вероятно;16
28;weekday;16;1;4;Улица Панфилова;0.06028422982885086;789;вероятно;16
28;weekday;16;1;5;Пехотная улица;0.027735330073349634;363;вероятно;16
28;weekday;16;1;6;Ул. Акад. Курчатова;0.0214700488997555;281;вероятно;16
28;weekday;16;1;7;Диспансер;0.017191320293398534;225;вероятно;16
28;weekday;16;1;8;Метро «Щукинская»;0.007793398533007335;102;вероятно;16
28;weekday;16;1;9;Медицинский центр имени Бурназяна;0.028422982885085574;372;вероятно;16
28;weekday;16;1;10;Детская п-ка;0.01635085574572127;214;вероятно;16
28;weekday;16;1;11;Живописная улица, 50;0.01658007334963325;217;вероятно;16
28;weekday;16;1;12;Ул. Рогова;0.017802567237163815;233;вероятно;16
28;weekday;16;1;13;Бассейн;0.018184596577017115;238;вероятно;16
28;weekday;16;1;14;Ул. Марш. Тухачевского;0.028346577017114915;371;вероятно;16
28;weekday;17;0;1;Проспект Маршала Жукова;0.07563952733411246;1165;вероятно;17
28;weekday;17;0;2;Улица Маршала Тухачевского;0.0425269445526555;655;вероятно;17
28;weekday;17;0;3;Бассейн;0.03642384105960265;561;вероятно;17
28;weekday;17;0;4;Ул. Рогова;0.047396442020516814;730;вероятно;17
28;weekday;17;0;5;Живописная улица, 50;0.04421503700818075;681;вероятно;17
28;weekday;17;0;6;Детская поликлиника;0.09550707700298662;1471;вероятно;17
28;weekday;17;0;7;Метро «Щукинская»;0.07447084794182574;1147;вероятно;17
28;weekday;17;0;8;Диспансер;0.023633294377353592;364;вероятно;17
28;weekday;17;0;9;Покровское-Стрешнево;0.017854824048824828;275;вероятно;17
28;weekday;17;0;10;Улица Академика Курчатова;0.02012725620049344;310;вероятно;17
28;weekday;17;0;11;Пехотная улица;0.019737696403064536;304;вероятно;17
28;weekday;17;0;12;Улица Панфилова;0.01649136475782366;254;вероятно;17
28;weekday;17;0;13;Университет «РОСБИОТЕХ»;0.006947149720815478;107;вероятно;17
28;weekday;17;0;14;Гидропроект;0.01460849240358395;225;вероятно;17
28;weekday;17;1;1;Метро «Сокол»;0.08752110115569406;1348;вероятно;17
28;weekday;17;1;2;Гидропроект;0.0543435917413323;837;вероятно;17
28;weekday;17;1;3;Университет «РОСБИОТЕХ»;0.022984028048305415;354;вероятно;17
28;weekday;17;1;4;Улица Панфилова;0.06427736657576938;990;вероятно;17
28;weekday;17;1;5;Пехотная улица;0.03161927022464615;487;вероятно;17
28;weekday;17;1;6;Ул. Акад. Курчатова;0.022919101415400597;353;вероятно;17
28;weekday;17;1;7;Диспансер;0.014413712504869497;222;вероятно;17
28;weekday;17;1;8;Метро «Щукинская»;0.013634592910011687;210;вероятно;17
28;weekday;17;1;9;Медицинский центр имени Бурназяна;0.0340215556421244;524;вероятно;17
28;weekday;17;1;10;Детская п-ка;0.02103622906116089;324;вероятно;17
28;weekday;17;1;11;Живописная улица, 50;0.02389300090897286;368;вероятно;17
28;weekday;17;1;12;Ул. Рогова;0.02175042202311388;335;вероятно;17
28;weekday;17;1;13;Бассейн;0.018179457213348914;280;вероятно;17
28;weekday;17;1;14;Ул. Марш. Тухачевского;0.03382677574340995;521;вероятно;17
28;weekday;18;0;1;Проспект Маршала Жукова;0.08771929824561403;1275;вероятно;18
28;weekday;18;0;2;Улица Маршала Тухачевского;0.0478156174750602;695;вероятно;18
28;weekday;18;0;3;Бассейн;0.030822153422772617;448;вероятно;18
28;weekday;18;0;4;Ул. Рогова;0.048159614723082216;700;вероятно;18
28;weekday;18;0;5;Живописная улица, 50;0.051393188854489166;747;вероятно;18
28;weekday;18;0;6;Детская поликлиника;0.06873065015479876;999;вероятно;18
28;weekday;18;0;7;Метро «Щукинская»;0.08586171310629515;1248;вероятно;18
28;weekday;18;0;8;Диспансер;0.029858961128310973;434;вероятно;18
28;weekday;18;0;9;Покровское-Стрешнево;0.024011007911936704;349;вероятно;18
28;weekday;18;0;10;Улица Академика Курчатова;0.02022703818369453;294;вероятно;18
28;weekday;18;0;11;Пехотная улица;0.0370141038871689;538;вероятно;18
28;weekday;18;0;12;Улица Панфилова;0.01912624699002408;278;вероятно;18
28;weekday;18;0;13;Университет «РОСБИОТЕХ»;0.009219126246990023;134;вероятно;18
28;weekday;18;0;14;Гидропроект;0.015755073959408325;229;вероятно;18
28;weekday;18;1;1;Метро «Сокол»;0.08778809769521843;1276;вероятно;18
28;weekday;18;1;2;Гидропроект;0.0457516339869281;665;вероятно;18
28;weekday;18;1;3;Университет «РОСБИОТЕХ»;0.02545579635362917;370;вероятно;18
28;weekday;18;1;4;Улица Панфилова;0.050498796009631926;734;вероятно;18
28;weekday;18;1;5;Пехотная улица;0.03309253525971792;481;вероятно;18
28;weekday;18;1;6;Ул. Акад. Курчатова;0.018163054695562435;264;вероятно;18
28;weekday;18;1;7;Диспансер;0.01568627450980392;228;вероятно;18
28;weekday;18;1;8;Метро «Щукинская»;0.010595115239078088;154;вероятно;18
28;weekday;18;1;9;Медицинский центр имени Бурназяна;0.03199174406604747;465;вероятно;18
28;weekday;18;1;10;Детская п-ка;0.026212590299277607;381;вероятно;18
28;weekday;18;1;11;Живописная улица, 50;0.024011007911936704;349;вероятно;18
28;weekday;18;1;12;Ул. Рогова;0.01410388716890265;205;вероятно;18
28;weekday;18;1;13;Бассейн;0.014172686618507051;206;вероятно;18
28;weekday;18;1;14;Ул. Марш. Тухачевского;0.026762985896112833;389;вероятно;18
28;weekday;19;0;1;Проспект Маршала Жукова;0.0664580265095729;722;вероятно;19
28;weekday;19;0;2;Улица Маршала Тухачевского;0.03157216494845361;343;вероятно;19
28;weekday;19;0;3;Бассейн;0.027982326951399118;304;вероятно;19
28;weekday;19;0;4;Ул. Рогова;0.03829160530191458;416;вероятно;19
28;weekday;19;0;5;Живописная улица, 50;0.030283505154639175;329;вероятно;19
28;weekday;19;0;6;Детская поликлиника;0.0857879234167894;932;вероятно;19
28;weekday;19;0;7;Метро «Щукинская»;0.11119293078055964;1208;вероятно;19
28;weekday;19;0;8;Диспансер;0.024300441826215022;264;вероятно;19
28;weekday;19;0;9;Покровское-Стрешнево;0.0312039764359352;339;вероятно;19
28;weekday;19;0;10;Улица Академика Курчатова;0.018961708394698084;206;вероятно;19
28;weekday;19;0;11;Пехотная улица;0.03746318114874816;407;вероятно;19
28;weekday;19;0;12;Улица Панфилова;0.027245949926362298;296;вероятно;19
28;weekday;19;0;13;Университет «РОСБИОТЕХ»;0.009849042709867452;107;вероятно;19
28;weekday;19;0;14;Гидропроект;0.020618556701030927;224;вероятно;19
28;weekday;19;1;1;Метро «Сокол»;0.08136966126656849;884;вероятно;19
28;weekday;19;1;2;Гидропроект;0.0429860088365243;467;вероятно;19
28;weekday;19;1;3;Университет «РОСБИОТЕХ»;0.02466863033873343;268;вероятно;19
28;weekday;19;1;4;Улица Панфилова;0.049521354933726065;538;вероятно;19
28;weekday;19;1;5;Пехотная улица;0.029455081001472753;320;вероятно;19
28;weekday;19;1;6;Ул. Акад. Курчатова;0.01610824742268041;175;вероятно;19
28;weekday;19;1;7;Диспансер;0.019237849779086894;209;вероятно;19
28;weekday;19;1;8;Метро «Щукинская»;0.014175257731958763;154;вероятно;19
28;weekday;19;1;9;Медицинский центр имени Бурназяна;0.03663475699558174;398;вероятно;19
28;weekday;19;1;10;Детская п-ка;0.02614138438880707;284;вероятно;19
28;weekday;19;1;11;Живописная улица, 50;0.0313880706921944;341;вероятно;19
28;weekday;19;1;12;Ул. Рогова;0.017488954344624448;190;вероятно;19
28;weekday;19;1;13;Бассейн;0.017304860088365244;188;вероятно;19
28;weekday;19;1;14;Ул. Марш. Тухачевского;0.03230854197349043;351;вероятно;19
28;weekday;20;0;1;Проспект Маршала Жукова;0.06847811170577742;499;вероятно;20
28;weekday;20;0;2;Улица Маршала Тухачевского;0.03183751886921916;232;вероятно;20
28;weekday;20;0;3;Бассейн;0.03595443941265267;262;вероятно;20
28;weekday;20;0;4;Ул. Рогова;0.02579936873885001;188;вероятно;20
28;weekday;20;0;5;Живописная улица, 50;0.03705228489090161;270;вероятно;20
28;weekday;20;0;6;Детская поликлиника;0.03842459173871278;280;вероятно;20
28;weekday;20;0;7;Метро «Щукинская»;0.06257719226018937;456;вероятно;20
28;weekday;20;0;8;Диспансер;0.028681213119253465;209;вероятно;20
28;weekday;20;0;9;Покровское-Стрешнево;0.026759983532317826;195;вероятно;20
28;weekday;20;0;10;Улица Академика Курчатова;0.03197474955400027;233;вероятно;20
28;weekday;20;0;11;Пехотная улица;0.06532180595581172;476;вероятно;20
28;weekday;20;0;12;Улица Панфилова;0.027171675586661177;198;вероятно;20
28;weekday;20;0;13;Университет «РОСБИОТЕХ»;0.01029230135858378;75;вероятно;20
28;weekday;20;0;14;Гидропроект;0.03238644160834363;236;вероятно;20
28;weekday;20;1;1;Метро «Сокол»;0.10553039659667902;769;вероятно;20
28;weekday;20;1;2;Гидропроект;0.030602442706189104;223;вероятно;20
28;weekday;20;1;3;Университет «РОСБИОТЕХ»;0.01825168107588857;133;вероятно;20
28;weekday;20;1;4;Улица Панфилова;0.049128585151639904;358;вероятно;20
28;weekday;20;1;5;Пехотная улица;0.025113215314944422;183;вероятно;20
28;weekday;20;1;6;Ул. Акад. Курчатова;0.017428296967201867;127;вероятно;20
28;weekday;20;1;7;Диспансер;0.027857829010566763;203;вероятно;20
28;weekday;20;1;8;Метро «Щукинская»;0.01029230135858378;75;вероятно;20
28;weekday;20;1;9;Медицинский центр имени Бурназяна;0.037463976945244955;273;вероятно;20
28;weekday;20;1;10;Детская п-ка;0.029916289282283518;218;вероятно;20
28;weekday;20;1;11;Живописная улица, 50;0.0233292164127899;170;вероятно;20
28;weekday;20;1;12;Ул. Рогова;0.03293536434746809;240;вероятно;20
28;weekday;20;1;13;Бассейн;0.02154521751063538;157;вероятно;20
28;weekday;20;1;14;Ул. Марш. Тухачевского;0.047893508988609855;349;вероятно;20
28;weekday;21;0;1;Проспект Маршала Жукова;0.06852791878172589;324;вероятно;21
28;weekday;21;0;2;Улица Маршала Тухачевского;0.024323181049069373;115;вероятно;21
28;weekday;21;0;3;Бассейн;0.017978003384094755;85;вероятно;21
28;weekday;21;0;4;Ул. Рогова;0.0194585448392555;92;вероятно;21
28;weekday;21;0;5;Живописная улица, 50;0.025592216582064297;121;вероятно;21
28;weekday;21;0;6;Детская поликлиника;0.0522419627749577;247;вероятно;21
28;weekday;21;0;7;Метро «Щукинская»;0.06683587140439932;316;вероятно;21
28;weekday;21;0;8;Диспансер;0.03426395939086294;162;вероятно;21
28;weekday;21;0;9;Покровское-Стрешнево;0.02305414551607445;109;вероятно;21
28;weekday;21;0;10;Улица Академика Курчатова;0.04230118443316413;200;вероятно;21
28;weekday;21;0;11;Пехотная улица;0.0746615905245347;353;вероятно;21
28;weekday;21;0;12;Улица Панфилова;0.03489847715736041;165;вероятно;21
28;weekday;21;0;13;Университет «РОСБИОТЕХ»;0.01755499153976311;83;вероятно;21
28;weekday;21;0;14;Гидропроект;0.04145516074450085;196;вероятно;21
28;weekday;21;1;1;Метро «Сокол»;0.10723350253807107;507;вероятно;21
28;weekday;21;1;2;Гидропроект;0.02728426395939086;129;вероятно;21
28;weekday;21;1;3;Университет «РОСБИОТЕХ»;0.00972927241962775;46;вероятно;21
28;weekday;21;1;4;Улица Панфилова;0.02601522842639594;123;вероятно;21
28;weekday;21;1;5;Пехотная улица;0.02601522842639594;123;вероятно;21
28;weekday;21;1;6;Ул. Акад. Курчатова;0.0194585448392555;92;вероятно;21
28;weekday;21;1;7;Диспансер;0.020939086294416244;99;вероятно;21
28;weekday;21;1;8;Метро «Щукинская»;0.021150592216582064;100;вероятно;21
28;weekday;21;1;9;Медицинский центр имени Бурназяна;0.031302876480541454;148;вероятно;21
28;weekday;21;1;10;Детская п-ка;0.03722504230118443;176;вероятно;21
28;weekday;21;1;11;Живописная улица, 50;0.018612521150592216;88;вероятно;21
28;weekday;21;1;12;Ул. Рогова;0.030668358714043994;145;вероятно;21
28;weekday;21;1;13;Бассейн;0.016074450084602367;76;вероятно;21
28;weekday;21;1;14;Ул. Марш. Тухачевского;0.06514382402707276;308;вероятно;21
28;weekday;22;0;1;Проспект Маршала Жукова;0.06800242865816636;112;вероятно;22
28;weekday;22;0;2;Улица Маршала Тухачевского;0.018214936247723135;30;вероятно;22
28;weekday;22;0;3;Бассейн;0.018822100789313904;31;вероятно;22
28;weekday;22;0;4;Ул. Рогова;0.015786278081360048;26;вероятно;22
28;weekday;22;0;5;Живописная улица, 50;0.026108075288403157;43;вероятно;22
28;weekday;22;0;6;Детская поликлиника;0.06860959319975714;113;вероятно;22
28;weekday;22;0;7;Метро «Щукинская»;0.04310868245294475;71;вероятно;22
28;weekday;22;0;8;Диспансер;0.021250758955676987;35;вероятно;22
28;weekday;22;0;9;Покровское-Стрешнево;0.013357619914996965;22;вероятно;22
28;weekday;22;0;10;Улица Академика Курчатова;0.01700060716454159;28;вероятно;22
28;weekday;22;0;11;Пехотная улица;0.050394656952034;83;вероятно;22
28;weekday;22;0;12;Улица Панфилова;0.04978749241044323;82;вероятно;22
28;weekday;22;0;13;Университет «РОСБИОТЕХ»;0.021250758955676987;35;вероятно;22
28;weekday;22;0;14;Гидропроект;0.052216150576806314;86;вероятно;22
28;weekday;22;1;1;Метро «Сокол»;0.07528840315725562;124;вероятно;22
28;weekday;22;1;2;Гидропроект;0.015179113539769277;25;вероятно;22
28;weekday;22;1;3;Университет «РОСБИОТЕХ»;0.004857316332726169;8;вероятно;22
28;weekday;22;1;4;Улица Панфилова;0.0230722525804493;38;вероятно;22
28;weekday;22;1;5;Пехотная улица;0.024893746205221615;41;вероятно;22
28;weekday;22;1;6;Ул. Акад. Курчатова;0.008500303582270795;14;вероятно;22
28;weekday;22;1;7;Диспансер;0.01700060716454159;28;вероятно;22
28;weekday;22;1;8;Метро «Щукинская»;0.019429265330904676;32;вероятно;22
28;weekday;22;1;9;Медицинский центр имени Бурназяна;0.02792956891317547;46;вероятно;22
28;weekday;22;1;10;Детская п-ка;0.029751062537947785;49;вероятно;22
28;weekday;22;1;11;Живописная улица, 50;0.05768063145112325;95;вероятно;22
28;weekday;22;1;12;Ул. Рогова;0.031572556162720096;52;вероятно;22
28;weekday;22;1;13;Бассейн;0.05768063145112325;95;вероятно;22
28;weekday;22;1;14;Ул. Марш. Тухачевского;0.12325440194292653;203;вероятно;22
28;weekday;23;0;1;Проспект Маршала Жукова;0.06293706293706294;9;вероятно;23
28;weekday;23;0;2;Улица Маршала Тухачевского;0.006993006993006993;1;вероятно;23
28;weekday;23;0;6;Детская поликлиника;0.013986013986013986;2;вероятно;23
28;weekday;23;0;7;Метро «Щукинская»;0.006993006993006993;1;вероятно;23
28;weekday;23;0;8;Диспансер;0.03496503496503497;5;вероятно;23
28;weekday;23;0;11;Пехотная улица;0.013986013986013986;2;вероятно;23
28;weekday;23;0;12;Улица Панфилова;0.06293706293706294;9;вероятно;23
28;weekday;23;0;13;Университет «РОСБИОТЕХ»;0.013986013986013986;2;вероятно;23
28;weekday;23;0;14;Гидропроект;0.08391608391608392;12;вероятно;23
28;weekday;23;1;1;Метро «Сокол»;0.0979020979020979;14;вероятно;23
28;weekday;23;1;3;Университет «РОСБИОТЕХ»;0.006993006993006993;1;вероятно;23
28;weekday;23;1;4;Улица Панфилова;0.013986013986013986;2;вероятно;23
28;weekday;23;1;5;Пехотная улица;0.055944055944055944;8;вероятно;23
28;weekday;23;1;6;Ул. Акад. Курчатова;0.006993006993006993;1;вероятно;23
28;weekday;23;1;7;Диспансер;0.055944055944055944;8;вероятно;23
28;weekday;23;1;8;Метро «Щукинская»;0.006993006993006993;1;вероятно;23
28;weekday;23;1;9;Медицинский центр имени Бурназяна;0.02097902097902098;3;вероятно;23
28;weekday;23;1;10;Детская п-ка;0.03496503496503497;5;вероятно;23
28;weekday;23;1;11;Живописная улица, 50;0.013986013986013986;2;вероятно;23
28;weekday;23;1;12;Ул. Рогова;0.03496503496503497;5;вероятно;23
28;weekday;23;1;13;Бассейн;0.18181818181818182;26;вероятно;23
28;weekday;23;1;14;Ул. Марш. Тухачевского;0.16783216783216784;24;вероятно;23
28;weekend;0;0;1;Проспект Маршала Жукова;0.125;1;вероятно;0
28;weekend;0;0;10;Улица Академика Курчатова;0.125;1;вероятно;0
28;weekend;0;0;14;Гидропроект;0.375;3;вероятно;0
28;weekend;0;1;1;Метро «Сокол»;0.125;1;вероятно;0
28;weekend;0;1;11;Живописная улица, 50;0.125;1;вероятно;0
28;weekend;0;1;14;Ул. Марш. Тухачевского;0.125;1;вероятно;0
28;weekend;1;0;14;Гидропроект;1.0;3;вероятно;1
28;weekend;2;0;14;Гидропроект;1.0;3;вероятно;1
28;weekend;3;0;1;Проспект Маршала Жукова;1.0;3;вероятно;4
28;weekend;4;0;1;Проспект Маршала Жукова;1.0;3;вероятно;4
28;weekend;5;0;1;Проспект Маршала Жукова;0.2872340425531915;27;вероятно;5
28;weekend;5;0;2;Улица Маршала Тухачевского;0.010638297872340425;1;вероятно;5
28;weekend;5;0;3;Бассейн;0.02127659574468085;2;вероятно;5
28;weekend;5;0;5;Живописная улица, 50;0.010638297872340425;1;вероятно;5
28;weekend;5;0;6;Детская поликлиника;0.02127659574468085;2;вероятно;5
28;weekend;5;0;7;Метро «Щукинская»;0.010638297872340425;1;вероятно;5
28;weekend;5;0;12;Улица Панфилова;0.02127659574468085;2;вероятно;5
28;weekend;5;0;14;Гидропроект;0.09574468085106383;9;вероятно;5
28;weekend;5;1;1;Метро «Сокол»;0.23404255319148937;22;вероятно;5
28;weekend;5;1;2;Гидропроект;0.07446808510638298;7;вероятно;5
28;weekend;5;1;7;Диспансер;0.010638297872340425;1;вероятно;5
28;weekend;5;1;11;Живописная улица, 50;0.02127659574468085;2;вероятно;5
28;weekend;5;1;12;Ул. Рогова;0.07446808510638298;7;вероятно;5
28;weekend;5;1;13;Бассейн;0.0425531914893617;4;вероятно;5
28;weekend;5;1;14;Ул. Марш. Тухачевского;0.06382978723404255;6;вероятно;5
28;weekend;6;0;1;Проспект Маршала Жукова;0.15112540192926044;47;вероятно;6
28;weekend;6;0;3;Бассейн;0.012861736334405145;4;вероятно;6
28;weekend;6;0;4;Ул. Рогова;0.01929260450160772;6;вероятно;6
28;weekend;6;0;5;Живописная улица, 50;0.012861736334405145;4;вероятно;6
28;weekend;6;0;6;Детская поликлиника;0.03536977491961415;11;вероятно;6
28;weekend;6;0;8;Диспансер;0.006430868167202572;2;вероятно;6
28;weekend;6;0;10;Улица Академика Курчатова;0.003215434083601286;1;вероятно;6
28;weekend;6;0;11;Пехотная улица;0.028938906752411574;9;вероятно;6
28;weekend;6;0;12;Улица Панфилова;0.0707395498392283;22;вероятно;6
28;weekend;6;0;13;Университет «РОСБИОТЕХ»;0.01607717041800643;5;вероятно;6
28;weekend;6;0;14;Гидропроект;0.06109324758842444;19;вероятно;6
28;weekend;6;1;1;Метро «Сокол»;0.13183279742765272;41;вероятно;6
28;weekend;6;1;2;Гидропроект;0.05144694533762058;16;вероятно;6
28;weekend;6;1;3;Университет «РОСБИОТЕХ»;0.01607717041800643;5;вероятно;6
28;weekend;6;1;4;Улица Панфилова;0.028938906752411574;9;вероятно;6
28;weekend;6;1;6;Ул. Акад. Курчатова;0.01929260450160772;6;вероятно;6
28;weekend;6;1;7;Диспансер;0.012861736334405145;4;вероятно;6
28;weekend;6;1;8;Метро «Щукинская»;0.022508038585209004;7;вероятно;6
28;weekend;6;1;9;Медицинский центр имени Бурназяна;0.05466237942122187;17;вероятно;6
28;weekend;6;1;10;Детская п-ка;0.01929260450160772;6;вероятно;6
28;weekend;6;1;11;Живописная улица, 50;0.012861736334405145;4;вероятно;6
28;weekend;6;1;12;Ул. Рогова;0.03858520900321544;12;вероятно;6
28;weekend;6;1;13;Бассейн;0.09003215434083602;28;вероятно;6
28;weekend;6;1;14;Ул. Марш. Тухачевского;0.08360128617363344;26;вероятно;6
28;weekend;7;0;1;Проспект Маршала Жукова;0.08367626886145405;61;вероятно;7
28;weekend;7;0;2;Улица Маршала Тухачевского;0.0411522633744856;30;вероятно;7
28;weekend;7;0;3;Бассейн;0.010973936899862825;8;вероятно;7
28;weekend;7;0;4;Ул. Рогова;0.015089163237311385;11;вероятно;7
28;weekend;7;0;5;Живописная улица, 50;0.010973936899862825;8;вероятно;7
28;weekend;7;0;6;Детская поликлиника;0.009602194787379973;7;вероятно;7
28;weekend;7;0;7;Метро «Щукинская»;0.02880658436213992;21;вероятно;7
28;weekend;7;0;8;Диспансер;0.013717421124828532;10;вероятно;7
28;weekend;7;0;9;Покровское-Стрешнево;0.009602194787379973;7;вероятно;7
28;weekend;7;0;10;Улица Академика Курчатова;0.01646090534979424;12;вероятно;7
28;weekend;7;0;11;Пехотная улица;0.06721536351165981;49;вероятно;7
28;weekend;7;0;12;Улица Панфилова;0.09327846364883402;68;вероятно;7
28;weekend;7;0;13;Университет «РОСБИОТЕХ»;0.019204389574759947;14;вероятно;7
28;weekend;7;0;14;Гидропроект;0.05212620027434842;38;вероятно;7
28;weekend;7;1;1;Метро «Сокол»;0.10425240054869685;76;вероятно;7
28;weekend;7;1;2;Гидропроект;0.04252400548696845;31;вероятно;7
28;weekend;7;1;3;Университет «РОСБИОТЕХ»;0.012345679012345678;9;вероятно;7
28;weekend;7;1;4;Улица Панфилова;0.0205761316872428;15;вероятно;7
28;weekend;7;1;5;Пехотная улица;0.023319615912208505;17;вероятно;7
28;weekend;7;1;6;Ул. Акад. Курчатова;0.010973936899862825;8;вероятно;7
28;weekend;7;1;7;Диспансер;0.02880658436213992;21;вероятно;7
28;weekend;7;1;8;Метро «Щукинская»;0.03017832647462277;22;вероятно;7
28;weekend;7;1;9;Медицинский центр имени Бурназяна;0.03292181069958848;24;вероятно;7
28;weekend;7;1;10;Детская п-ка;0.02880658436213992;21;вероятно;7
28;weekend;7;1;11;Живописная улица, 50;0.0205761316872428;15;вероятно;7
28;weekend;7;1;12;Ул. Рогова;0.039780521262002745;29;вероятно;7
28;weekend;7;1;13;Бассейн;0.05212620027434842;38;вероятно;7
28;weekend;7;1;14;Ул. Марш. Тухачевского;0.08093278463648834;59;вероятно;7
28;weekend;8;0;1;Проспект Маршала Жукова;0.05113636363636364;63;вероятно;8
28;weekend;8;0;2;Улица Маршала Тухачевского;0.018668831168831168;23;вероятно;8
28;weekend;8;0;3;Бассейн;0.021915584415584416;27;вероятно;8
28;weekend;8;0;4;Ул. Рогова;0.0349025974025974;43;вероятно;8
28;weekend;8;0;5;Живописная улица, 50;0.021103896103896104;26;вероятно;8
28;weekend;8;0;6;Детская поликлиника;0.09172077922077922;113;вероятно;8
28;weekend;8;0;7;Метро «Щукинская»;0.056818181818181816;70;вероятно;8
28;weekend;8;0;8;Диспансер;0.02922077922077922;36;вероятно;8
28;weekend;8;0;9;Покровское-Стрешнево;0.013798701298701298;17;вероятно;8
28;weekend;8;0;10;Улица Академика Курчатова;0.00487012987012987;6;вероятно;8
28;weekend;8;0;11;Пехотная улица;0.03409090909090909;42;вероятно;8
28;weekend;8;0;12;Улица Панфилова;0.04788961038961039;59;вероятно;8
28;weekend;8;0;13;Университет «РОСБИОТЕХ»;0.00974025974025974;12;вероятно;8
28;weekend;8;0;14;Гидропроект;0.03165584415584415;39;вероятно;8
28;weekend;8;1;1;Метро «Сокол»;0.07305194805194805;90;вероятно;8
28;weekend;8;1;2;Гидропроект;0.049512987012987016;61;вероятно;8
28;weekend;8;1;3;Университет «РОСБИОТЕХ»;0.025162337662337664;31;вероятно;8
28;weekend;8;1;4;Улица Панфилова;0.04220779220779221;52;вероятно;8
28;weekend;8;1;5;Пехотная улица;0.01948051948051948;24;вероятно;8
28;weekend;8;1;6;Ул. Акад. Курчатова;0.020292207792207792;25;вероятно;8
28;weekend;8;1;7;Диспансер;0.056818181818181816;70;вероятно;8
28;weekend;8;1;8;Метро «Щукинская»;0.017045454545454544;21;вероятно;8
28;weekend;8;1;9;Медицинский центр имени Бурназяна;0.07467532467532467;92;вероятно;8
28;weekend;8;1;10;Детская п-ка;0.06168831168831169;76;вероятно;8
28;weekend;8;1;11;Живописная улица, 50;0.028409090909090908;35;вероятно;8
28;weekend;8;1;12;Ул. Рогова;0.01461038961038961;18;вероятно;8
28;weekend;8;1;13;Бассейн;0.021103896103896104;26;вероятно;8
28;weekend;8;1;14;Ул. Марш. Тухачевского;0.028409090909090908;35;вероятно;8
28;weekend;9;0;1;Проспект Маршала Жукова;0.10767160161507403;160;вероятно;9
28;weekend;9;0;2;Улица Маршала Тухачевского;0.0370121130551817;55;вероятно;9
28;weekend;9;0;3;Бассейн;0.05383580080753701;80;вероятно;9
28;weekend;9;0;4;Ул. Рогова;0.029609690444145357;44;вероятно;9
28;weekend;9;0;5;Живописная улица, 50;0.03297442799461642;49;вероятно;9
28;weekend;9;0;6;Детская поликлиника;0.05585464333781965;83;вероятно;9
28;weekend;9;0;7;Метро «Щукинская»;0.028936742934051143;43;вероятно;9
28;weekend;9;0;8;Диспансер;0.007402422611036339;11;вероятно;9
28;weekend;9;0;9;Покровское-Стрешнево;0.017496635262449527;26;вероятно;9
28;weekend;9;0;10;Улица Академика Курчатова;0.009421265141318977;14;вероятно;9
28;weekend;9;0;11;Пехотная улица;0.02489905787348587;37;вероятно;9
28;weekend;9;0;12;Улица Панфилова;0.039703903095558546;59;вероятно;9
28;weekend;9;0;13;Университет «РОСБИОТЕХ»;0.01278600269179004;19;вероятно;9
28;weekend;9;0;14;Гидропроект;0.04508748317631225;67;вероятно;9
28;weekend;9;1;1;Метро «Сокол»;0.08209959623149395;122;вероятно;9
28;weekend;9;1;2;Гидропроект;0.08209959623149395;122;вероятно;9
28;weekend;9;1;3;Университет «РОСБИОТЕХ»;0.04576043068640646;68;вероятно;9
28;weekend;9;1;4;Улица Панфилова;0.0800807537012113;119;вероятно;9
28;weekend;9;1;5;Пехотная улица;0.014804845222072678;22;вероятно;9
28;weekend;9;1;6;Ул. Акад. Курчатова;0.005383580080753701;8;вероятно;9
28;weekend;9;1;7;Диспансер;0.016823687752355317;25;вероятно;9
28;weekend;9;1;8;Метро «Щукинская»;0.01816958277254374;27;вероятно;9
28;weekend;9;1;9;Медицинский центр имени Бурназяна;0.01816958277254374;27;вероятно;9
28;weekend;9;1;10;Детская п-ка;0.04374158815612382;65;вероятно;9
28;weekend;9;1;11;Живописная улица, 50;0.02086137281292059;31;вероятно;9
28;weekend;9;1;12;Ул. Рогова;0.01547779273216689;23;вероятно;9
28;weekend;9;1;13;Бассейн;0.02086137281292059;31;вероятно;9
28;weekend;9;1;14;Ул. Марш. Тухачевского;0.03297442799461642;49;вероятно;9
28;weekend;10;0;1;Проспект Маршала Жукова;0.07823529411764706;133;вероятно;10
28;weekend;10;0;2;Улица Маршала Тухачевского;0.033529411764705884;57;вероятно;10
28;weekend;10;0;3;Бассейн;0.025294117647058825;43;вероятно;10
28;weekend;10;0;4;Ул. Рогова;0.027647058823529413;47;вероятно;10
28;weekend;10;0;5;Живописная улица, 50;0.02176470588235294;37;вероятно;10
28;weekend;10;0;6;Детская поликлиника;0.04352941176470588;74;вероятно;10
28;weekend;10;0;7;Метро «Щукинская»;0.05235294117647059;89;вероятно;10
28;weekend;10;0;8;Диспансер;0.027058823529411764;46;вероятно;10
28;weekend;10;0;9;Покровское-Стрешнево;0.011764705882352941;20;вероятно;10
28;weekend;10;0;10;Улица Академика Курчатова;0.019411764705882354;33;вероятно;10
28;weekend;10;0;11;Пехотная улица;0.028823529411764706;49;вероятно;10
28;weekend;10;0;12;Улица Панфилова;0.03882352941176471;66;вероятно;10
28;weekend;10;0;13;Университет «РОСБИОТЕХ»;0.0035294117647058825;6;вероятно;10
28;weekend;10;0;14;Гидропроект;0.03764705882352941;64;вероятно;10
28;weekend;10;1;1;Метро «Сокол»;0.08941176470588236;152;вероятно;10
28;weekend;10;1;2;Гидропроект;0.06411764705882353;109;вероятно;10
28;weekend;10;1;3;Университет «РОСБИОТЕХ»;0.03411764705882353;58;вероятно;10
28;weekend;10;1;4;Улица Панфилова;0.045294117647058825;77;вероятно;10
28;weekend;10;1;5;Пехотная улица;0.029411764705882353;50;вероятно;10
28;weekend;10;1;6;Ул. Акад. Курчатова;0.022941176470588236;39;вероятно;10
28;weekend;10;1;7;Диспансер;0.042352941176470586;72;вероятно;10
28;weekend;10;1;8;Метро «Щукинская»;0.028823529411764706;49;вероятно;10
28;weekend;10;1;9;Медицинский центр имени Бурназяна;0.036470588235294116;62;вероятно;10
28;weekend;10;1;10;Детская п-ка;0.04823529411764706;82;вероятно;10
28;weekend;10;1;11;Живописная улица, 50;0.018823529411764704;32;вероятно;10
28;weekend;10;1;12;Ул. Рогова;0.025294117647058825;43;вероятно;10
28;weekend;10;1;13;Бассейн;0.018823529411764704;32;вероятно;10
28;weekend;10;1;14;Ул. Марш. Тухачевского;0.04647058823529412;79;вероятно;10
28;weekend;11;0;1;Проспект Маршала Жукова;0.05782869612656847;106;вероятно;11
28;weekend;11;0;2;Улица Маршала Тухачевского;0.024004364429896344;44;вероятно;11
28;weekend;11;0;3;Бассейн;0.01691216584833606;31;вероятно;11
28;weekend;11;0;4;Ул. Рогова;0.012002182214948172;22;вероятно;11
28;weekend;11;0;5;Живописная улица, 50;0.031096563011456628;57;вероятно;11
28;weekend;11;0;6;Детская поликлиника;0.049099836333878884;90;вероятно;11
28;weekend;11;0;7;Метро «Щукинская»;0.07910529187124932;145;вероятно;11
28;weekend;11;0;8;Диспансер;0.009274413529732678;17;вероятно;11
28;weekend;11;0;9;Покровское-Стрешнево;0.007637752318603383;14;вероятно;11
28;weekend;11;0;10;Улица Академика Курчатова;0.02564102564102564;47;вероятно;11
28;weekend;11;0;11;Пехотная улица;0.02564102564102564;47;вероятно;11
28;weekend;11;0;12;Улица Панфилова;0.020185488270594652;37;вероятно;11
28;weekend;11;0;13;Университет «РОСБИОТЕХ»;0.010911074740861976;20;вероятно;11
28;weekend;11;0;14;Гидропроект;0.03382433169667212;62;вероятно;11
28;weekend;11;1;1;Метро «Сокол»;0.12002182214948172;220;вероятно;11
28;weekend;11;1;2;Гидропроект;0.11456628477905073;210;вероятно;11
28;weekend;11;1;3;Университет «РОСБИОТЕХ»;0.05619203491543917;103;вероятно;11
28;weekend;11;1;4;Улица Панфилова;0.06764866339334424;124;вероятно;11
28;weekend;11;1;5;Пехотная улица;0.03709765411893071;68;вероятно;11
28;weekend;11;1;6;Ул. Акад. Курчатова;0.014729950900163666;27;вероятно;11
28;weekend;11;1;7;Диспансер;0.03055100927441353;56;вероятно;11
28;weekend;11;1;8;Метро «Щукинская»;0.019639934533551555;36;вероятно;11
28;weekend;11;1;9;Медицинский центр имени Бурназяна;0.02618657937806874;48;вероятно;11
28;weekend;11;1;10;Детская п-ка;0.01745771958537916;32;вероятно;11
28;weekend;11;1;11;Живописная улица, 50;0.016366612111292964;30;вероятно;11
28;weekend;11;1;12;Ул. Рогова;0.013638843426077468;25;вероятно;11
28;weekend;11;1;13;Бассейн;0.023458810692853247;43;вероятно;11
28;weekend;11;1;14;Ул. Марш. Тухачевского;0.03927986906710311;72;вероятно;11
28;weekend;12;0;1;Проспект Маршала Жукова;0.0628992628992629;128;вероятно;12
28;weekend;12;0;2;Улица Маршала Тухачевского;0.032432432432432434;66;вероятно;12
28;weekend;12;0;3;Бассейн;0.02800982800982801;57;вероятно;12
28;weekend;12;0;4;Ул. Рогова;0.022113022113022112;45;вероятно;12
28;weekend;12;0;5;Живописная улица, 50;0.02407862407862408;49;вероятно;12
28;weekend;12;0;6;Детская поликлиника;0.03783783783783784;77;вероятно;12
28;weekend;12;0;7;Метро «Щукинская»;0.06584766584766585;134;вероятно;12
28;weekend;12;0;8;Диспансер;0.011793611793611793;24;вероятно;12
28;weekend;12;0;9;Покровское-Стрешнево;0.012776412776412777;26;вероятно;12
28;weekend;12;0;10;Улица Академика Курчатова;0.015233415233415233;31;вероятно;12
28;weekend;12;0;11;Пехотная улица;0.033906633906633905;69;вероятно;12
28;weekend;12;0;12;Улица Панфилова;0.022113022113022112;45;вероятно;12
28;weekend;12;0;13;Университет «РОСБИОТЕХ»;0.014742014742014743;30;вероятно;12
28;weekend;12;0;14;Гидропроект;0.032432432432432434;66;вероятно;12
28;weekend;12;1;1;Метро «Сокол»;0.07862407862407862;160;вероятно;12
28;weekend;12;1;2;Гидропроект;0.08108108108108109;165;вероятно;12
28;weekend;12;1;3;Университет «РОСБИОТЕХ»;0.04963144963144963;101;вероятно;12
28;weekend;12;1;4;Улица Панфилова;0.07567567567567568;154;вероятно;12
28;weekend;12;1;5;Пехотная улица;0.023095823095823097;47;вероятно;12
28;weekend;12;1;6;Ул. Акад. Курчатова;0.022604422604422605;46;вероятно;12
28;weekend;12;1;7;Диспансер;0.036855036855036855;75;вероятно;12
28;weekend;12;1;8;Метро «Щукинская»;0.022604422604422605;46;вероятно;12
28;weekend;12;1;9;Медицинский центр имени Бурназяна;0.04176904176904177;85;вероятно;12
28;weekend;12;1;10;Детская п-ка;0.05405405405405406;110;вероятно;12
28;weekend;12;1;11;Живописная улица, 50;0.015724815724815724;32;вероятно;12
28;weekend;12;1;12;Ул. Рогова;0.019656019656019656;40;вероятно;12
28;weekend;12;1;13;Бассейн;0.012285012285012284;25;вероятно;12
28;weekend;12;1;14;Ул. Марш. Тухачевского;0.05012285012285012;102;вероятно;12
28;weekend;13;0;1;Проспект Маршала Жукова;0.07139545665275845;154;вероятно;13
28;weekend;13;0;2;Улица Маршала Тухачевского;0.027352804821511357;59;вероятно;13
28;weekend;13;0;3;Бассейн;0.02364394993045897;51;вероятно;13
28;weekend;13;0;4;Ул. Рогова;0.02086230876216968;45;вероятно;13
28;weekend;13;0;5;Живописная улица, 50;0.031061659712563746;67;вероятно;13
28;weekend;13;0;6;Детская поликлиника;0.06536856745479833;141;вероятно;13
28;weekend;13;0;7;Метро «Щукинская»;0.04265183124710246;92;вероятно;13
28;weekend;13;0;8;Диспансер;0.02364394993045897;51;вероятно;13
28;weekend;13;0;9;Покровское-Стрешнево;0.023180343069077423;50;вероятно;13
28;weekend;13;0;10;Улица Академика Курчатова;0.01576263328697265;34;вероятно;13
28;weekend;13;0;11;Пехотная улица;0.03894297635605007;84;вероятно;13
28;weekend;13;0;12;Улица Панфилова;0.024571163653222067;53;вероятно;13
28;weekend;13;0;13;Университет «РОСБИОТЕХ»;0.004636068613815485;10;вероятно;13
28;weekend;13;0;14;Гидропроект;0.03291608715808994;71;вероятно;13
28;weekend;13;1;1;Метро «Сокол»;0.09921186833565136;214;вероятно;13
28;weekend;13;1;2;Гидропроект;0.07046824292999536;152;вероятно;13
28;weekend;13;1;3;Университет «РОСБИОТЕХ»;0.0449698655540102;97;вероятно;13
28;weekend;13;1;4;Улица Панфилова;0.056096430227167364;121;вероятно;13
28;weekend;13;1;5;Пехотная улица;0.02132591562355123;46;вероятно;13
28;weekend;13;1;6;Ул. Акад. Курчатова;0.01761706073249884;38;вероятно;13
28;weekend;13;1;7;Диспансер;0.019007881316643487;41;вероятно;13
28;weekend;13;1;8;Метро «Щукинская»;0.025498377375985166;55;вероятно;13
28;weekend;13;1;9;Медицинский центр имени Бурназяна;0.055632823365785816;120;вероятно;13
28;weekend;13;1;10;Детская п-ка;0.03013444598980065;65;вероятно;13
28;weekend;13;1;11;Живописная улица, 50;0.03477051460361613;75;вероятно;13
28;weekend;13;1;12;Ул. Рогова;0.02086230876216968;45;вероятно;13
28;weekend;13;1;13;Бассейн;0.011590171534538712;25;вероятно;13
28;weekend;13;1;14;Ул. Марш. Тухачевского;0.046824292999536395;101;вероятно;13
28;weekend;14;0;1;Проспект Маршала Жукова;0.07864554888039323;144;вероятно;14
28;weekend;14;0;2;Улица Маршала Тухачевского;0.030038230475150193;55;вероятно;14
28;weekend;14;0;3;Бассейн;0.018022938285090113;33;вероятно;14
28;weekend;14;0;4;Ул. Рогова;0.02403058438012015;44;вероятно;14
28;weekend;14;0;5;Живописная улица, 50;0.033315128345166575;61;вероятно;14
28;weekend;14;0;6;Детская поликлиника;0.06116876024030585;112;вероятно;14
28;weekend;14;0;7;Метро «Щукинская»;0.06444565811032223;118;вероятно;14
28;weekend;14;0;8;Диспансер;0.019115237575095576;35;вероятно;14
28;weekend;14;0;9;Покровское-Стрешнево;0.013653741125068269;25;вероятно;14
28;weekend;14;0;10;Улица Академика Курчатова;0.009284543965046422;17;вероятно;14
28;weekend;14;0;11;Пехотная улица;0.026215182960131075;48;вероятно;14
28;weekend;14;0;12;Улица Панфилова;0.01474604041507373;27;вероятно;14
28;weekend;14;0;13;Университет «РОСБИОТЕХ»;0.010922992900054615;20;вероятно;14
28;weekend;14;0;14;Гидропроект;0.026761332605133806;49;вероятно;14
28;weekend;14;1;1;Метро «Сокол»;0.09011469142545057;165;вероятно;14
28;weekend;14;1;2;Гидропроект;0.08629164391043145;158;вероятно;14
28;weekend;14;1;3;Университет «РОСБИОТЕХ»;0.0496996176952485;91;вероятно;14
28;weekend;14;1;4;Улица Панфилова;0.0480611687602403;88;вероятно;14
28;weekend;14;1;5;Пехотная улица;0.02075368651010377;38;вероятно;14
28;weekend;14;1;6;Ул. Акад. Курчатова;0.013107591480065538;24;вероятно;14
28;weekend;14;1;7;Диспансер;0.025669033315128344;47;вероятно;14
28;weekend;14;1;8;Метро «Щукинская»;0.02785363189513927;51;вероятно;14
28;weekend;14;1;9;Медицинский центр имени Бурназяна;0.06444565811032223;118;вероятно;14
28;weekend;14;1;10;Детская п-ка;0.030038230475150193;55;вероятно;14
28;weekend;14;1;11;Живописная улица, 50;0.03823047515019115;70;вероятно;14
28;weekend;14;1;12;Ул. Рогова;0.016384489350081924;30;вероятно;14
28;weekend;14;1;13;Бассейн;0.017476788640087382;32;вероятно;14
28;weekend;14;1;14;Ул. Марш. Тухачевского;0.04150737302020754;76;вероятно;14
28;weekend;15;0;1;Проспект Маршала Жукова;0.04477611940298507;96;вероятно;15
28;weekend;15;0;2;Улица Маршала Тухачевского;0.03311567164179104;71;вероятно;15
28;weekend;15;0;3;Бассейн;0.025652985074626867;55;вероятно;15
28;weekend;15;0;4;Ул. Рогова;0.02658582089552239;57;вероятно;15
28;weekend;15;0;5;Живописная улица, 50;0.034981343283582086;75;вероятно;15
28;weekend;15;0;6;Детская поликлиника;0.0960820895522388;206;вероятно;15
28;weekend;15;0;7;Метро «Щукинская»;0.11054104477611941;237;вероятно;15
28;weekend;15;0;8;Диспансер;0.029384328358208957;63;вероятно;15
28;weekend;15;0;9;Покровское-Стрешнево;0.022388059701492536;48;вероятно;15
28;weekend;15;0;10;Улица Академика Курчатова;0.010261194029850746;22;вероятно;15
28;weekend;15;0;11;Пехотная улица;0.02378731343283582;51;вероятно;15
28;weekend;15;0;12;Улица Панфилова;0.02378731343283582;51;вероятно;15
28;weekend;15;0;13;Университет «РОСБИОТЕХ»;0.010261194029850746;22;вероятно;15
28;weekend;15;0;14;Гидропроект;0.020988805970149255;45;вероятно;15
28;weekend;15;1;1;Метро «Сокол»;0.10074626865671642;216;вероятно;15
28;weekend;15;1;2;Гидропроект;0.07649253731343283;164;вероятно;15
28;weekend;15;1;3;Университет «РОСБИОТЕХ»;0.04151119402985075;89;вероятно;15
28;weekend;15;1;4;Улица Панфилова;0.049906716417910446;107;вероятно;15
28;weekend;15;1;5;Пехотная улица;0.0228544776119403;49;вероятно;15
28;weekend;15;1;6;Ул. Акад. Курчатова;0.013059701492537313;28;вероятно;15
28;weekend;15;1;7;Диспансер;0.027985074626865673;60;вероятно;15
28;weekend;15;1;8;Метро «Щукинская»;0.020988805970149255;45;вероятно;15
28;weekend;15;1;9;Медицинский центр имени Бурназяна;0.04011194029850746;86;вероятно;15
28;weekend;15;1;10;Детская п-ка;0.02751865671641791;59;вероятно;15
28;weekend;15;1;11;Живописная улица, 50;0.010261194029850746;22;вероятно;15
28;weekend;15;1;12;Ул. Рогова;0.014458955223880597;31;вероятно;15
28;weekend;15;1;13;Бассейн;0.017723880597014924;38;вероятно;15
28;weekend;15;1;14;Ул. Марш. Тухачевского;0.02378731343283582;51;вероятно;15
28;weekend;16;0;1;Проспект Маршала Жукова;0.0961248112732763;191;вероятно;16
28;weekend;16;0;2;Улица Маршала Тухачевского;0.038751887267237044;77;вероятно;16
28;weekend;16;0;3;Бассейн;0.02214393558127831;44;вероятно;16
28;weekend;16;0;4;Ул. Рогова;0.017614494212380472;35;вероятно;16
28;weekend;16;0;5;Живописная улица, 50;0.028183190739808756;56;вероятно;16
28;weekend;16;0;6;Детская поликлиника;0.07196779063915451;143;вероятно;16
28;weekend;16;0;7;Метро «Щукинская»;0.08454957221942627;168;вероятно;16
28;weekend;16;0;8;Диспансер;0.027679919476597887;55;вероятно;16
28;weekend;16;0;9;Покровское-Стрешнево;0.00805234021137393;16;вероятно;16
28;weekend;16;0;10;Улица Академика Курчатова;0.011575239053850024;23;вероятно;16
28;weekend;16;0;11;Пехотная улица;0.038751887267237044;77;вероятно;16
28;weekend;16;0;12;Улица Панфилова;0.024660291897332664;49;вероятно;16
28;weekend;16;0;13;Университет «РОСБИОТЕХ»;0.008555611474584801;17;вероятно;16
28;weekend;16;0;14;Гидропроект;0.03069954705586311;61;вероятно;16
28;weekend;16;1;1;Метро «Сокол»;0.09914443885254152;197;вероятно;16
28;weekend;16;1;2;Гидропроект;0.0770005032712632;153;вероятно;16
28;weekend;16;1;3;Университет «РОСБИОТЕХ»;0.055359838953195774;110;вероятно;16
28;weekend;16;1;4;Улица Панфилова;0.04881731253145445;97;вероятно;16
28;weekend;16;1;5;Пехотная улица;0.0206341217916457;41;вероятно;16
28;weekend;16;1;6;Ул. Акад. Курчатова;0.017614494212380472;35;вероятно;16
28;weekend;16;1;7;Диспансер;0.025666834423754403;51;вероятно;16
28;weekend;16;1;8;Метро «Щукинская»;0.012581781580271767;25;вероятно;16
28;weekend;16;1;9;Медицинский центр имени Бурназяна;0.021137393054856568;42;вероятно;16
28;weekend;16;1;10;Детская п-ка;0.02315047810770005;46;вероятно;16
28;weekend;16;1;11;Живописная улица, 50;0.019627579265223957;39;вероятно;16
28;weekend;16;1;12;Ул. Рогова;0.019124308002013084;38;вероятно;16
28;weekend;16;1;13;Бассейн;0.02214393558127831;44;вероятно;16
28;weekend;16;1;14;Ул. Марш. Тухачевского;0.02868646200301963;57;вероятно;16
28;weekend;17;0;1;Проспект Маршала Жукова;0.04807692307692308;110;вероятно;17
28;weekend;17;0;2;Улица Маршала Тухачевского;0.026223776223776224;60;вероятно;17
28;weekend;17;0;3;Бассейн;0.027534965034965036;63;вероятно;17
28;weekend;17;0;4;Ул. Рогова;0.040646853146853144;93;вероятно;17
28;weekend;17;0;5;Живописная улица, 50;0.03365384615384615;77;вероятно;17
28;weekend;17;0;6;Детская поликлиника;0.09134615384615384;209;вероятно;17
28;weekend;17;0;7;Метро «Щукинская»;0.07167832167832168;164;вероятно;17
28;weekend;17;0;8;Диспансер;0.024912587412587412;57;вероятно;17
28;weekend;17;0;9;Покровское-Стрешнево;0.030594405594405596;70;вероятно;17
28;weekend;17;0;10;Улица Академика Курчатова;0.016171328671328672;37;вероятно;17
28;weekend;17;0;11;Пехотная улица;0.032342657342657344;74;вероятно;17
28;weekend;17;0;12;Улица Панфилова;0.02054195804195804;47;вероятно;17
28;weekend;17;0;13;Университет «РОСБИОТЕХ»;0.019230769230769232;44;вероятно;17
28;weekend;17;0;14;Гидропроект;0.02403846153846154;55;вероятно;17
28;weekend;17;1;1;Метро «Сокол»;0.11407342657342658;261;вероятно;17
28;weekend;17;1;2;Гидропроект;0.055944055944055944;128;вероятно;17
28;weekend;17;1;3;Университет «РОСБИОТЕХ»;0.015734265734265736;36;вероятно;17
28;weekend;17;1;4;Улица Панфилова;0.0388986013986014;89;вероятно;17
28;weekend;17;1;5;Пехотная улица;0.02666083916083916;61;вероятно;17
28;weekend;17;1;6;Ул. Акад. Курчатова;0.027534965034965036;63;вероятно;17
28;weekend;17;1;7;Диспансер;0.022727272727272728;52;вероятно;17
28;weekend;17;1;8;Метро «Щукинская»;0.011363636363636364;26;вероятно;17
28;weekend;17;1;9;Медицинский центр имени Бурназяна;0.030157342657342656;69;вероятно;17
28;weekend;17;1;10;Детская п-ка;0.021416083916083916;49;вероятно;17
28;weekend;17;1;11;Живописная улица, 50;0.039335664335664336;90;вероятно;17
28;weekend;17;1;12;Ул. Рогова;0.03146853146853147;72;вероятно;17
28;weekend;17;1;13;Бассейн;0.027534965034965036;63;вероятно;17
28;weekend;17;1;14;Ул. Марш. Тухачевского;0.030157342657342656;69;вероятно;17
28;weekend;18;0;1;Проспект Маршала Жукова;0.05037919826652221;93;вероятно;18
28;weekend;18;0;2;Улица Маршала Тухачевского;0.02600216684723727;48;вероятно;18
28;weekend;18;0;3;Бассейн;0.018418201516793065;34;вероятно;18
28;weekend;18;0;4;Ул. Рогова;0.01895991332611051;35;вероятно;18
28;weekend;18;0;5;Живописная улица, 50;0.0276273022751896;51;вероятно;18
28;weekend;18;0;6;Детская поликлиника;0.06446370530877574;119;вероятно;18
28;weekend;18;0;7;Метро «Щукинская»;0.1094257854821235;202;вероятно;18
28;weekend;18;0;8;Диспансер;0.023835319609967497;44;вероятно;18
28;weekend;18;0;9;Покровское-Стрешнево;0.016251354279523293;30;вероятно;18
28;weekend;18;0;10;Улица Академика Курчатова;0.03954496208017335;73;вероятно;18
28;weekend;18;0;11;Пехотная улица;0.06446370530877574;119;вероятно;18
28;weekend;18;0;12;Улица Панфилова;0.013001083423618635;24;вероятно;18
28;weekend;18;0;13;Университет «РОСБИОТЕХ»;0.009209100758396533;17;вероятно;18
28;weekend;18;0;14;Гидропроект;0.027085590465872156;50;вероятно;18
28;weekend;18;1;1;Метро «Сокол»;0.09479956663055254;175;вероятно;18
28;weekend;18;1;2;Гидропроект;0.051462621885157094;95;вероятно;18
28;weekend;18;1;3;Университет «РОСБИОТЕХ»;0.027085590465872156;50;вероятно;18
28;weekend;18;1;4;Улица Панфилова;0.0552546045503792;102;вероятно;18
28;weekend;18;1;5;Пехотная улица;0.04279523293607801;79;вероятно;18
28;weekend;18;1;6;Ул. Акад. Курчатова;0.023835319609967497;44;вероятно;18
28;weekend;18;1;7;Диспансер;0.016793066088840736;31;вероятно;18
28;weekend;18;1;8;Метро «Щукинская»;0.015167930660888408;28;вероятно;18
28;weekend;18;1;9;Медицинский центр имени Бурназяна;0.03358613217768147;62;вероятно;18
28;weekend;18;1;10;Детская п-ка;0.027085590465872156;50;вероятно;18
28;weekend;18;1;11;Живописная улица, 50;0.009750812567713976;18;вероятно;18
28;weekend;18;1;12;Ул. Рогова;0.02112676056338028;39;вероятно;18
28;weekend;18;1;13;Бассейн;0.02437703141928494;45;вероятно;18
28;weekend;18;1;14;Ул. Марш. Тухачевского;0.048212351029252434;89;вероятно;18
28;weekend;19;0;1;Проспект Маршала Жукова;0.09035738368172623;134;вероятно;19
28;weekend;19;0;2;Улица Маршала Тухачевского;0.06877950101146325;102;вероятно;19
28;weekend;19;0;3;Бассейн;0.028320971004720162;42;вероятно;19
28;weekend;19;0;4;Ул. Рогова;0.02562373567093729;38;вероятно;19
28;weekend;19;0;5;Живописная улица, 50;0.020229265003371546;30;вероятно;19
28;weekend;19;0;6;Детская поликлиника;0.05866486850977748;87;вероятно;19
28;weekend;19;0;7;Метро «Щукинская»;0.049898853674983146;74;вероятно;19
28;weekend;19;0;8;Диспансер;0.01820633850303439;27;вероятно;19
28;weekend;19;0;9;Покровское-Стрешнево;0.006743088334457181;10;вероятно;19
28;weekend;19;0;10;Улица Академика Курчатова;0.027646662171274445;41;вероятно;19
28;weekend;19;0;11;Пехотная улица;0.05799055967633176;86;вероятно;19
28;weekend;19;0;12;Улица Панфилова;0.045178691840863115;67;вероятно;19
28;weekend;19;0;13;Университет «РОСБИОТЕХ»;0.012137559002022926;18;вероятно;19
28;weekend;19;0;14;Гидропроект;0.04383007417397168;65;вероятно;19
28;weekend;19;1;1;Метро «Сокол»;0.08766014834794336;130;вероятно;19
28;weekend;19;1;2;Гидропроект;0.037761294672960216;56;вероятно;19
28;weekend;19;1;3;Университет «РОСБИОТЕХ»;0.024275118004045852;36;вероятно;19
28;weekend;19;1;4;Улица Панфилова;0.03978422117329737;59;вероятно;19
28;weekend;19;1;5;Пехотная улица;0.014160485502360081;21;вероятно;19
28;weekend;19;1;6;Ул. Акад. Курчатова;0.031018206338503034;46;вероятно;19
28;weekend;19;1;7;Диспансер;0.02157788267026298;32;вероятно;19
28;weekend;19;1;8;Метро «Щукинская»;0.014160485502360081;21;вероятно;19
28;weekend;19;1;9;Медицинский центр имени Бурназяна;0.01820633850303439;27;вероятно;19
28;weekend;19;1;10;Детская п-ка;0.041132838840188805;61;вероятно;19
28;weekend;19;1;11;Живописная улица, 50;0.01078894133513149;16;вероятно;19
28;weekend;19;1;12;Ул. Рогова;0.03573836817262306;53;вероятно;19
28;weekend;19;1;13;Бассейн;0.019554956169925825;29;вероятно;19
28;weekend;19;1;14;Ул. Марш. Тухачевского;0.05057316250842886;75;вероятно;19
28;weekend;20;0;1;Проспект Маршала Жукова;0.07579672695951765;88;вероятно;20
28;weekend;20;0;2;Улица Маршала Тухачевского;0.07235142118863049;84;вероятно;20
28;weekend;20;0;3;Бассейн;0.025839793281653745;30;вероятно;20
28;weekend;20;0;4;Ул. Рогова;0.02153316106804479;25;вероятно;20
28;weekend;20;0;5;Живописная улица, 50;0.02239448751076658;26;вероятно;20
28;weekend;20;0;6;Детская поликлиника;0.03617571059431524;42;вероятно;20
28;weekend;20;0;7;Метро «Щукинская»;0.10852713178294573;126;вероятно;20
28;weekend;20;0;8;Диспансер;0.01119724375538329;13;вероятно;20
28;weekend;20;0;9;Покровское-Стрешнево;0.04220499569336779;49;вероятно;20
28;weekend;20;0;10;Улица Академика Курчатова;0.03273040482342808;38;вероятно;20
28;weekend;20;0;11;Пехотная улица;0.07665805340223945;89;вероятно;20
28;weekend;20;0;12;Улица Панфилова;0.053402239448751075;62;вероятно;20
28;weekend;20;0;13;Университет «РОСБИОТЕХ»;0.013781223083548665;16;вероятно;20
28;weekend;20;0;14;Гидропроект;0.03359173126614987;39;вероятно;20
28;weekend;20;1;1;Метро «Сокол»;0.05857019810508183;68;вероятно;20
28;weekend;20;1;2;Гидропроект;0.015503875968992248;18;вероятно;20
28;weekend;20;1;3;Университет «РОСБИОТЕХ»;0.008613264427217916;10;вероятно;20
28;weekend;20;1;4;Улица Панфилова;0.03617571059431524;42;вероятно;20
28;weekend;20;1;5;Пехотная улица;0.026701119724375538;31;вероятно;20
28;weekend;20;1;6;Ул. Акад. Курчатова;0.017226528854435832;20;вероятно;20
28;weekend;20;1;7;Диспансер;0.0068906115417743325;8;вероятно;20
28;weekend;20;1;8;Метро «Щукинская»;0.012058570198105082;14;вероятно;20
28;weekend;20;1;9;Медицинский центр имени Бурназяна;0.018949181739879414;22;вероятно;20
28;weekend;20;1;10;Детская п-ка;0.028423772609819122;33;вероятно;20
28;weekend;20;1;11;Живописная улица, 50;0.034453057708871665;40;вероятно;20
28;weekend;20;1;12;Ул. Рогова;0.02239448751076658;26;вероятно;20
28;weekend;20;1;13;Бассейн;0.026701119724375538;31;вероятно;20
28;weekend;20;1;14;Ул. Марш. Тухачевского;0.0611541774332472;71;вероятно;20
28;weekend;21;0;1;Проспект Маршала Жукова;0.08768472906403942;89;вероятно;21
28;weekend;21;0;2;Улица Маршала Тухачевского;0.014778325123152709;15;вероятно;21
28;weekend;21;0;3;Бассейн;0.017733990147783252;18;вероятно;21
28;weekend;21;0;4;Ул. Рогова;0.016748768472906402;17;вероятно;21
28;weekend;21;0;5;Живописная улица, 50;0.024630541871921183;25;вероятно;21
28;weekend;21;0;6;Детская поликлиника;0.04039408866995074;41;вероятно;21
28;weekend;21;0;7;Метро «Щукинская»;0.08472906403940887;86;вероятно;21
28;weekend;21;0;8;Диспансер;0.029556650246305417;30;вероятно;21
28;weekend;21;0;9;Покровское-Стрешнево;0.023645320197044337;24;вероятно;21
28;weekend;21;0;10;Улица Академика Курчатова;0.007881773399014778;8;вероятно;21
28;weekend;21;0;11;Пехотная улица;0.0896551724137931;91;вероятно;21
28;weekend;21;0;12;Улица Панфилова;0.07192118226600985;73;вероятно;21
28;weekend;21;0;13;Университет «РОСБИОТЕХ»;0.008866995073891626;9;вероятно;21
28;weekend;21;0;14;Гидропроект;0.04334975369458128;44;вероятно;21
28;weekend;21;1;1;Метро «Сокол»;0.07192118226600985;73;вероятно;21
28;weekend;21;1;2;Гидропроект;0.022660098522167486;23;вероятно;21
28;weekend;21;1;3;Университет «РОСБИОТЕХ»;0.0187192118226601;19;вероятно;21
28;weekend;21;1;4;Улица Панфилова;0.019704433497536946;20;вероятно;21
28;weekend;21;1;5;Пехотная улица;0.01083743842364532;11;вероятно;21
28;weekend;21;1;6;Ул. Акад. Курчатова;0.023645320197044337;24;вероятно;21
28;weekend;21;1;7;Диспансер;0.042364532019704436;43;вероятно;21
28;weekend;21;1;8;Метро «Щукинская»;0.003940886699507389;4;вероятно;21
28;weekend;21;1;9;Медицинский центр имени Бурназяна;0.011822660098522168;12;вероятно;21
28;weekend;21;1;10;Детская п-ка;0.05123152709359606;52;вероятно;21
28;weekend;21;1;11;Живописная улица, 50;0.0187192118226601;19;вероятно;21
28;weekend;21;1;12;Ул. Рогова;0.04039408866995074;41;вероятно;21
28;weekend;21;1;13;Бассейн;0.04630541871921182;47;вероятно;21
28;weekend;21;1;14;Ул. Марш. Тухачевского;0.0561576354679803;57;вероятно;21
28;weekend;22;0;1;Проспект Маршала Жукова;0.05491990846681922;24;вероятно;22
28;weekend;22;0;2;Улица Маршала Тухачевского;0.004576659038901602;2;вероятно;22
28;weekend;22;0;3;Бассейн;0.011441647597254004;5;вероятно;22
28;weekend;22;0;4;Ул. Рогова;0.02517162471395881;11;вероятно;22
28;weekend;22;0;5;Живописная улица, 50;0.018306636155606407;8;вероятно;22
28;weekend;22;0;6;Детская поликлиника;0.011441647597254004;5;вероятно;22
28;weekend;22;0;7;Метро «Щукинская»;0.05491990846681922;24;вероятно;22
28;weekend;22;0;8;Диспансер;0.013729977116704805;6;вероятно;22
28;weekend;22;0;9;Покровское-Стрешнево;0.04576659038901602;20;вероятно;22
28;weekend;22;0;10;Улица Академика Курчатова;0.002288329519450801;1;вероятно;22
28;weekend;22;0;11;Пехотная улица;0.02745995423340961;12;вероятно;22
28;weekend;22;0;12;Улица Панфилова;0.043478260869565216;19;вероятно;22
28;weekend;22;0;13;Университет «РОСБИОТЕХ»;0.011441647597254004;5;вероятно;22
28;weekend;22;0;14;Гидропроект;0.057208237986270026;25;вероятно;22
28;weekend;22;1;1;Метро «Сокол»;0.10068649885583524;44;вероятно;22
28;weekend;22;1;2;Гидропроект;0.029748283752860413;13;вероятно;22
28;weekend;22;1;3;Университет «РОСБИОТЕХ»;0.002288329519450801;1;вероятно;22
28;weekend;22;1;4;Улица Панфилова;0.034324942791762014;15;вероятно;22
28;weekend;22;1;5;Пехотная улица;0.02745995423340961;12;вероятно;22
28;weekend;22;1;6;Ул. Акад. Курчатова;0.036613272311212815;16;вероятно;22
28;weekend;22;1;7;Диспансер;0.018306636155606407;8;вероятно;22
28;weekend;22;1;8;Метро «Щукинская»;0.02288329519450801;10;вероятно;22
28;weekend;22;1;9;Медицинский центр имени Бурназяна;0.018306636155606407;8;вероятно;22
28;weekend;22;1;10;Детская п-ка;0.02517162471395881;11;вероятно;22
28;weekend;22;1;11;Живописная улица, 50;0.057208237986270026;25;вероятно;22
28;weekend;22;1;12;Ул. Рогова;0.034324942791762014;15;вероятно;22
28;weekend;22;1;13;Бассейн;0.09382151029748284;41;вероятно;22
28;weekend;22;1;14;Ул. Марш. Тухачевского;0.11670480549199085;51;вероятно;22
28;weekend;23;0;1;Проспект Маршала Жукова;0.1323529411764706;9;вероятно;23
28;weekend;23;0;4;Ул. Рогова;0.16176470588235295;11;вероятно;23
28;weekend;23;0;5;Живописная улица, 50;0.058823529411764705;4;вероятно;23
28;weekend;23;0;6;Детская поликлиника;0.058823529411764705;4;вероятно;23
28;weekend;23;0;7;Метро «Щукинская»;0.04411764705882353;3;вероятно;23
28;weekend;23;0;8;Диспансер;0.014705882352941176;1;вероятно;23
28;weekend;23;0;10;Улица Академика Курчатова;0.014705882352941176;1;вероятно;23
28;weekend;23;0;11;Пехотная улица;0.04411764705882353;3;вероятно;23
28;weekend;23;0;13;Университет «РОСБИОТЕХ»;0.014705882352941176;1;вероятно;23
28;weekend;23;0;14;Гидропроект;0.14705882352941177;10;вероятно;23
28;weekend;23;1;1;Метро «Сокол»;0.014705882352941176;1;вероятно;23
28;weekend;23;1;5;Пехотная улица;0.014705882352941176;1;вероятно;23
28;weekend;23;1;6;Ул. Акад. Курчатова;0.014705882352941176;1;вероятно;23
28;weekend;23;1;9;Медицинский центр имени Бурназяна;0.014705882352941176;1;вероятно;23
28;weekend;23;1;10;Детская п-ка;0.058823529411764705;4;вероятно;23
28;weekend;23;1;11;Живописная улица, 50;0.029411764705882353;2;вероятно;23
28;weekend;23;1;12;Ул. Рогова;0.029411764705882353;2;вероятно;23
28;weekend;23;1;13;Бассейн;0.10294117647058823;7;вероятно;23
28;weekend;23;1;14;Ул. Марш. Тухачевского;0.029411764705882353;2;вероятно;23
50;weekday;0;0;1;Д/к «Компрессор»;0.029574861367837338;16;вероятно;0
50;weekday;0;0;3;Метро «Авиамоторная»;0.0073937153419593345;4;вероятно;0
50;weekday;0;0;4;МЭИ;0.0073937153419593345;4;вероятно;0
50;weekday;0;0;5;Улица Лефортовский Вал;0.005545286506469501;3;вероятно;0
50;weekday;0;0;6;1-й Краснокурсантский проезд;0.0073937153419593345;4;вероятно;0
50;weekday;0;0;7;Лефортовский мост;0.014787430683918669;8;вероятно;0
50;weekday;0;0;8;Лефортовская набережная;0.0036968576709796672;2;вероятно;0
50;weekday;0;0;9;МГТУ имени Н.Э. Баумана;0.005545286506469501;3;вероятно;0
50;weekday;0;0;10;Аптекарский переулок;0.031423290203327174;17;вероятно;0
50;weekday;0;0;11;Метро «Бауманская»;0.0036968576709796672;2;вероятно;0
50;weekday;0;0;12;Басманный двор;0.0073937153419593345;4;вероятно;0
50;weekday;0;0;13;Поликлиника;0.009242144177449169;5;вероятно;0
50;weekday;0;0;15;Метро «Красносельская»;0.005545286506469501;3;вероятно;0
50;weekday;0;0;16;Метро «Комсомольская»;0.0036968576709796672;2;вероятно;0
50;weekday;0;0;17;МЦД Площадь трёх вокзалов;0.005545286506469501;3;вероятно;0
50;weekday;0;0;18;Каланчёвская улица;0.0036968576709796672;2;вероятно;0
50;weekday;0;0;19;Пантелеевская улица;0.0018484288354898336;1;вероятно;0
50;weekday;0;0;21;Ботанический переулок;0.0018484288354898336;1;вероятно;0
50;weekday;0;0;22;Метро «Проспект Мира»;0.0018484288354898336;1;вероятно;0
50;weekday;0;0;23;Спорткомплекс «Олимпийский»;0.0036968576709796672;2;вероятно;0
50;weekday;0;0;24;Ул. Гиляровского;0.0036968576709796672;2;вероятно;0
50;weekday;0;0;25;Улица Щепкина;0.009242144177449169;5;вероятно;0
50;weekday;0;0;26;Театр зверей им. Дурова;0.0018484288354898336;1;вероятно;0
50;weekday;0;0;27;Самотёчная улица;0.0073937153419593345;4;вероятно;0
50;weekday;0;0;28;4-й Самотёчный переулок;0.005545286506469501;3;вероятно;0
50;weekday;0;0;31;Площадь Борьбы;0.011090573012939002;6;вероятно;0
50;weekday;0;0;32;МИИТ;0.0018484288354898336;1;вероятно;0
50;weekday;0;0;33;Ул. Образцова;0.005545286506469501;3;вероятно;0
50;weekday;0;0;34;Д/к МИИТ - Еврейский Музей и Центр толерантности;0.0073937153419593345;4;вероятно;0
50;weekday;0;0;35;Минаевский пер.;0.005545286506469501;3;вероятно;0
50;weekday;0;0;36;Тихвинский пер.;0.0036968576709796672;2;вероятно;0
50;weekday;0;0;37;Улица Палиха;0.009242144177449169;5;вероятно;0
50;weekday;0;0;38;Метро «Менделеевская»;0.014787430683918669;8;вероятно;0
50;weekday;0;0;39;Метро «Новослободская»;0.06839186691312385;37;вероятно;0
50;weekday;0;1;1;Метро «Новослободская»;0.009242144177449169;5;вероятно;0
50;weekday;0;1;2;Метро «Новослободская»;0.0018484288354898336;1;вероятно;0
50;weekday;0;1;3;Метро «Менделеевская»;0.0036968576709796672;2;вероятно;0
50;weekday;0;1;4;Улица Палиха;0.0018484288354898336;1;вероятно;0
50;weekday;0;1;5;Тихвинский пер.;0.0036968576709796672;2;вероятно;0
50;weekday;0;1;6;Минаевский пер.;0.0036968576709796672;2;вероятно;0
50;weekday;0;1;8;Улица Образцова;0.0036968576709796672;2;вероятно;0
50;weekday;0;1;9;МИИТ;0.0018484288354898336;1;вероятно;0
50;weekday;0;1;10;Площадь Борьбы;0.0018484288354898336;1;вероятно;0
50;weekday;0;1;11;Улица Достоевского;0.0018484288354898336;1;вероятно;0
50;weekday;0;1;12;Селезнёвская улица;0.0073937153419593345;4;вероятно;0
50;weekday;0;1;13;4-й Самотёчный переулок;0.014787430683918669;8;вероятно;0
50;weekday;0;1;14;Самотёчная улица;0.02033271719038817;11;вероятно;0
50;weekday;0;1;15;Театр зверей имени Дурова;0.02033271719038817;11;вероятно;0
50;weekday;0;1;16;Улица Щепкина;0.0073937153419593345;4;вероятно;0
50;weekday;0;1;17;Ул. Гиляровского;0.005545286506469501;3;вероятно;0
50;weekday;0;1;18;Спорткомплекс «Олимпийский»;0.005545286506469501;3;вероятно;0
50;weekday;0;1;19;Метро «Проспект Мира»;0.0036968576709796672;2;вероятно;0
50;weekday;0;1;20;Ботанический переулок;0.022181146025878003;12;вероятно;0
50;weekday;0;1;21;Астраханский переулок;0.0036968576709796672;2;вероятно;0
50;weekday;0;1;22;Пантелеевская улица;0.0073937153419593345;4;вероятно;0
50;weekday;0;1;23;Каланчёвская улица;0.009242144177449169;5;вероятно;0
50;weekday;0;1;24;МЦД Площадь трёх вокзалов;0.012939001848428836;7;вероятно;0
50;weekday;0;1;25;Метро «Комсомольская»;0.0018484288354898336;1;вероятно;0
50;weekday;0;1;26;Метро «Красносельская»;0.012939001848428836;7;вероятно;0
50;weekday;0;1;27;Нижняя Красносельская улица;0.0036968576709796672;2;вероятно;0
50;weekday;0;1;28;Ольховская улица;0.0073937153419593345;4;вероятно;0
50;weekday;0;1;29;Поликлиника;0.005545286506469501;3;вероятно;0
50;weekday;0;1;30;Басманный двор;0.012939001848428836;7;вероятно;0
50;weekday;0;1;31;Метро «Бауманская»;0.029574861367837338;16;вероятно;0
50;weekday;0;1;32;Аптекарский переулок;0.022181146025878003;12;вероятно;0
50;weekday;0;1;33;МГТУ имени Н.Э. Баумана;0.04251386321626617;23;вероятно;0
50;weekday;0;1;34;Лефортовская наб.;0.04251386321626617;23;вероятно;0
50;weekday;0;1;35;Лефортовский мост;0.025878003696857672;14;вероятно;0
50;weekday;0;1;36;1-й Краснокурсантский проезд;0.036968576709796676;20;вероятно;0
50;weekday;0;1;37;Улица Лефортовский Вал;0.014787430683918669;8;вероятно;0
50;weekday;0;1;38;МЭИ;0.036968576709796676;20;вероятно;0
50;weekday;0;1;39;Метро «Авиамоторная»;0.04990757855822551;27;вероятно;0
50;weekday;0;1;40;Метро «Авиамоторная»;0.1645101663585952;89;вероятно;0
50;weekday;1;0;23;Спорткомплекс «Олимпийский»;0.022727272727272728;1;вероятно;1
50;weekday;1;0;26;Театр зверей им. Дурова;0.045454545454545456;2;вероятно;1
50;weekday;1;0;30;Улица Достоевского;0.045454545454545456;2;вероятно;1
50;weekday;1;0;31;Площадь Борьбы;0.022727272727272728;1;вероятно;1
50;weekday;1;0;32;МИИТ;0.022727272727272728;1;вероятно;1
50;weekday;1;0;38;Метро «Менделеевская»;0.022727272727272728;1;вероятно;1
50;weekday;1;0;39;Метро «Новослободская»;0.3181818181818182;14;вероятно;1
50;weekday;1;1;1;Метро «Новослободская»;0.022727272727272728;1;вероятно;1
50;weekday;1;1;34;Лефортовская наб.;0.11363636363636363;5;вероятно;1
50;weekday;1;1;36;1-й Краснокурсантский проезд;0.022727272727272728;1;вероятно;1
50;weekday;1;1;37;Улица Лефортовский Вал;0.022727272727272728;1;вероятно;1
50;weekday;1;1;38;МЭИ;0.022727272727272728;1;вероятно;1
50;weekday;1;1;40;Метро «Авиамоторная»;0.29545454545454547;13;вероятно;1
50;weekday;2;0;23;Спорткомплекс «Олимпийский»;0.022727272727272728;1;вероятно;1
50;weekday;2;0;26;Театр зверей им. Дурова;0.045454545454545456;2;вероятно;1
50;weekday;2;0;30;Улица Достоевского;0.045454545454545456;2;вероятно;1
50;weekday;2;0;31;Площадь Борьбы;0.022727272727272728;1;вероятно;1
50;weekday;2;0;32;МИИТ;0.022727272727272728;1;вероятно;1
50;weekday;2;0;38;Метро «Менделеевская»;0.022727272727272728;1;вероятно;1
50;weekday;2;0;39;Метро «Новослободская»;0.3181818181818182;14;вероятно;1
50;weekday;2;1;1;Метро «Новослободская»;0.022727272727272728;1;вероятно;1
50;weekday;2;1;34;Лефортовская наб.;0.11363636363636363;5;вероятно;1
50;weekday;2;1;36;1-й Краснокурсантский проезд;0.022727272727272728;1;вероятно;1
50;weekday;2;1;37;Улица Лефортовский Вал;0.022727272727272728;1;вероятно;1
50;weekday;2;1;38;МЭИ;0.022727272727272728;1;вероятно;1
50;weekday;2;1;40;Метро «Авиамоторная»;0.29545454545454547;13;вероятно;1
50;weekday;3;0;1;Д/к «Компрессор»;0.5102040816326531;25;вероятно;4
50;weekday;3;0;2;Метро «Авиамоторная»;0.10204081632653061;5;вероятно;4
50;weekday;3;0;4;МЭИ;0.02040816326530612;1;вероятно;4
50;weekday;3;0;6;1-й Краснокурсантский проезд;0.02040816326530612;1;вероятно;4
50;weekday;3;0;9;МГТУ имени Н.Э. Баумана;0.02040816326530612;1;вероятно;4
50;weekday;3;0;11;Метро «Бауманская»;0.02040816326530612;1;вероятно;4
50;weekday;3;0;39;Метро «Новослободская»;0.02040816326530612;1;вероятно;4
50;weekday;3;1;1;Метро «Новослободская»;0.14285714285714285;7;вероятно;4
50;weekday;3;1;3;Метро «Менделеевская»;0.02040816326530612;1;вероятно;4
50;weekday;3;1;4;Улица Палиха;0.04081632653061224;2;вероятно;4
50;weekday;3;1;5;Тихвинский пер.;0.02040816326530612;1;вероятно;4
50;weekday;3;1;7;Дом культуры МИИТ - Еврейский музей и центр толерантности;0.02040816326530612;1;вероятно;4
50;weekday;3;1;8;Улица Образцова;0.02040816326530612;1;вероятно;4
50;weekday;3;1;10;Площадь Борьбы;0.02040816326530612;1;вероятно;4
50;weekday;4;0;1;Д/к «Компрессор»;0.5102040816326531;25;вероятно;4
50;weekday;4;0;2;Метро «Авиамоторная»;0.10204081632653061;5;вероятно;4
50;weekday;4;0;4;МЭИ;0.02040816326530612;1;вероятно;4
50;weekday;4;0;6;1-й Краснокурсантский проезд;0.02040816326530612;1;вероятно;4
50;weekday;4;0;9;МГТУ имени Н.Э. Баумана;0.02040816326530612;1;вероятно;4
50;weekday;4;0;11;Метро «Бауманская»;0.02040816326530612;1;вероятно;4
50;weekday;4;0;39;Метро «Новослободская»;0.02040816326530612;1;вероятно;4
50;weekday;4;1;1;Метро «Новослободская»;0.14285714285714285;7;вероятно;4
50;weekday;4;1;3;Метро «Менделеевская»;0.02040816326530612;1;вероятно;4
50;weekday;4;1;4;Улица Палиха;0.04081632653061224;2;вероятно;4
50;weekday;4;1;5;Тихвинский пер.;0.02040816326530612;1;вероятно;4
50;weekday;4;1;7;Дом культуры МИИТ - Еврейский музей и центр толерантности;0.02040816326530612;1;вероятно;4
50;weekday;4;1;8;Улица Образцова;0.02040816326530612;1;вероятно;4
50;weekday;4;1;10;Площадь Борьбы;0.02040816326530612;1;вероятно;4
50;weekday;5;0;1;Д/к «Компрессор»;0.1400359066427289;156;вероятно;5
50;weekday;5;0;2;Метро «Авиамоторная»;0.03500897666068223;39;вероятно;5
50;weekday;5;0;3;Метро «Авиамоторная»;0.07719928186714542;86;вероятно;5
50;weekday;5;0;4;МЭИ;0.07809694793536805;87;вероятно;5
50;weekday;5;0;5;Улица Лефортовский Вал;0.03500897666068223;39;вероятно;5
50;weekday;5;0;6;1-й Краснокурсантский проезд;0.010771992818671455;12;вероятно;5
50;weekday;5;0;7;Лефортовский мост;0.009874326750448833;11;вероятно;5
50;weekday;5;0;8;Лефортовская набережная;0.027827648114901255;31;вероятно;5
50;weekday;5;0;9;МГТУ имени Н.Э. Баумана;0.027827648114901255;31;вероятно;5
50;weekday;5;0;10;Аптекарский переулок;0.018850987432675045;21;вероятно;5
50;weekday;5;0;11;Метро «Бауманская»;0.03411131059245961;38;вероятно;5
50;weekday;5;0;12;Басманный двор;0.025134649910233394;28;вероятно;5
50;weekday;5;0;13;Поликлиника;0.04757630161579892;53;вероятно;5
50;weekday;5;0;14;Ольховская улица;0.02333931777378815;26;вероятно;5
50;weekday;5;0;15;Метро «Красносельская»;0.07719928186714542;86;вероятно;5
50;weekday;5;0;16;Метро «Комсомольская»;0.07001795332136446;78;вероятно;5
50;weekday;5;0;17;МЦД Площадь трёх вокзалов;0.013464991023339317;15;вероятно;5
50;weekday;5;0;18;Каланчёвская улица;0.026032315978456014;29;вероятно;5
50;weekday;5;0;19;Пантелеевская улица;0.01615798922800718;18;вероятно;5
50;weekday;5;0;20;Астраханский переулок;0.00807899461400359;9;вероятно;5
50;weekday;5;0;21;Ботанический переулок;0.009874326750448833;11;вероятно;5
50;weekday;5;0;22;Метро «Проспект Мира»;0.013464991023339317;15;вероятно;5
50;weekday;5;0;23;Спорткомплекс «Олимпийский»;0.017055655296229804;19;вероятно;5
50;weekday;5;0;24;Ул. Гиляровского;0.0008976660682226212;1;вероятно;5
50;weekday;5;0;25;Улица Щепкина;0.009874326750448833;11;вероятно;5
50;weekday;5;0;26;Театр зверей им. Дурова;0.005385996409335727;6;вероятно;5
50;weekday;5;1;1;Метро «Новослободская»;0.01436265709156194;16;вероятно;5
50;weekday;5;1;2;Метро «Новослободская»;0.0017953321364452424;2;вероятно;5
50;weekday;5;1;4;Улица Палиха;0.003590664272890485;4;вероятно;5
50;weekday;5;1;5;Тихвинский пер.;0.003590664272890485;4;вероятно;5
50;weekday;5;1;6;Минаевский пер.;0.0026929982046678637;3;вероятно;5
50;weekday;5;1;7;Дом культуры МИИТ - Еврейский музей и центр толерантности;0.0017953321364452424;2;вероятно;5
50;weekday;5;1;8;Улица Образцова;0.0026929982046678637;3;вероятно;5
50;weekday;5;1;9;МИИТ;0.0008976660682226212;1;вероятно;5
50;weekday;5;1;10;Площадь Борьбы;0.0026929982046678637;3;вероятно;5
50;weekday;5;1;11;Улица Достоевского;0.005385996409335727;6;вероятно;5
50;weekday;5;1;12;Селезнёвская улица;0.0017953321364452424;2;вероятно;5
50;weekday;5;1;13;4-й Самотёчный переулок;0.0017953321364452424;2;вероятно;5
50;weekday;5;1;14;Самотёчная улица;0.004488330341113106;5;вероятно;5
50;weekday;5;1;15;Театр зверей имени Дурова;0.0008976660682226212;1;вероятно;5
50;weekday;5;1;16;Улица Щепкина;0.0017953321364452424;2;вероятно;5
50;weekday;5;1;17;Ул. Гиляровского;0.008976660682226212;10;вероятно;5
50;weekday;5;1;18;Спорткомплекс «Олимпийский»;0.013464991023339317;15;вероятно;5
50;weekday;5;1;19;Метро «Проспект Мира»;0.0008976660682226212;1;вероятно;5
50;weekday;5;1;20;Ботанический переулок;0.0008976660682226212;1;вероятно;5
50;weekday;5;1;22;Пантелеевская улица;0.0008976660682226212;1;вероятно;5
50;weekday;5;1;23;Каланчёвская улица;0.0008976660682226212;1;вероятно;5
50;weekday;5;1;24;МЦД Площадь трёх вокзалов;0.0017953321364452424;2;вероятно;5
50;weekday;5;1;25;Метро «Комсомольская»;0.0026929982046678637;3;вероятно;5
50;weekday;5;1;26;Метро «Красносельская»;0.00807899461400359;9;вероятно;5
50;weekday;5;1;28;Ольховская улица;0.0017953321364452424;2;вероятно;5
50;weekday;5;1;30;Басманный двор;0.003590664272890485;4;вероятно;5
50;weekday;5;1;31;Метро «Бауманская»;0.0017953321364452424;2;вероятно;5
50;weekday;5;1;34;Лефортовская наб.;0.003590664272890485;4;вероятно;5
50;weekday;5;1;35;Лефортовский мост;0.0017953321364452424;2;вероятно;5
50;weekday;5;1;36;1-й Краснокурсантский проезд;0.0017953321364452424;2;вероятно;5
50;weekday;5;1;37;Улица Лефортовский Вал;0.0008976660682226212;1;вероятно;5
50;weekday;5;1;38;МЭИ;0.00807899461400359;9;вероятно;5
50;weekday;5;1;39;Метро «Авиамоторная»;0.0026929982046678637;3;вероятно;5
50;weekday;5;1;40;Метро «Авиамоторная»;0.026929982046678635;30;вероятно;5
50;weekday;6;0;1;Д/к «Компрессор»;0.025048418334409295;194;вероятно;6
50;weekday;6;0;2;Метро «Авиамоторная»;0.007359586830213041;57;вероятно;6
50;weekday;6;0;3;Метро «Авиамоторная»;0.01988379599741769;154;вероятно;6
50;weekday;6;0;4;МЭИ;0.018850871530019367;146;вероятно;6
50;weekday;6;0;5;Улица Лефортовский Вал;0.017947062621045836;139;вероятно;6
50;weekday;6;0;6;1-й Краснокурсантский проезд;0.009812782440284055;76;вероятно;6
50;weekday;6;0;7;Лефортовский мост;0.017430600387346677;135;вероятно;6
50;weekday;6;0;8;Лефортовская набережная;0.02014202711426727;156;вероятно;6
50;weekday;6;0;9;МГТУ имени Н.Э. Баумана;0.018850871530019367;146;вероятно;6
50;weekday;6;0;10;Аптекарский переулок;0.027243382827630728;211;вероятно;6
50;weekday;6;0;11;Метро «Бауманская»;0.017817947062621044;138;вероятно;6
50;weekday;6;0;12;Басманный двор;0.022336991607488702;173;вероятно;6
50;weekday;6;0;13;Поликлиника;0.016268560361523562;126;вероятно;6
50;weekday;6;0;14;Ольховская улица;0.022466107165913494;174;вероятно;6
50;weekday;6;0;15;Метро «Красносельская»;0.04673983214977405;362;вероятно;6
50;weekday;6;0;16;Метро «Комсомольская»;0.03460296965784377;268;вероятно;6
50;weekday;6;0;17;МЦД Площадь трёх вокзалов;0.02918011620400258;226;вероятно;6
50;weekday;6;0;18;Каланчёвская улица;0.025823111684958037;200;вероятно;6
50;weekday;6;0;19;Пантелеевская улица;0.018076178179470628;140;вероятно;6
50;weekday;6;0;20;Астраханский переулок;0.015235635894125242;118;вероятно;6
50;weekday;6;0;21;Ботанический переулок;0.010071013557133635;78;вероятно;6
50;weekday;6;0;22;Метро «Проспект Мира»;0.021562298256939963;167;вероятно;6
50;weekday;6;0;23;Спорткомплекс «Олимпийский»;0.024919302775984507;193;вероятно;6
50;weekday;6;0;24;Ул. Гиляровского;0.012265978050355068;95;вероятно;6
50;weekday;6;0;25;Улица Щепкина;0.01962556488056811;152;вероятно;6
50;weekday;6;0;26;Театр зверей им. Дурова;0.037314396384764366;289;вероятно;6
50;weekday;6;0;27;Самотёчная улица;0.0316333118140736;245;вероятно;6
50;weekday;6;0;28;4-й Самотёчный переулок;0.014202711426726921;110;вероятно;6
50;weekday;6;0;29;Селезнёвская улица;0.009683666881859263;75;вероятно;6
50;weekday;6;0;30;Улица Достоевского;0.015235635894125242;118;вероятно;6
50;weekday;6;0;31;Площадь Борьбы;0.02169141381536475;168;вероятно;6
50;weekday;6;0;32;МИИТ;0.024919302775984507;193;вероятно;6
50;weekday;6;0;33;Ул. Образцова;0.02169141381536475;168;вероятно;6
50;weekday;6;0;34;Д/к МИИТ - Еврейский Музей и Центр толерантности;0.008779857972885732;68;вероятно;6
50;weekday;6;0;35;Минаевский пер.;0.019496449322143318;151;вероятно;6
50;weekday;6;0;36;Тихвинский пер.;0.012136862491930278;94;вероятно;6
50;weekday;6;0;37;Улица Палиха;0.021820529373789543;169;вероятно;6
50;weekday;6;0;38;Метро «Менделеевская»;0.023369916074887025;181;вероятно;6
50;weekday;6;0;39;Метро «Новослободская»;0.028921885087153;224;вероятно;6
50;weekday;6;1;1;Метро «Новослободская»;0.0316333118140736;245;вероятно;6
50;weekday;6;1;2;Метро «Новослободская»;0.012265978050355068;95;вероятно;6
50;weekday;6;1;3;Метро «Менделеевская»;0.007746933505487412;60;вероятно;6
50;weekday;6;1;4;Улица Палиха;0.010716591349257586;83;вероятно;6
50;weekday;6;1;5;Тихвинский пер.;0.007488702388637831;58;вероятно;6
50;weekday;6;1;6;Минаевский пер.;0.0071013557133634605;55;вероятно;6
50;weekday;6;1;7;Дом культуры МИИТ - Еврейский музей и центр толерантности;0.008005164622336991;62;вероятно;6
50;weekday;6;1;8;Улица Образцова;0.009554551323434473;74;вероятно;6
50;weekday;6;1;9;МИИТ;0.0071013557133634605;55;вероятно;6
50;weekday;6;1;10;Площадь Борьбы;0.005939315687540349;46;вероятно;6
50;weekday;6;1;11;Улица Достоевского;0.009425435765009683;73;вероятно;6
50;weekday;6;1;12;Селезнёвская улица;0.00697224015493867;54;вероятно;6
50;weekday;6;1;13;4-й Самотёчный переулок;0.0030987734021949644;24;вероятно;6
50;weekday;6;1;14;Самотёчная улица;0.003357004519044545;26;вероятно;6
50;weekday;6;1;15;Театр зверей имени Дурова;0.001936733376371853;15;вероятно;6
50;weekday;6;1;16;Улица Щепкина;0.002194964493221433;17;вероятно;6
50;weekday;6;1;17;Ул. Гиляровского;0.0009038089089735313;7;вероятно;6
50;weekday;6;1;18;Спорткомплекс «Олимпийский»;0.003486120077469335;27;вероятно;6
50;weekday;6;1;19;Метро «Проспект Мира»;0.002065848934796643;16;вероятно;6
50;weekday;6;1;20;Ботанический переулок;0.0016785022595222725;13;вероятно;6
50;weekday;6;1;21;Астраханский переулок;0.004648160103292447;36;вероятно;6
50;weekday;6;1;22;Пантелеевская улица;0.007746933505487412;60;вероятно;6
50;weekday;6;1;23;Каланчёвская улица;0.0015493867010974822;12;вероятно;6
50;weekday;6;1;24;МЦД Площадь трёх вокзалов;0.0005164622336991608;4;вероятно;6
50;weekday;6;1;26;Метро «Красносельская»;0.0007746933505487411;6;вероятно;6
50;weekday;6;1;27;Нижняя Красносельская улица;0.0011620400258231117;9;вероятно;6
50;weekday;6;1;29;Поликлиника;0.0001291155584247902;1;вероятно;6
50;weekday;6;1;31;Метро «Бауманская»;0.0001291155584247902;1;вероятно;6
50;weekday;6;1;32;Аптекарский переулок;0.00038734667527437055;3;вероятно;6
50;weekday;6;1;34;Лефортовская наб.;0.0009038089089735313;7;вероятно;6
50;weekday;6;1;38;МЭИ;0.0024531956100710137;19;вероятно;6
50;weekday;6;1;39;Метро «Авиамоторная»;0.010587475790832796;82;вероятно;6
50;weekday;6;1;40;Метро «Авиамоторная»;0.015881213686249195;123;вероятно;6
50;weekday;7;0;1;Д/к «Компрессор»;0.004965474435565211;128;вероятно;7
50;weekday;7;0;2;Метро «Авиамоторная»;0.0014353324540305687;37;вероятно;7
50;weekday;7;0;3;Метро «Авиамоторная»;0.00508185274264877;131;вероятно;7
50;weekday;7;0;4;МЭИ;0.006206843044456513;160;вероятно;7
50;weekday;7;0;5;Улица Лефортовский Вал;0.0053921948948715956;139;вероятно;7
50;weekday;7;0;6;1-й Краснокурсантский проезд;0.002560322755838312;66;вероятно;7
50;weekday;7;0;7;Лефортовский мост;0.0032973853673675226;85;вероятно;7
50;weekday;7;0;8;Лефортовская набережная;0.006090464737372954;157;вероятно;7
50;weekday;7;0;9;МГТУ имени Н.Э. Баумана;0.005857708123205834;151;вероятно;7
50;weekday;7;0;10;Аптекарский переулок;0.003181007060283963;82;вероятно;7
50;weekday;7;0;11;Метро «Бауманская»;0.004965474435565211;128;вероятно;7
50;weekday;7;0;12;Басманный двор;0.0042672045930638525;110;вероятно;7
50;weekday;7;0;13;Поликлиника;0.002599115524866165;67;вероятно;7
50;weekday;7;0;14;Ольховская улица;0.0025215299868104587;65;вероятно;7
50;weekday;7;0;15;Метро «Красносельская»;0.004965474435565211;128;вероятно;7
50;weekday;7;0;16;Метро «Комсомольская»;0.0025215299868104587;65;вероятно;7
50;weekday;7;0;17;МЦД Площадь трёх вокзалов;0.0030646287532004033;79;вероятно;7
50;weekday;7;0;18;Каланчёвская улица;0.006129257506400807;158;вероятно;7
50;weekday;7;0;19;Пантелеевская улица;0.002637908293894018;68;вероятно;7
50;weekday;7;0;20;Астраханский переулок;0.0013577469159748623;35;вероятно;7
50;weekday;7;0;21;Ботанический переулок;0.0017068818372255412;44;вероятно;7
50;weekday;7;0;22;Метро «Проспект Мира»;0.0038404841337574677;99;вероятно;7
50;weekday;7;0;23;Спорткомплекс «Олимпийский»;0.0013965396850027156;36;вероятно;7
50;weekday;7;0;24;Ул. Гиляровского;0.0011637830708355963;30;вероятно;7
50;weekday;7;0;25;Улица Щепкина;0.002754286600977578;71;вероятно;7
50;weekday;7;0;26;Театр зверей им. Дурова;0.003762898595701761;97;вероятно;7
50;weekday;7;0;27;Самотёчная улица;0.00519823104973233;134;вероятно;7
50;weekday;7;0;28;4-й Самотёчный переулок;0.002948250446116844;76;вероятно;7
50;weekday;7;0;29;Селезнёвская улица;0.003956862440841027;102;вероятно;7
50;weekday;7;0;30;Улица Достоевского;0.005430987663899449;140;вероятно;7
50;weekday;7;0;31;Площадь Борьбы;0.007176662270152843;185;вероятно;7
50;weekday;7;0;32;МИИТ;0.010047327178213982;259;вероятно;7
50;weekday;7;0;33;Ул. Образцова;0.007719761036542788;199;вероятно;7
50;weekday;7;0;34;Д/к МИИТ - Еврейский Музей и Центр толерантности;0.00411203351695244;106;вероятно;7
50;weekday;7;0;35;Минаевский пер.;0.006478392427651486;167;вероятно;7
50;weekday;7;0;36;Тихвинский пер.;0.009155093490573358;236;вероятно;7
50;weekday;7;0;37;Улица Палиха;0.01920242066878734;495;вероятно;7
50;weekday;7;0;38;Метро «Менделеевская»;0.026767010629218713;690;вероятно;7
50;weekday;7;0;39;Метро «Новослободская»;0.01617658468461479;417;вероятно;7
50;weekday;7;1;1;Метро «Новослободская»;0.06090464737372954;1570;вероятно;7
50;weekday;7;1;2;Метро «Новослободская»;0.037628985957017615;970;вероятно;7
50;weekday;7;1;3;Метро «Менделеевская»;0.04069361471021801;1049;вероятно;7
50;weekday;7;1;4;Улица Палиха;0.02855147800449996;736;вероятно;7
50;weekday;7;1;5;Тихвинский пер.;0.014896423306695631;384;вероятно;7
50;weekday;7;1;6;Минаевский пер.;0.01062921871363178;274;вероятно;7
50;weekday;7;1;7;Дом культуры МИИТ - Еврейский музей и центр толерантности;0.011676623477383815;301;вероятно;7
50;weekday;7;1;8;Улица Образцова;0.019551555590038017;504;вероятно;7
50;weekday;7;1;9;МИИТ;0.018038637597951743;465;вероятно;7
50;weekday;7;1;10;Площадь Борьбы;0.01536193653502987;396;вероятно;7
50;weekday;7;1;11;Улица Достоевского;0.020637753122817907;532;вероятно;7
50;weekday;7;1;12;Селезнёвская улица;0.016836061758088293;434;вероятно;7
50;weekday;7;1;13;4-й Самотёчный переулок;0.014120567926138567;364;вероятно;7
50;weekday;7;1;14;Самотёчная улица;0.017689502676701063;456;вероятно;7
50;weekday;7;1;15;Театр зверей имени Дурова;0.02152998681045853;555;вероятно;7
50;weekday;7;1;16;Улица Щепкина;0.015090387151834897;389;вероятно;7
50;weekday;7;1;17;Ул. Гиляровского;0.021452401272402825;553;вероятно;7
50;weekday;7;1;18;Спорткомплекс «Олимпийский»;0.018038637597951743;465;вероятно;7
50;weekday;7;1;19;Метро «Проспект Мира»;0.019706726666149428;508;вероятно;7
50;weekday;7;1;20;Ботанический переулок;0.012064551167662347;311;вероятно;7
50;weekday;7;1;21;Астраханский переулок;0.011288695787105283;291;вероятно;7
50;weekday;7;1;22;Пантелеевская улица;0.014004189619055009;361;вероятно;7
50;weekday;7;1;23;Каланчёвская улица;0.02936612615408488;757;вероятно;7
50;weekday;7;1;24;МЦД Площадь трёх вокзалов;0.028706649080611372;740;вероятно;7
50;weekday;7;1;25;Метро «Комсомольская»;0.029792846613391263;768;вероятно;7
50;weekday;7;1;26;Метро «Красносельская»;0.03471952827992862;895;вероятно;7
50;weekday;7;1;27;Нижняя Красносельская улица;0.010784389789743191;278;вероятно;7
50;weekday;7;1;28;Ольховская улица;0.014469702847389247;373;вероятно;7
50;weekday;7;1;29;Поликлиника;0.016603305143921172;428;вероятно;7
50;weekday;7;1;30;Басманный двор;0.02831872139033284;730;вероятно;7
50;weekday;7;1;31;Метро «Бауманская»;0.026417875707968035;681;вероятно;7
50;weekday;7;1;32;Аптекарский переулок;0.023896345721157577;616;вероятно;7
50;weekday;7;1;33;МГТУ имени Н.Э. Баумана;0.015866242532391963;409;вероятно;7
50;weekday;7;1;34;Лефортовская наб.;0.01788346652184033;461;вероятно;7
50;weekday;7;1;35;Лефортовский мост;0.01256885716502444;324;вероятно;7
50;weekday;7;1;36;1-й Краснокурсантский проезд;0.005120645511676624;132;вероятно;7
50;weekday;7;1;37;Улица Лефортовский Вал;0.006749941810846458;174;вероятно;7
50;weekday;7;1;38;МЭИ;0.01016370548529754;262;вероятно;7
50;weekday;7;1;39;Метро «Авиамоторная»;0.005586158740010862;144;вероятно;7
50;weekday;7;1;40;Метро «Авиамоторная»;0.004499961207230972;116;вероятно;7
50;weekday;8;0;1;Д/к «Компрессор»;0.07199301771518883;3052;вероятно;8
50;weekday;8;0;2;Метро «Авиамоторная»;0.048357040077371266;2050;вероятно;8
50;weekday;8;0;3;Метро «Авиамоторная»;0.051635883282617416;2189;вероятно;8
50;weekday;8;0;4;МЭИ;0.01993253603189206;845;вероятно;8
50;weekday;8;0;5;Улица Лефортовский Вал;0.013280494421248791;563;вероятно;8
50;weekday;8;0;6;1-й Краснокурсантский проезд;0.009765763215625221;414;вероятно;8
50;weekday;8;0;7;Лефортовский мост;0.0071238176113981085;302;вероятно;8
50;weekday;8;0;8;Лефортовская набережная;0.01191234401905975;505;вероятно;8
50;weekday;8;0;9;МГТУ имени Н.Э. Баумана;0.010025240016040384;425;вероятно;8
50;weekday;8;0;10;Аптекарский переулок;0.013681504021890407;580;вероятно;8
50;weekday;8;0;11;Метро «Бауманская»;0.02054584483287335;871;вероятно;8
50;weekday;8;0;12;Басманный двор;0.020192012832307222;856;вероятно;8
50;weekday;8;0;13;Поликлиника;0.014224046422758475;603;вероятно;8
50;weekday;8;0;14;Ольховская улица;0.015356308824570094;651;вероятно;8
50;weekday;8;0;15;Метро «Красносельская»;0.014766588823626543;626;вероятно;8
50;weekday;8;0;16;Метро «Комсомольская»;0.012903073620644918;547;вероятно;8
50;weekday;8;0;17;МЦД Площадь трёх вокзалов;0.016063972825702356;681;вероятно;8
50;weekday;8;0;18;Каланчёвская улица;0.017502889628004625;742;вероятно;8
50;weekday;8;0;19;Пантелеевская улица;0.015497841624796546;657;вероятно;8
50;weekday;8;0;20;Астраханский переулок;0.009742174415587479;413;вероятно;8
50;weekday;8;0;21;Ботанический переулок;0.006227443209963909;264;вероятно;8
50;weekday;8;0;22;Метро «Проспект Мира»;0.009765763215625221;414;вероятно;8
50;weekday;8;0;23;Спорткомплекс «Олимпийский»;0.00726535041162456;308;вероятно;8
50;weekday;8;0;24;Ул. Гиляровского;0.0037742080060387327;160;вероятно;8
50;weekday;8;0;25;Улица Щепкина;0.008822211214115538;374;вероятно;8
50;weekday;8;0;26;Театр зверей им. Дурова;0.01802184322883495;764;вероятно;8
50;weekday;8;0;27;Самотёчная улица;0.009553464015285543;405;вероятно;8
50;weekday;8;0;28;4-й Самотёчный переулок;0.006887929611020687;292;вероятно;8
50;weekday;8;0;29;Селезнёвская улица;0.005661312009058099;240;вероятно;8
50;weekday;8;0;30;Улица Достоевского;0.003302432005283891;140;вероятно;8
50;weekday;8;0;31;Площадь Борьбы;0.004363928006982285;185;вероятно;8
50;weekday;8;0;32;МИИТ;0.00294860000471776;125;вероятно;8
50;weekday;8;0;33;Ул. Образцова;0.0022645248036232395;96;вероятно;8
50;weekday;8;0;34;Д/к МИИТ - Еврейский Музей и Центр толерантности;0.0010850848017361356;46;вероятно;8
50;weekday;8;0;35;Минаевский пер.;0.0022409360035854976;95;вероятно;8
50;weekday;8;0;36;Тихвинский пер.;0.0025240016040384027;107;вероятно;8
50;weekday;8;0;37;Улица Палиха;0.005873611209397778;249;вероятно;8
50;weekday;8;0;38;Метро «Менделеевская»;0.006368976010190362;270;вероятно;8
50;weekday;8;0;39;Метро «Новослободская»;0.00181633760290614;77;вероятно;8
50;weekday;8;1;1;Метро «Новослободская»;0.00849196801358715;360;вероятно;8
50;weekday;8;1;2;Метро «Новослободская»;0.006557686410492298;278;вероятно;8
50;weekday;8;1;3;Метро «Менделеевская»;0.0024768240039629184;105;вероятно;8
50;weekday;8;1;4;Улица Палиха;0.0037506192060009907;159;вероятно;8
50;weekday;8;1;5;Тихвинский пер.;0.0027834784044535655;118;вероятно;8
50;weekday;8;1;6;Минаевский пер.;0.00181633760290614;77;вероятно;8
50;weekday;8;1;7;Дом культуры МИИТ - Еврейский музей и центр толерантности;0.0016983936027174299;72;вероятно;8
50;weekday;8;1;8;Улица Образцова;0.002972188804755502;126;вероятно;8
50;weekday;8;1;9;МИИТ;0.002641945604227113;112;вероятно;8
50;weekday;8;1;10;Площадь Борьбы;0.005283891208454226;224;вероятно;8
50;weekday;8;1;11;Улица Достоевского;0.005472601608756162;232;вероятно;8
50;weekday;8;1;12;Селезнёвская улица;0.007642771212228434;324;вероятно;8
50;weekday;8;1;13;4-й Самотёчный переулок;0.005496190408793905;233;вероятно;8
50;weekday;8;1;14;Самотёчная улица;0.009860118415776189;418;вероятно;8
50;weekday;8;1;15;Театр зверей имени Дурова;0.008680678413889085;368;вероятно;8
50;weekday;8;1;16;Улица Щепкина;0.006486920010379072;275;вероятно;8
50;weekday;8;1;17;Ул. Гиляровского;0.010166772816266836;431;вероятно;8
50;weekday;8;1;18;Спорткомплекс «Олимпийский»;0.008421201613473922;357;вероятно;8
50;weekday;8;1;19;Метро «Проспект Мира»;0.010143184016229094;430;вероятно;8
50;weekday;8;1;20;Ботанический переулок;0.00577925600924681;245;вероятно;8
50;weekday;8;1;21;Астраханский переулок;0.0067935744108697195;288;вероятно;8
50;weekday;8;1;22;Пантелеевская улица;0.009860118415776189;418;вероятно;8
50;weekday;8;1;23;Каланчёвская улица;0.014955299223928478;634;вероятно;8
50;weekday;8;1;24;МЦД Площадь трёх вокзалов;0.017337768027740428;735;вероятно;8
50;weekday;8;1;25;Метро «Комсомольская»;0.020923265633477225;887;вероятно;8
50;weekday;8;1;26;Метро «Красносельская»;0.026608166442573068;1128;вероятно;8
50;weekday;8;1;27;Нижняя Красносельская улица;0.013233316821173307;561;вероятно;8
50;weekday;8;1;28;Ольховская улица;0.014648644823437832;621;вероятно;8
50;weekday;8;1;29;Поликлиника;0.021701696034722714;920;вероятно;8
50;weekday;8;1;30;Басманный двор;0.01927204963083528;817;вероятно;8
50;weekday;8;1;31;Метро «Бауманская»;0.025546670440874674;1083;вероятно;8
50;weekday;8;1;32;Аптекарский переулок;0.023753921638006274;1007;вероятно;8
50;weekday;8;1;33;МГТУ имени Н.Э. Баумана;0.019956124831929798;846;вероятно;8
50;weekday;8;1;34;Лефортовская наб.;0.01632344962611752;692;вероятно;8
50;weekday;8;1;35;Лефортовский мост;0.01778595522845753;754;вероятно;8
50;weekday;8;1;36;1-й Краснокурсантский проезд;0.01655933762649494;702;вероятно;8
50;weekday;8;1;37;Улица Лефортовский Вал;0.01462505602340009;620;вероятно;8
50;weekday;8;1;38;МЭИ;0.021961172835137877;931;вероятно;8
50;weekday;8;1;39;Метро «Авиамоторная»;0.022810369636496592;967;вероятно;8
50;weekday;8;1;40;Метро «Авиамоторная»;0.015450664024721063;655;вероятно;8
50;weekday;9;0;1;Д/к «Компрессор»;0.04460899404009391;1482;вероятно;9
50;weekday;9;0;2;Метро «Авиамоторная»;0.02922762025164048;971;вероятно;9
50;weekday;9;0;3;Метро «Авиамоторная»;0.037113960628499185;1233;вероятно;9
50;weekday;9;0;4;МЭИ;0.01276262717476371;424;вероятно;9
50;weekday;9;0;5;Улица Лефортовский Вал;0.009842875203178617;327;вероятно;9
50;weekday;9;0;6;1-й Краснокурсантский проезд;0.006531816266329541;217;вероятно;9
50;weekday;9;0;7;Лефортовский мост;0.008097044127385468;269;вероятно;9
50;weekday;9;0;8;Лефортовская набережная;0.010173981096863524;338;вероятно;9
50;weekday;9;0;9;МГТУ имени Н.Э. Баумана;0.009391367166335561;312;вероятно;9
50;weekday;9;0;10;Аптекарский переулок;0.01851182951056529;615;вероятно;9
50;weekday;9;0;11;Метро «Бауманская»;0.031214255613749926;1037;вероятно;9
50;weekday;9;0;12;Басманный двор;0.028956715429534645;962;вероятно;9
50;weekday;9;0;13;Поликлиника;0.015321172716874361;509;вероятно;9
50;weekday;9;0;14;Ольховская улица;0.013545241105291674;450;вероятно;9
50;weekday;9;0;15;Метро «Красносельская»;0.024351333453735476;809;вероятно;9
50;weekday;9;0;16;Метро «Комсомольская»;0.02709048221058335;900;вероятно;9
50;weekday;9;0;17;МЦД Площадь трёх вокзалов;0.02224429594846788;739;вероятно;9
50;weekday;9;0;18;Каланчёвская улица;0.03353199686954428;1114;вероятно;9
50;weekday;9;0;19;Пантелеевская улица;0.02257540184215279;750;вероятно;9
50;weekday;9;0;20;Астраханский переулок;0.016675696827403528;554;вероятно;9
50;weekday;9;0;21;Ботанический переулок;0.017819517187405935;592;вероятно;9
50;weekday;9;0;22;Метро «Проспект Мира»;0.02820420203479622;937;вероятно;9
50;weekday;9;0;23;Спорткомплекс «Олимпийский»;0.031003551863223164;1030;вероятно;9
50;weekday;9;0;24;Ул. Гиляровского;0.01851182951056529;615;вероятно;9
50;weekday;9;0;25;Улица Щепкина;0.033441695262175664;1111;вероятно;9
50;weekday;9;0;26;Театр зверей им. Дурова;0.058395039431701885;1940;вероятно;9
50;weekday;9;0;27;Самотёчная улица;0.02838480524953344;943;вероятно;9
50;weekday;9;0;28;4-й Самотёчный переулок;0.01797001986635362;597;вероятно;9
50;weekday;9;0;29;Селезнёвская улица;0.020468364336885196;680;вероятно;9
50;weekday;9;0;30;Улица Достоевского;0.008367948949491302;278;вероятно;9
50;weekday;9;0;31;Площадь Борьбы;0.011016796098970561;366;вероятно;9
50;weekday;9;0;32;МИИТ;0.013695743784239359;455;вероятно;9
50;weekday;9;0;33;Ул. Образцова;0.012220817530552043;406;вероятно;9
50;weekday;9;0;34;Д/к МИИТ - Еврейский Музей и Центр толерантности;0.008939859129492505;297;вероятно;9
50;weekday;9;0;35;Минаевский пер.;0.007796038769490097;259;вероятно;9
50;weekday;9;0;36;Тихвинский пер.;0.0046956835831677805;156;вероятно;9
50;weekday;9;0;37;Улица Палиха;0.006802721088435374;226;вероятно;9
50;weekday;9;0;38;Метро «Менделеевская»;0.008247546806333153;274;вероятно;9
50;weekday;9;0;39;Метро «Новослободская»;0.009541869845283246;317;вероятно;9
50;weekday;9;1;1;Метро «Новослободская»;0.03952200349166215;1313;вероятно;9
50;weekday;9;1;2;Метро «Новослободская»;0.027210884353741496;904;вероятно;9
50;weekday;9;1;3;Метро «Менделеевская»;0.020227560050568902;672;вероятно;9
50;weekday;9;1;4;Улица Палиха;0.013545241105291674;450;вероятно;9
50;weekday;9;1;5;Тихвинский пер.;0.007464932875805189;248;вероятно;9
50;weekday;9;1;6;Минаевский пер.;0.006050207693696948;201;вероятно;9
50;weekday;9;1;7;Дом культуры МИИТ - Еврейский музей и центр толерантности;0.006050207693696948;201;вероятно;9
50;weekday;9;1;8;Улица Образцова;0.005147191620010836;171;вероятно;9
50;weekday;9;1;9;МИИТ;0.003822768045271206;127;вероятно;9
50;weekday;9;1;10;Площадь Борьбы;0.0046956835831677805;156;вероятно;9
50;weekday;9;1;11;Улица Достоевского;0.009782674131599542;325;вероятно;9
50;weekday;9;1;12;Селезнёвская улица;0.0050568900126422255;168;вероятно;9
50;weekday;9;1;13;4-й Самотёчный переулок;0.007615435554752875;253;вероятно;9
50;weekday;9;1;14;Самотёчная улица;0.007464932875805189;248;вероятно;9
50;weekday;9;1;15;Театр зверей имени Дурова;0.007495033411594726;249;вероятно;9
50;weekday;9;1;16;Улица Щепкина;0.0027692492926374088;92;вероятно;9
50;weekday;9;1;17;Ул. Гиляровского;0.0031605562579013905;105;вероятно;9
50;weekday;9;1;18;Спорткомплекс «Олимпийский»;0.004424778761061947;147;вероятно;9
50;weekday;9;1;19;Метро «Проспект Мира»;0.004304376617903799;143;вероятно;9
50;weekday;9;1;20;Ботанический переулок;0.001775931611582686;59;вероятно;9
50;weekday;9;1;21;Астраханский переулок;0.0014448257178977786;48;вероятно;9
50;weekday;9;1;22;Пантелеевская улица;0.0024080428631629643;80;вероятно;9
50;weekday;9;1;23;Каланчёвская улица;0.0024080428631629643;80;вероятно;9
50;weekday;9;1;24;МЦД Площадь трёх вокзалов;0.001715730540003612;57;вероятно;9
50;weekday;9;1;25;Метро «Комсомольская»;0.004725784118957317;157;вероятно;9
50;weekday;9;1;26;Метро «Красносельская»;0.00388296911685028;129;вероятно;9
50;weekday;9;1;27;Нижняя Красносельская улица;0.0018361326831617603;61;вероятно;9
50;weekday;9;1;28;Ольховская улица;0.001745831075793149;58;вероятно;9
50;weekday;9;1;29;Поликлиника;0.004003371260008428;133;вероятно;9
50;weekday;9;1;30;Басманный двор;0.0018662332189512973;62;вероятно;9
50;weekday;9;1;31;Метро «Бауманская»;0.0018361326831617603;61;вероятно;9
50;weekday;9;1;32;Аптекарский переулок;0.0019866353621094453;66;вероятно;9
50;weekday;9;1;33;МГТУ имени Н.Э. Баумана;0.002377942327373427;79;вероятно;9
50;weekday;9;1;34;Лефортовская наб.;0.0013846246463187044;46;вероятно;9
50;weekday;9;1;35;Лефортовский мост;0.0012341219673710191;41;вероятно;9
50;weekday;9;1;36;1-й Краснокурсантский проезд;0.0016555294684245379;55;вероятно;9
50;weekday;9;1;37;Улица Лефортовский Вал;0.0011438203600024081;38;вероятно;9
50;weekday;9;1;38;МЭИ;0.0025886460779001867;86;вероятно;9
50;weekday;9;1;39;Метро «Авиамоторная»;0.0019565348263199086;65;вероятно;9
50;weekday;9;1;40;Метро «Авиамоторная»;0.002919751971585094;97;вероятно;9
50;weekday;10;0;1;Д/к «Компрессор»;0.022830866040095196;566;вероятно;10
50;weekday;10;0;2;Метро «Авиамоторная»;0.008430478802791335;209;вероятно;10
50;weekday;10;0;3;Метро «Авиамоторная»;0.008188455487878665;203;вероятно;10
50;weekday;10;0;4;МЭИ;0.005203501270622403;129;вероятно;10
50;weekday;10;0;5;Улица Лефортовский Вал;0.0018151748618450245;45;вероятно;10
50;weekday;10;0;6;1-й Краснокурсантский проезд;0.001048767697954903;26;вероятно;10
50;weekday;10;0;7;Лефортовский мост;0.0012101165745633496;30;вероятно;10
50;weekday;10;0;8;Лефортовская набережная;0.002097535395909806;52;вероятно;10
50;weekday;10;0;9;МГТУ имени Н.Э. Баумана;0.0013714654511717962;34;вероятно;10
50;weekday;10;0;10;Аптекарский переулок;0.0027429309023435924;68;вероятно;10
50;weekday;10;0;11;Метро «Бауманская»;0.0013311282320196845;33;вероятно;10
50;weekday;10;0;12;Басманный двор;0.0006050582872816748;15;вероятно;10
50;weekday;10;0;13;Поликлиника;0.0009680932596506797;24;вероятно;10
50;weekday;10;0;14;Ольховская улица;0.00016134887660844663;4;вероятно;10
50;weekday;10;0;15;Метро «Красносельская»;0.0028639425597999273;71;вероятно;10
50;weekday;10;0;16;Метро «Комсомольская»;0.0019361865193013594;48;вероятно;10
50;weekday;10;0;17;МЦД Площадь трёх вокзалов;0.0024605703682788107;61;вероятно;10
50;weekday;10;0;18;Каланчёвская улица;0.004074059134363277;101;вероятно;10
50;weekday;10;0;19;Пантелеевская улица;0.004517768545036505;112;вероятно;10
50;weekday;10;0;20;Астраханский переулок;0.001734500423540801;43;вероятно;10
50;weekday;10;0;21;Ботанический переулок;0.0028639425597999273;71;вероятно;10
50;weekday;10;0;22;Метро «Проспект Мира»;0.007220362228227986;179;вероятно;10
50;weekday;10;0;23;Спорткомплекс «Олимпийский»;0.010568351417853254;262;вероятно;10
50;weekday;10;0;24;Ул. Гиляровского;0.005566536242991408;138;вероятно;10
50;weekday;10;0;25;Улица Щепкина;0.0033076519704731554;82;вероятно;10
50;weekday;10;0;26;Театр зверей им. Дурова;0.008107781049574443;201;вероятно;10
50;weekday;10;0;27;Самотёчная улица;0.00391271025775483;97;вероятно;10
50;weekday;10;0;28;4-й Самотёчный переулок;0.0022992214916703643;57;вероятно;10
50;weekday;10;0;29;Селезнёвская улица;0.001734500423540801;43;вероятно;10
50;weekday;10;0;30;Улица Достоевского;0.004195070791819612;104;вероятно;10
50;weekday;10;0;31;Площадь Борьбы;0.0028639425597999273;71;вероятно;10
50;weekday;10;0;32;МИИТ;0.004598442983340729;114;вероятно;10
50;weekday;10;0;33;Ул. Образцова;0.004437094106732282;110;вероятно;10
50;weekday;10;0;34;Д/к МИИТ - Еврейский Музей и Центр толерантности;0.00391271025775483;97;вероятно;10
50;weekday;10;0;35;Минаевский пер.;0.0035093380662337137;87;вероятно;10
50;weekday;10;0;36;Тихвинский пер.;0.0033076519704731554;82;вероятно;10
50;weekday;10;0;37;Улица Палиха;0.003469000847081602;86;вероятно;10
50;weekday;10;0;38;Метро «Менделеевская»;0.004759791859949175;118;вероятно;10
50;weekday;10;0;39;Метро «Новослободская»;0.00560687346214352;139;вероятно;10
50;weekday;10;1;1;Метро «Новослободская»;0.0488080351740551;1210;вероятно;10
50;weekday;10;1;2;Метро «Новослободская»;0.03581945060707515;888;вероятно;10
50;weekday;10;1;3;Метро «Менделеевская»;0.0342866362792949;850;вероятно;10
50;weekday;10;1;4;Улица Палиха;0.020571981767576943;510;вероятно;10
50;weekday;10;1;5;Тихвинский пер.;0.011294421362591263;280;вероятно;10
50;weekday;10;1;6;Минаевский пер.;0.007099350570771651;176;вероятно;10
50;weekday;10;1;7;Дом культуры МИИТ - Еврейский музей и центр толерантности;0.007260699447380098;180;вероятно;10
50;weekday;10;1;8;Улица Образцова;0.012585212375458836;312;вероятно;10
50;weekday;10;1;9;МИИТ;0.014360050018151748;356;вероятно;10
50;weekday;10;1;10;Площадь Борьбы;0.012060828526481384;299;вероятно;10
50;weekday;10;1;11;Улица Достоевского;0.014844096647977088;368;вероятно;10
50;weekday;10;1;12;Селезнёвская улица;0.02045097011012061;507;вероятно;10
50;weekday;10;1;13;4-й Самотёчный переулок;0.015570166592715097;386;вероятно;10
50;weekday;10;1;14;Самотёчная улица;0.03097898430882175;768;вероятно;10
50;weekday;10;1;15;Театр зверей имени Дурова;0.03618248557944415;897;вероятно;10
50;weekday;10;1;16;Улица Щепкина;0.026259529668024688;651;вероятно;10
50;weekday;10;1;17;Ул. Гиляровского;0.019160179097253035;475;вероятно;10
50;weekday;10;1;18;Спорткомплекс «Олимпийский»;0.02069299342503328;513;вероятно;10
50;weekday;10;1;19;Метро «Проспект Мира»;0.02170142390383607;538;вероятно;10
50;weekday;10;1;20;Ботанический переулок;0.01319027066274051;327;вероятно;10
50;weekday;10;1;21;Астраханский переулок;0.01145577023919971;284;вероятно;10
50;weekday;10;1;22;Пантелеевская улица;0.018918155782340365;469;вероятно;10
50;weekday;10;1;23;Каланчёвская улица;0.0204106328909685;506;вероятно;10
50;weekday;10;1;24;МЦД Площадь трёх вокзалов;0.018474446371667137;458;вероятно;10
50;weekday;10;1;25;Метро «Комсомольская»;0.03101932152797386;769;вероятно;10
50;weekday;10;1;26;Метро «Красносельская»;0.031261344842886535;775;вероятно;10
50;weekday;10;1;27;Нижняя Красносельская улица;0.017022306482191118;422;вероятно;10
50;weekday;10;1;28;Ольховская улица;0.023314912669920536;578;вероятно;10
50;weekday;10;1;29;Поликлиника;0.029244483885280947;725;вероятно;10
50;weekday;10;1;30;Басманный двор;0.035577427292162477;882;вероятно;10
50;weekday;10;1;31;Метро «Бауманская»;0.0422330684522609;1047;вероятно;10
50;weekday;10;1;32;Аптекарский переулок;0.023476261546528984;582;вероятно;10
50;weekday;10;1;33;МГТУ имени Н.Э. Баумана;0.023395587108224758;580;вероятно;10
50;weekday;10;1;34;Лефортовская наб.;0.014037352264934855;348;вероятно;10
50;weekday;10;1;35;Лефортовский мост;0.009156548747529346;227;вероятно;10
50;weekday;10;1;36;1-й Краснокурсантский проезд;0.009237223185833568;229;вероятно;10
50;weekday;10;1;37;Улица Лефортовский Вал;0.01440038723730386;357;вероятно;10
50;weekday;10;1;38;МЭИ;0.02000726069944738;496;вероятно;10
50;weekday;10;1;39;Метро «Авиамоторная»;0.012827235690371506;318;вероятно;10
50;weekday;10;1;40;Метро «Авиамоторная»;0.00951958371989835;236;вероятно;10
50;weekday;11;0;1;Д/к «Компрессор»;0.07587307215032796;1712;вероятно;11
50;weekday;11;0;2;Метро «Авиамоторная»;0.039753589789044495;897;вероятно;11
50;weekday;11;0;3;Метро «Авиамоторная»;0.047287714944158836;1067;вероятно;11
50;weekday;11;0;4;МЭИ;0.024995568161673462;564;вероятно;11
50;weekday;11;0;5;Улица Лефортовский Вал;0.020563729835135613;464;вероятно;11
50;weekday;11;0;6;1-й Краснокурсантский проезд;0.01511256869349406;341;вероятно;11
50;weekday;11;0;7;Лефортовский мост;0.013561425279205815;306;вероятно;11
50;weekday;11;0;8;Лефортовская набережная;0.025261478461265734;570;вероятно;11
50;weekday;11;0;9;МГТУ имени Н.Э. Баумана;0.020829640134727885;470;вероятно;11
50;weekday;11;0;10;Аптекарский переулок;0.023178514447792946;523;вероятно;11
50;weekday;11;0;11;Метро «Бауманская»;0.03580925367842581;808;вероятно;11
50;weekday;11;0;12;Басманный двор;0.02858535720616912;645;вероятно;11
50;weekday;11;0;13;Поликлиника;0.015865981209005495;358;вероятно;11
50;weekday;11;0;14;Ольховская улица;0.014447792944513383;326;вероятно;11
50;weekday;11;0;15;Метро «Красносельская»;0.028939904272292146;653;вероятно;11
50;weekday;11;0;16;Метро «Комсомольская»;0.018746676121255097;423;вероятно;11
50;weekday;11;0;17;МЦД Площадь трёх вокзалов;0.01489097677716717;336;вероятно;11
50;weekday;11;0;18;Каланчёвская улица;0.021981918099627726;496;вероятно;11
50;weekday;11;0;19;Пантелеевская улица;0.01958872540329729;442;вероятно;11
50;weekday;11;0;20;Астраханский переулок;0.01134550611593689;256;вероятно;11
50;weekday;11;0;21;Ботанический переулок;0.015201205460024817;343;вероятно;11
50;weekday;11;0;22;Метро «Проспект Мира»;0.016131891508597767;364;вероятно;11
50;weekday;11;0;23;Спорткомплекс «Олимпийский»;0.013650062045736572;308;вероятно;11
50;weekday;11;0;24;Ул. Гиляровского;0.010414820067363943;235;вероятно;11
50;weekday;11;0;25;Улица Щепкина;0.013206878213082788;298;вероятно;11
50;weekday;11;0;26;Театр зверей им. Дурова;0.030446729303315014;687;вероятно;11
50;weekday;11;0;27;Самотёчная улица;0.018835312887785855;425;вероятно;11
50;weekday;11;0;28;4-й Самотёчный переулок;0.017284169473497608;390;вероятно;11
50;weekday;11;0;29;Селезнёвская улица;0.011168232582875377;252;вероятно;11
50;weekday;11;0;30;Улица Достоевского;0.005982981740826095;135;вероятно;11
50;weekday;11;0;31;Площадь Борьбы;0.007800035454706612;176;вероятно;11
50;weekday;11;0;32;МИИТ;0.009306860485729481;210;вероятно;11
50;weekday;11;0;33;Ул. Образцова;0.008243219287360397;186;вероятно;11
50;weekday;11;0;34;Д/к МИИТ - Еврейский Музей и Центр толерантности;0.005362524375110796;121;вероятно;11
50;weekday;11;0;35;Минаевский пер.;0.005850026591029959;132;вероятно;11
50;weekday;11;0;36;Тихвинский пер.;0.0035897890444956566;81;вероятно;11
50;weekday;11;0;37;Улица Палиха;0.004520475093068605;102;вероятно;11
50;weekday;11;0;38;Метро «Менделеевская»;0.0046534302428647405;105;вероятно;11
50;weekday;11;0;39;Метро «Новослободская»;0.004032972877149442;91;вероятно;11
50;weekday;11;1;1;Метро «Новослободская»;0.0010636411983690835;24;вероятно;11
50;weekday;11;1;2;Метро «Новослободская»;0.0007534125155114342;17;вероятно;11
50;weekday;11;1;3;Метро «Менделеевская»;0.00026591029959227087;6;вероятно;11
50;weekday;11;1;4;Улица Палиха;4.431838326537848e-05;1;вероятно;11
50;weekday;11;1;5;Тихвинский пер.;0.0016840985640843823;38;вероятно;11
50;weekday;11;1;6;Минаевский пер.;0.0005318205991845417;12;вероятно;11
50;weekday;11;1;7;Дом культуры МИИТ - Еврейский музей и центр толерантности;0.0003988654493884063;9;вероятно;11
50;weekday;11;1;8;Улица Образцова;0.0014625066477574897;33;вероятно;11
50;weekday;11;1;9;МИИТ;0.0005761389824499203;13;вероятно;11
50;weekday;11;1;10;Площадь Борьбы;0.00031022868285764934;7;вероятно;11
50;weekday;11;1;11;Улица Достоевского;0.0003988654493884063;9;вероятно;11
50;weekday;11;1;12;Селезнёвская улица;0.0008863676653075696;20;вероятно;11
50;weekday;11;1;13;4-й Самотёчный переулок;0.0008420492820421911;19;вероятно;11
50;weekday;11;1;14;Самотёчная улица;0.003146605211841872;71;вероятно;11
50;weekday;11;1;15;Театр зверей имени Дурова;0.0032795603616380072;74;вероятно;11
50;weekday;11;1;16;Улица Щепкина;0.0021716007800035454;49;вероятно;11
50;weekday;11;1;17;Ул. Гиляровского;0.00407729126041482;92;вероятно;11
50;weekday;11;1;18;Спорткомплекс «Олимпийский»;0.0038556993440879276;87;вероятно;11
50;weekday;11;1;19;Метро «Проспект Мира»;0.0037670625775571708;85;вероятно;11
50;weekday;11;1;20;Ботанический переулок;0.0030136500620457367;68;вероятно;11
50;weekday;11;1;21;Астраханский переулок;0.003634107427761035;82;вероятно;11
50;weekday;11;1;22;Пантелеевская улица;0.006470483956745258;146;вероятно;11
50;weekday;11;1;23;Каланчёвская улица;0.009882999468179401;223;вероятно;11
50;weekday;11;1;24;МЦД Площадь трёх вокзалов;0.006603439106541394;149;вероятно;11
50;weekday;11;1;25;Метро «Комсомольская»;0.012187555397979081;275;вероятно;11
50;weekday;11;1;26;Метро «Красносельская»;0.012276192164509838;277;вероятно;11
50;weekday;11;1;27;Нижняя Красносельская улица;0.008819358269810318;199;вероятно;11
50;weekday;11;1;28;Ольховская улица;0.01573302605920936;355;вероятно;11
50;weekday;11;1;29;Поликлиника;0.015821662825740115;357;вероятно;11
50;weekday;11;1;30;Басманный двор;0.01254210246410211;283;вероятно;11
50;weekday;11;1;31;Метро «Бауманская»;0.015600070909413224;352;вероятно;11
50;weekday;11;1;32;Аптекарский переулок;0.012586420847367488;284;вероятно;11
50;weekday;11;1;33;МГТУ имени Н.Э. Баумана;0.013827335578798085;312;вероятно;11
50;weekday;11;1;34;Лефортовская наб.;0.011567098032263783;261;вероятно;11
50;weekday;11;1;35;Лефортовский мост;0.01107959581634462;250;вероятно;11
50;weekday;11;1;36;1-й Краснокурсантский проезд;0.010060273001240915;227;вероятно;11
50;weekday;11;1;37;Улица Лефортовский Вал;0.013827335578798085;312;вероятно;11
50;weekday;11;1;38;МЭИ;0.021494415883708564;485;вероятно;11
50;weekday;11;1;39;Метро «Авиамоторная»;0.018790994504520476;424;вероятно;11
50;weekday;11;1;40;Метро «Авиамоторная»;0.012364828931040595;279;вероятно;11
50;weekday;12;0;1;Д/к «Компрессор»;0.0012917512456172725;28;вероятно;12
50;weekday;12;0;2;Метро «Авиамоторная»;0.0028141723565233436;61;вероятно;12
50;weekday;12;0;3;Метро «Авиамоторная»;0.006320354308913084;137;вероятно;12
50;weekday;12;0;4;МЭИ;0.0029064403026388633;63;вероятно;12
50;weekday;12;0;5;Улица Лефортовский Вал;0.00512087100941133;111;вероятно;12
50;weekday;12;0;6;1-й Краснокурсантский проезд;0.0050747370363535705;110;вероятно;12
50;weekday;12;0;7;Лефортовский мост;0.004844067171064772;105;вероятно;12
50;weekday;12;0;8;Лефортовская набережная;0.0104262779110537;226;вероятно;12
50;weekday;12;0;9;МГТУ имени Н.Э. Баумана;0.013286584240634803;288;вероятно;12
50;weekday;12;0;10;Аптекарский переулок;0.016654364273851262;361;вероятно;12
50;weekday;12;0;11;Метро «Бауманская»;0.021267761579627238;461;вероятно;12
50;weekday;12;0;12;Басманный двор;0.021729101310204835;471;вероятно;12
50;weekday;12;0;13;Поликлиника;0.010380143937995941;225;вероятно;12
50;weekday;12;0;14;Ольховская улица;0.0104262779110537;226;вероятно;12
50;weekday;12;0;15;Метро «Красносельская»;0.02103709171433844;456;вероятно;12
50;weekday;12;0;16;Метро «Комсомольская»;0.014901273297656394;323;вероятно;12
50;weekday;12;0;17;МЦД Площадь трёх вокзалов;0.013609522052039122;295;вероятно;12
50;weekday;12;0;18;Каланчёвская улица;0.015916220704927108;345;вероятно;12
50;weekday;12;0;19;Пантелеевская улица;0.016331426462446945;354;вероятно;12
50;weekday;12;0;20;Астраханский переулок;0.010656947776342499;231;вероятно;12
50;weekday;12;0;21;Ботанический переулок;0.014578335486252076;316;вероятно;12
50;weekday;12;0;22;Метро «Проспект Мира»;0.0173002398966599;375;вероятно;12
50;weekday;12;0;23;Спорткомплекс «Олимпийский»;0.017115704004428862;371;вероятно;12
50;weekday;12;0;24;Ул. Гиляровского;0.011764163129728732;255;вероятно;12
50;weekday;12;0;25;Улица Щепкина;0.016008488651042627;347;вероятно;12
50;weekday;12;0;26;Театр зверей им. Дурова;0.03469274773943532;752;вероятно;12
50;weekday;12;0;27;Самотёчная улица;0.019468536630374608;422;вероятно;12
50;weekday;12;0;28;4-й Самотёчный переулок;0.015131943162945192;328;вероятно;12
50;weekday;12;0;29;Селезнёвская улица;0.017853847573353017;387;вероятно;12
50;weekday;12;0;30;Улица Достоевского;0.007335301716183798;159;вероятно;12
50;weekday;12;0;31;Площадь Борьбы;0.011210555453035615;243;вероятно;12
50;weekday;12;0;32;МИИТ;0.023343790367226426;506;вероятно;12
50;weekday;12;0;33;Ул. Образцова;0.025189149289536816;546;вероятно;12
50;weekday;12;0;34;Д/к МИИТ - Еврейский Музей и Центр толерантности;0.019468536630374608;422;вероятно;12
50;weekday;12;0;35;Минаевский пер.;0.01208710094113305;262;вероятно;12
50;weekday;12;0;36;Тихвинский пер.;0.010149474072707141;220;вероятно;12
50;weekday;12;0;37;Улица Палиха;0.012686842590883927;275;вероятно;12
50;weekday;12;0;38;Метро «Менделеевская»;0.011533493264439934;250;вероятно;12
50;weekday;12;0;39;Метро «Новослободская»;0.016239158516331426;352;вероятно;12
50;weekday;12;1;1;Метро «Новослободская»;0.05563757150765824;1206;вероятно;12
50;weekday;12;1;2;Метро «Новослободская»;0.034046872116626686;738;вероятно;12
50;weekday;12;1;3;Метро «Менделеевская»;0.019745340468721166;428;вероятно;12
50;weekday;12;1;4;Улица Палиха;0.013747923971212401;298;вероятно;12
50;weekday;12;1;5;Тихвинский пер.;0.014070861782616718;305;вероятно;12
50;weekday;12;1;6;Минаевский пер.;0.010011072153533862;217;вероятно;12
50;weekday;12;1;7;Дом культуры МИИТ - Еврейский музей и центр толерантности;0.008903856800147629;193;вероятно;12
50;weekday;12;1;8;Улица Образцова;0.011764163129728732;255;вероятно;12
50;weekday;12;1;9;МИИТ;0.010749215722458018;233;вероятно;12
50;weekday;12;1;10;Площадь Борьбы;0.01033400996493818;224;вероятно;12
50;weekday;12;1;11;Улица Достоевского;0.014486067540136557;314;вероятно;12
50;weekday;12;1;12;Селезнёвская улица;0.020206680199298763;438;вероятно;12
50;weekday;12;1;13;4-й Самотёчный переулок;0.014393799594021038;312;вероятно;12
50;weekday;12;1;14;Самотёчная улица;0.0246355416128437;534;вероятно;12
50;weekday;12;1;15;Театр зверей имени Дурова;0.021360029525742757;463;вероятно;12
50;weekday;12;1;16;Улица Щепкина;0.01199483299501753;260;вероятно;12
50;weekday;12;1;17;Ул. Гиляровского;0.012732976563941687;276;вероятно;12
50;weekday;12;1;18;Спорткомплекс «Олимпийский»;0.012271636833364089;266;вероятно;12
50;weekday;12;1;19;Метро «Проспект Мира»;0.012640708617826167;274;вероятно;12
50;weekday;12;1;20;Ботанический переулок;0.007704373500645876;167;вероятно;12
50;weekday;12;1;21;Астраханский переулок;0.0072430337700682785;157;вероятно;12
50;weekday;12;1;22;Пантелеевская улица;0.01028787599188042;223;вероятно;12
50;weekday;12;1;23;Каланчёвская улица;0.010933751614689057;237;вероятно;12
50;weekday;12;1;24;МЦД Площадь трёх вокзалов;0.008350249123454511;181;вероятно;12
50;weekday;12;1;25;Метро «Комсомольская»;0.01061081380328474;230;вероятно;12
50;weekday;12;1;26;Метро «Красносельская»;0.01231777080642185;267;вероятно;12
50;weekday;12;1;27;Нижняя Красносельская улица;0.007796641446761395;169;вероятно;12
50;weekday;12;1;28;Ольховская улица;0.005536076766931168;120;вероятно;12
50;weekday;12;1;29;Поликлиника;0.009180660638494187;199;вероятно;12
50;weekday;12;1;30;Басманный двор;0.011210555453035615;243;вероятно;12
50;weekday;12;1;31;Метро «Бауманская»;0.007842775419819155;170;вероятно;12
50;weekday;12;1;32;Аптекарский переулок;0.005997416497508765;130;вероятно;12
50;weekday;12;1;33;МГТУ имени Н.Э. Баумана;0.004382727440487175;95;вероятно;12
50;weekday;12;1;34;Лефортовская наб.;0.002029894814541428;44;вероятно;12
50;weekday;12;1;35;Лефортовский мост;0.0014762871378483115;32;вероятно;12
50;weekday;12;1;36;1-й Краснокурсантский проезд;0.002260564679830227;49;вероятно;12
50;weekday;12;1;37;Улица Лефортовский Вал;0.001061081380328474;23;вероятно;12
50;weekday;12;1;38;МЭИ;0.0011072153533862336;24;вероятно;12
50;weekday;12;1;39;Метро «Авиамоторная»;0.0002768038383465584;6;вероятно;12
50;weekday;12;1;40;Метро «Авиамоторная»;0.000507473703635357;11;вероятно;12
50;weekday;13;0;1;Д/к «Компрессор»;0.05057584144272833;1133;вероятно;13
50;weekday;13;0;2;Метро «Авиамоторная»;0.024819212570306223;556;вероятно;13
50;weekday;13;0;3;Метро «Авиамоторная»;0.028524238907240426;639;вероятно;13
50;weekday;13;0;4;МЭИ;0.014730827604678153;330;вероятно;13
50;weekday;13;0;5;Улица Лефортовский Вал;0.010936523524685295;245;вероятно;13
50;weekday;13;0;6;1-й Краснокурсантский проезд;0.009999107222569413;224;вероятно;13
50;weekday;13;0;7;Лефортовский мост;0.010400857066333364;233;вероятно;13
50;weekday;13;0;8;Лефортовская набережная;0.015445049549147398;346;вероятно;13
50;weekday;13;0;9;МГТУ имени Н.Э. Баумана;0.014239800017855549;319;вероятно;13
50;weekday;13;0;10;Аптекарский переулок;0.012989911615034372;291;вероятно;13
50;weekday;13;0;11;Метро «Бауманская»;0.012275689670565129;275;вероятно;13
50;weekday;13;0;12;Басманный двор;0.011918578698330505;267;вероятно;13
50;weekday;13;0;13;Поликлиника;0.006160164271047228;138;вероятно;13
50;weekday;13;0;14;Ольховская улица;0.005981608784929917;134;вероятно;13
50;weekday;13;0;15;Метро «Красносельская»;0.00807963574680832;181;вероятно;13
50;weekday;13;0;16;Метро «Комсомольская»;0.004062137309168825;91;вероятно;13
50;weekday;13;0;17;МЦД Площадь трёх вокзалов;0.0036603874654048746;82;вероятно;13
50;weekday;13;0;18;Каланчёвская улица;0.002053388090349076;46;вероятно;13
50;weekday;13;0;19;Пантелеевская улица;0.0014730827604678154;33;вероятно;13
50;weekday;13;0;20;Астраханский переулок;0.0010713329167038657;24;вероятно;13
50;weekday;13;0;21;Ботанический переулок;0.0008034996875278992;18;вероятно;13
50;weekday;13;0;22;Метро «Проспект Мира»;0.0011159717882331934;25;вероятно;13
50;weekday;13;0;23;Спорткомплекс «Олимпийский»;0.0011606106597625212;26;вероятно;13
50;weekday;13;0;24;Ул. Гиляровского;0.0008034996875278992;18;вероятно;13
50;weekday;13;0;25;Улица Щепкина;0.0006249442014105883;14;вероятно;13
50;weekday;13;0;26;Театр зверей им. Дурова;0.00013391661458798322;3;вероятно;13
50;weekday;13;0;27;Самотёчная улица;4.463887152932774e-05;1;вероятно;13
50;weekday;13;0;30;Улица Достоевского;0.00013391661458798322;3;вероятно;13
50;weekday;13;0;31;Площадь Борьбы;0.0002231943576466387;5;вероятно;13
50;weekday;13;0;32;МИИТ;0.0012498884028211766;28;вероятно;13
50;weekday;13;0;33;Ул. Образцова;0.0014284438889384877;32;вероятно;13
50;weekday;13;0;34;Д/к МИИТ - Еврейский Музей и Центр толерантности;0.0004463887152932774;10;вероятно;13
50;weekday;13;0;35;Минаевский пер.;0.0005356664583519329;12;вероятно;13
50;weekday;13;0;36;Тихвинский пер.;0.0010713329167038657;24;вероятно;13
50;weekday;13;0;37;Улица Палиха;0.0008034996875278992;18;вероятно;13
50;weekday;13;0;38;Метро «Менделеевская»;0.0008034996875278992;18;вероятно;13
50;weekday;13;0;39;Метро «Новослободская»;0.0013391661458798322;30;вероятно;13
50;weekday;13;1;1;Метро «Новослободская»;0.026203017587715382;587;вероятно;13
50;weekday;13;1;2;Метро «Новослободская»;0.015132577448442104;339;вероятно;13
50;weekday;13;1;3;Метро «Менделеевская»;0.018882242656905635;423;вероятно;13
50;weekday;13;1;4;Улица Палиха;0.009374163021158824;210;вероятно;13
50;weekday;13;1;5;Тихвинский пер.;0.009240246406570842;207;вероятно;13
50;weekday;13;1;6;Минаевский пер.;0.006740469600928488;151;вероятно;13
50;weekday;13;1;7;Дом культуры МИИТ - Еврейский музей и центр толерантности;0.004776359253638068;107;вероятно;13
50;weekday;13;1;8;Улица Образцова;0.011427551111507901;256;вероятно;13
50;weekday;13;1;9;МИИТ;0.01281135612891706;287;вероятно;13
50;weekday;13;1;10;Площадь Борьбы;0.013257744844210339;297;вероятно;13
50;weekday;13;1;11;Улица Достоевского;0.014462994375502186;324;вероятно;13
50;weekday;13;1;12;Селезнёвская улица;0.017319882153379162;388;вероятно;13
50;weekday;13;1;13;4-й Самотёчный переулок;0.014195161146326222;318;вероятно;13
50;weekday;13;1;14;Самотёчная улица;0.022587268993839837;506;вероятно;13
50;weekday;13;1;15;Театр зверей имени Дурова;0.02392643513971967;536;вероятно;13
50;weekday;13;1;16;Улица Щепкина;0.015534327292206053;348;вероятно;13
50;weekday;13;1;17;Ул. Гиляровского;0.01852513168467101;415;вероятно;13
50;weekday;13;1;18;Спорткомплекс «Олимпийский»;0.015489688420676726;347;вероятно;13
50;weekday;13;1;19;Метро «Проспект Мира»;0.017319882153379162;388;вероятно;13
50;weekday;13;1;20;Ботанический переулок;0.010490134809392019;235;вероятно;13
50;weekday;13;1;21;Астраханский переулок;0.008168913489866977;183;вероятно;13
50;weekday;13;1;22;Пантелеевская улица;0.012275689670565129;275;вероятно;13
50;weekday;13;1;23;Каланчёвская улица;0.020712436389608072;464;вероятно;13
50;weekday;13;1;24;МЦД Площадь трёх вокзалов;0.015623605035264708;350;вероятно;13
50;weekday;13;1;25;Метро «Комсомольская»;0.027810016962771182;623;вероятно;13
50;weekday;13;1;26;Метро «Красносельская»;0.02705115614677261;606;вероятно;13
50;weekday;13;1;27;Нижняя Красносельская улица;0.014373716632443531;322;вероятно;13
50;weekday;13;1;28;Ольховская улица;0.021024908490313365;471;вероятно;13
50;weekday;13;1;29;Поликлиника;0.03017587715382555;676;вероятно;13
50;weekday;13;1;30;Басманный двор;0.03200607088652799;717;вероятно;13
50;weekday;13;1;31;Метро «Бауманская»;0.03209534862958664;719;вероятно;13
50;weekday;13;1;32;Аптекарский переулок;0.030890099098294797;692;вероятно;13
50;weekday;13;1;33;МГТУ имени Н.Э. Баумана;0.026336934202303364;590;вероятно;13
50;weekday;13;1;34;Лефортовская наб.;0.020042853316668156;449;вероятно;13
50;weekday;13;1;35;Лефортовский мост;0.018837603785376307;422;вероятно;13
50;weekday;13;1;36;1-й Краснокурсантский проезд;0.01700741005267387;381;вероятно;13
50;weekday;13;1;37;Улица Лефортовский Вал;0.017141326667261852;384;вероятно;13
50;weekday;13;1;38;МЭИ;0.0329881260601732;739;вероятно;13
50;weekday;13;1;39;Метро «Авиамоторная»;0.018882242656905635;423;вероятно;13
50;weekday;13;1;40;Метро «Авиамоторная»;0.0167395768234979;375;вероятно;13
50;weekday;14;0;1;Д/к «Компрессор»;0.032397408207343416;690;вероятно;14
50;weekday;14;0;2;Метро «Авиамоторная»;0.018640247910601933;397;вероятно;14
50;weekday;14;0;3;Метро «Авиамоторная»;0.03291388862804019;701;вероятно;14
50;weekday;14;0;4;МЭИ;0.02497887125551695;532;вероятно;14
50;weekday;14;0;5;Улица Лефортовский Вал;0.01939149215888816;413;вероятно;14
50;weekday;14;0;6;1-й Краснокурсантский проезд;0.013991924124330923;298;вероятно;14
50;weekday;14;0;7;Лефортовский мост;0.01657432622781482;353;вероятно;14
50;weekday;14;0;8;Лефортовская набережная;0.026575265283125177;566;вероятно;14
50;weekday;14;0;9;МГТУ имени Н.Э. Баумана;0.029298525683162737;624;вероятно;14
50;weekday;14;0;10;Аптекарский переулок;0.0362944877453282;773;вероятно;14
50;weekday;14;0;11;Метро «Бауманская»;0.045872851910977556;977;вероятно;14
50;weekday;14;0;12;Басманный двор;0.04394778852474411;936;вероятно;14
50;weekday;14;0;13;Поликлиника;0.0226312329796225;482;вероятно;14
50;weekday;14;0;14;Ольховская улица;0.02169217766926472;462;вероятно;14
50;weekday;14;0;15;Метро «Красносельская»;0.03319560522114753;707;вероятно;14
50;weekday;14;0;16;Метро «Комсомольская»;0.02488496572448117;530;вероятно;14
50;weekday;14;0;17;МЦД Площадь трёх вокзалов;0.02122265001408583;452;вероятно;14
50;weekday;14;0;18;Каланчёвская улица;0.026058784862428398;555;вероятно;14
50;weekday;14;0;19;Пантелеевская улица;0.021973894262372055;468;вероятно;14
50;weekday;14;0;20;Астраханский переулок;0.01657432622781482;353;вероятно;14
50;weekday;14;0;21;Ботанический переулок;0.016292609634707484;347;вероятно;14
50;weekday;14;0;22;Метро «Проспект Мира»;0.02460324913137384;524;вероятно;14
50;weekday;14;0;23;Спорткомплекс «Олимпийский»;0.02638745422105362;562;вероятно;14
50;weekday;14;0;24;Ул. Гиляровского;0.01455535731054559;310;вероятно;14
50;weekday;14;0;25;Улица Щепкина;0.025824021034838954;550;вероятно;14
50;weekday;14;0;26;Театр зверей им. Дурова;0.034228566062541085;729;вероятно;14
50;weekday;14;0;27;Самотёчная улица;0.027608226124518735;588;вероятно;14
50;weekday;14;0;28;4-й Самотёчный переулок;0.017935956427833598;382;вероятно;14
50;weekday;14;0;29;Селезнёвская улица;0.015729176448492817;335;вероятно;14
50;weekday;14;0;30;Улица Достоевского;0.01079913606911447;230;вероятно;14
50;weekday;14;0;31;Площадь Борьбы;0.01220771903465114;260;вероятно;14
50;weekday;14;0;32;МИИТ;0.01990797257958494;424;вероятно;14
50;weekday;14;0;33;Ул. Образцова;0.014508404545027703;309;вероятно;14
50;weekday;14;0;34;Д/к МИИТ - Еврейский Музей и Центр толерантности;0.010658277772560804;227;вероятно;14
50;weekday;14;0;35;Минаевский пер.;0.008122828434594798;173;вероятно;14
50;weekday;14;0;36;Тихвинский пер.;0.007277678655272795;155;вероятно;14
50;weekday;14;0;37;Улица Палиха;0.011879049676025918;253;вероятно;14
50;weekday;14;0;38;Метро «Менделеевская»;0.011080852662221806;236;вероятно;14
50;weekday;14;0;39;Метро «Новослободская»;0.008357592262184242;178;вероятно;14
50;weekday;14;1;1;Метро «Новослободская»;0.026152690393464174;557;вероятно;14
50;weekday;14;1;2;Метро «Новослободская»;0.009860080758756691;210;вероятно;14
50;weekday;14;1;3;Метро «Менделеевская»;0.010000939055310357;213;вероятно;14
50;weekday;14;1;4;Улица Палиха;0.007606348013898019;162;вероятно;14
50;weekday;14;1;5;Тихвинский пер.;0.00615081228284346;131;вероятно;14
50;weekday;14;1;6;Минаевский пер.;0.0034745046483237864;74;вероятно;14
50;weekday;14;1;7;Дом культуры МИИТ - Еврейский музей и центр толерантности;0.0024415438069302284;52;вероятно;14
50;weekday;14;1;8;Улица Образцова;0.0038501267724668983;82;вероятно;14
50;weekday;14;1;9;МИИТ;0.0021128744483050054;45;вероятно;14
50;weekday;14;1;10;Площадь Борьбы;0.0030988825241806744;66;вероятно;14
50;weekday;14;1;11;Улица Достоевского;0.004601371020753122;98;вероятно;14
50;weekday;14;1;12;Селезнёвская улица;0.0022067799793407832;47;вероятно;14
50;weekday;14;1;13;4-й Самотёчный переулок;0.002582402103483895;55;вероятно;14
50;weekday;14;1;14;Самотёчная улица;0.0008921025448398911;19;вероятно;14
50;weekday;14;1;15;Театр зверей имени Дурова;0.0006103859517325571;13;вероятно;14
50;weekday;14;1;16;Улица Щепкина;9.3905531035778e-05;2;вероятно;14
50;weekday;14;1;17;Ул. Гиляровского;0.000140858296553667;3;вероятно;14
50;weekday;14;1;19;Метро «Проспект Мира»;4.6952765517889e-05;1;вероятно;14
50;weekday;14;1;21;Астраханский переулок;0.0007042914827683351;15;вероятно;14
50;weekday;14;1;22;Пантелеевская улица;0.000187811062071556;4;вероятно;14
50;weekday;14;1;23;Каланчёвская улица;4.6952765517889e-05;1;вероятно;14
50;weekday;14;1;26;Метро «Красносельская»;0.0007042914827683351;15;вероятно;14
50;weekday;14;1;27;Нижняя Красносельская улица;0.000187811062071556;4;вероятно;14
50;weekday;14;1;28;Ольховская улица;0.00023476382758944503;5;вероятно;14
50;weekday;14;1;29;Поликлиника;0.001314677434500892;28;вероятно;14
50;weekday;14;1;30;Басманный двор;0.003051929758662785;65;вероятно;14
50;weekday;14;1;31;Метро «Бауманская»;0.0043666071931636775;93;вероятно;14
50;weekday;14;1;32;Аптекарский переулок;0.004648323786271011;99;вероятно;14
50;weekday;14;1;33;МГТУ имени Н.Э. Баумана;0.005540426331110903;118;вероятно;14
50;weekday;14;1;34;Лефортовская наб.;0.00516480420696779;110;вероятно;14
50;weekday;14;1;35;Лефортовский мост;0.004789182082824678;102;вероятно;14
50;weekday;14;1;36;1-й Краснокурсантский проезд;0.004319654427645789;92;вероятно;14
50;weekday;14;1;37;Улица Лефортовский Вал;0.005587379096628792;119;вероятно;14
50;weekday;14;1;38;МЭИ;0.011879049676025918;253;вероятно;14
50;weekday;14;1;39;Метро «Авиамоторная»;0.007042914827683351;150;вероятно;14
50;weekday;14;1;40;Метро «Авиамоторная»;0.007230725889754906;154;вероятно;14
50;weekday;15;0;1;Д/к «Компрессор»;0.002550207204335352;64;вероятно;15
50;weekday;15;0;2;Метро «Авиамоторная»;0.0028291361173095313;71;вероятно;15
50;weekday;15;0;3;Метро «Авиамоторная»;0.0021517373286579536;54;вероятно;15
50;weekday;15;0;4;МЭИ;0.001673573477845075;42;вероятно;15
50;weekday;15;0;5;Улица Лефортовский Вал;0.0007172457762193178;18;вероятно;15
50;weekday;15;0;6;1-й Краснокурсантский проезд;0.0010758686643289768;27;вероятно;15
50;weekday;15;0;7;Лефортовский мост;0.0003984698756773988;10;вероятно;15
50;weekday;15;0;8;Лефортовская набережная;0.0007969397513547976;20;вероятно;15
50;weekday;15;0;9;МГТУ имени Н.Э. Баумана;0.000956327701625757;24;вероятно;15
50;weekday;15;0;10;Аптекарский переулок;0.002032196365954734;51;вероятно;15
50;weekday;15;0;11;Метро «Бауманская»;0.001673573477845075;42;вероятно;15
50;weekday;15;0;12;Басманный двор;0.002510360216767612;63;вероятно;15
50;weekday;15;0;13;Поликлиника;0.0012352566145999362;31;вероятно;15
50;weekday;15;0;14;Ольховская улица;0.0009164807140580173;23;вероятно;15
50;weekday;15;0;15;Метро «Красносельская»;0.0031877590054191903;80;вероятно;15
50;weekday;15;0;16;Метро «Комсомольская»;0.0035065349059611095;88;вероятно;15
50;weekday;15;0;17;МЦД Площадь трёх вокзалов;0.003665922856232069;92;вероятно;15
50;weekday;15;0;18;Каланчёвская улица;0.00653490596110934;164;вероятно;15
50;weekday;15;0;19;Пантелеевская улица;0.005020720433535224;126;вероятно;15
50;weekday;15;0;20;Астраханский переулок;0.003984698756773988;100;вероятно;15
50;weekday;15;0;21;Ботанический переулок;0.003905004781638508;98;вероятно;15
50;weekday;15;0;22;Метро «Проспект Мира»;0.006056742110296462;152;вероятно;15
50;weekday;15;0;23;Спорткомплекс «Олимпийский»;0.006216130060567421;156;вероятно;15
50;weekday;15;0;24;Ул. Гиляровского;0.004383168632451387;110;вероятно;15
50;weekday;15;0;25;Улица Щепкина;0.011475932419509085;288;вероятно;15
50;weekday;15;0;26;Театр зверей им. Дурова;0.00932419509085113;234;вероятно;15
50;weekday;15;0;27;Самотёчная улица;0.011675167357347785;293;вероятно;15
50;weekday;15;0;28;4-й Самотёчный переулок;0.00677398788651578;170;вероятно;15
50;weekday;15;0;29;Селезнёвская улица;0.00968281797896079;243;вероятно;15
50;weekday;15;0;30;Улица Достоевского;0.006016895122728722;151;вероятно;15
50;weekday;15;0;31;Площадь Борьбы;0.00940388906598661;236;вероятно;15
50;weekday;15;0;32;МИИТ;0.01637711189034109;411;вероятно;15
50;weekday;15;0;33;Ул. Образцова;0.01681542875358623;422;вероятно;15
50;weekday;15;0;34;Д/к МИИТ - Еврейский Музей и Центр толерантности;0.012551801083838061;315;вероятно;15
50;weekday;15;0;35;Минаевский пер.;0.00956327701625757;240;вероятно;15
50;weekday;15;0;36;Тихвинский пер.;0.007730315588141536;194;вероятно;15
50;weekday;15;0;37;Улица Палиха;0.010400063755180109;261;вероятно;15
50;weekday;15;0;38;Метро «Менделеевская»;0.00932419509085113;234;вероятно;15
50;weekday;15;0;39;Метро «Новослободская»;0.010439910742747848;262;вероятно;15
50;weekday;15;1;1;Метро «Новослободская»;0.044309850175326744;1112;вероятно;15
50;weekday;15;1;2;Метро «Новослободская»;0.0202821166719796;509;вероятно;15
50;weekday;15;1;3;Метро «Менделеевская»;0.021756455211985975;546;вероятно;15
50;weekday;15;1;4;Улица Палиха;0.02060089257252152;517;вероятно;15
50;weekday;15;1;5;Тихвинский пер.;0.015779407076824993;396;вероятно;15
50;weekday;15;1;6;Минаевский пер.;0.011356391456805866;285;вероятно;15
50;weekday;15;1;7;Дом культуры МИИТ - Еврейский музей и центр толерантности;0.011874402295186484;298;вероятно;15
50;weekday;15;1;8;Улица Образцова;0.020521198597386037;515;вероятно;15
50;weekday;15;1;9;МИИТ;0.02398788651577941;602;вероятно;15
50;weekday;15;1;10;Площадь Борьбы;0.025621613006056743;643;вероятно;15
50;weekday;15;1;11;Улица Достоевского;0.0381734140898948;958;вероятно;15
50;weekday;15;1;12;Селезнёвская улица;0.03729678036340452;936;вероятно;15
50;weekday;15;1;13;4-й Самотёчный переулок;0.02641855275741154;663;вероятно;15
50;weekday;15;1;14;Самотёчная улица;0.03363085750717246;844;вероятно;15
50;weekday;15;1;15;Театр зверей имени Дурова;0.032196365954733824;808;вероятно;15
50;weekday;15;1;16;Улица Щепкина;0.027016257570927637;678;вероятно;15
50;weekday;15;1;17;Ул. Гиляровского;0.018608543194134523;467;вероятно;15
50;weekday;15;1;18;Спорткомплекс «Олимпийский»;0.018528849218999045;465;вероятно;15
50;weekday;15;1;19;Метро «Проспект Мира»;0.017652215492508765;443;вероятно;15
50;weekday;15;1;20;Ботанический переулок;0.012830729996812241;322;вероятно;15
50;weekday;15;1;21;Астраханский переулок;0.010599298693018807;266;вероятно;15
50;weekday;15;1;22;Пантелеевская улица;0.01322919987248964;332;вероятно;15
50;weekday;15;1;23;Каланчёвская улица;0.017333439591966846;435;вероятно;15
50;weekday;15;1;24;МЦД Площадь трёх вокзалов;0.01617787695250239;406;вероятно;15
50;weekday;15;1;25;Метро «Комсомольская»;0.019923493783869938;500;вероятно;15
50;weekday;15;1;26;Метро «Красносельская»;0.021198597386037615;532;вероятно;15
50;weekday;15;1;27;Нижняя Красносельская улица;0.010997768568696206;276;вероятно;15
50;weekday;15;1;28;Ольховская улица;0.015261396238444374;383;вероятно;15
50;weekday;15;1;29;Поликлиника;0.017253745616831368;433;вероятно;15
50;weekday;15;1;30;Басманный двор;0.022872170863882692;574;вероятно;15
50;weekday;15;1;31;Метро «Бауманская»;0.018409308256295824;462;вероятно;15
50;weekday;15;1;32;Аптекарский переулок;0.023748804590372968;596;вероятно;15
50;weekday;15;1;33;МГТУ имени Н.Э. Баумана;0.020082881734140898;504;вероятно;15
50;weekday;15;1;34;Лефортовская наб.;0.015261396238444374;383;вероятно;15
50;weekday;15;1;35;Лефортовский мост;0.009045266177876952;227;вероятно;15
50;weekday;15;1;36;1-й Краснокурсантский проезд;0.009005419190309213;226;вероятно;15
50;weekday;15;1;37;Улица Лефортовский Вал;0.009284348103283392;233;вероятно;15
50;weekday;15;1;38;МЭИ;0.01569971310168951;394;вероятно;15
50;weekday;15;1;39;Метро «Авиамоторная»;0.0057379662097545425;144;вероятно;15
50;weekday;15;1;40;Метро «Авиамоторная»;0.004901179470832005;123;вероятно;15
50;weekday;16;0;1;Д/к «Компрессор»;0.061252970241013845;1624;вероятно;16
50;weekday;16;0;2;Метро «Авиамоторная»;0.022404103647267377;594;вероятно;16
50;weekday;16;0;3;Метро «Авиамоторная»;0.03858484517029382;1023;вероятно;16
50;weekday;16;0;4;МЭИ;0.03224833100743032;855;вероятно;16
50;weekday;16;0;5;Улица Лефортовский Вал;0.030815071851544525;817;вероятно;16
50;weekday;16;0;6;1-й Краснокурсантский проезд;0.027269641308037565;723;вероятно;16
50;weekday;16;0;7;Лефортовский мост;0.028061705578395504;744;вероятно;16
50;weekday;16;0;8;Лефортовская набережная;0.036623543167502735;971;вероятно;16
50;weekday;16;0;9;МГТУ имени Н.Э. Баумана;0.03688756459095538;978;вероятно;16
50;weekday;16;0;10;Аптекарский переулок;0.030626485120506922;812;вероятно;16
50;weekday;16;0;11;Метро «Бауманская»;0.035756044204729755;948;вероятно;16
50;weekday;16;0;12;Басманный двор;0.03322898200882586;881;вероятно;16
50;weekday;16;0;13;Поликлиника;0.014596612982310565;387;вероятно;16
50;weekday;16;0;14;Ольховская улица;0.015388677252668502;408;вероятно;16
50;weekday;16;0;15;Метро «Красносельская»;0.02070682306792894;549;вероятно;16
50;weekday;16;0;16;Метро «Комсомольская»;0.011390638554671293;302;вероятно;16
50;weekday;16;0;17;МЦД Площадь трёх вокзалов;0.01173009467053898;311;вероятно;16
50;weekday;16;0;18;Каланчёвская улица;0.013540527288499981;359;вероятно;16
50;weekday;16;0;19;Пантелеевская улица;0.011051182438803606;293;вероятно;16
50;weekday;16;0;20;Астраханский переулок;0.005318145815260438;141;вероятно;16
50;weekday;16;0;21;Ботанический переулок;0.0041489080828272925;110;вероятно;16
50;weekday;16;0;22;Метро «Проспект Мира»;0.007882925357371855;209;вероятно;16
50;weekday;16;0;23;Спорткомплекс «Олимпийский»;0.005280428469052917;140;вероятно;16
50;weekday;16;0;24;Ул. Гиляровского;0.005355863161467959;142;вероятно;16
50;weekday;16;0;25;Улица Щепкина;0.004375212160072417;116;вероятно;16
50;weekday;16;0;26;Театр зверей им. Дурова;0.007958360049786896;211;вероятно;16
50;weekday;16;0;27;Самотёчная улица;0.0056953192773356465;151;вероятно;16
50;weekday;16;0;28;4-й Самотёчный переулок;0.004601516237317542;122;вероятно;16
50;weekday;16;0;29;Селезнёвская улица;0.0036962999283370423;98;вероятно;16
50;weekday;16;0;30;Улица Достоевского;0.0021876060800362085;58;вероятно;16
50;weekday;16;0;31;Площадь Борьбы;0.0018481499641685212;49;вероятно;16
50;weekday;16;0;32;МИИТ;0.0040734733904122505;108;вероятно;16
50;weekday;16;0;33;Ул. Образцова;0.0020744540414136463;55;вероятно;16
50;weekday;16;0;34;Д/к МИИТ - Еврейский Музей и Центр толерантности;0.0026402142345264587;70;вероятно;16
50;weekday;16;0;35;Минаевский пер.;0.0021876060800362085;58;вероятно;16
50;weekday;16;0;36;Тихвинский пер.;0.0006411948855278543;17;вероятно;16
50;weekday;16;0;37;Улица Палиха;0.0014332591558857918;38;вероятно;16
50;weekday;16;0;38;Метро «Менделеевская»;0.0007920642703579376;21;вероятно;16
50;weekday;16;0;39;Метро «Новослободская»;0.0015086938483008336;40;вероятно;16
50;weekday;16;1;1;Метро «Новослободская»;0.0029042356579791046;77;вероятно;16
50;weekday;16;1;2;Метро «Новослободская»;0.0005657601931128125;15;вероятно;16
50;weekday;16;1;3;Метро «Менделеевская»;0.0010183683476030626;27;вероятно;16
50;weekday;16;1;4;Улица Палиха;0.0012446724248481877;33;вероятно;16
50;weekday;16;1;5;Тихвинский пер.;0.001169237732433146;31;вероятно;16
50;weekday;16;1;6;Минаевский пер.;0.0013578244634707502;36;вероятно;16
50;weekday;16;1;7;Дом культуры МИИТ - Еврейский музей и центр толерантности;0.0015086938483008336;40;вероятно;16
50;weekday;16;1;8;Улица Образцова;0.0036585825821295213;97;вероятно;16
50;weekday;16;1;9;МИИТ;0.003960321351789688;105;вероятно;16
50;weekday;16;1;10;Площадь Борьбы;0.0027156489269415003;72;вероятно;16
50;weekday;16;1;11;Улица Достоевского;0.006939991702183834;184;вероятно;16
50;weekday;16;1;12;Селезнёвская улица;0.00942933655188021;250;вероятно;16
50;weekday;16;1;13;4-й Самотёчный переулок;0.00897672839738996;238;вероятно;16
50;weekday;16;1;14;Самотёчная улица;0.010862595707766001;288;вероятно;16
50;weekday;16;1;15;Театр зверей имени Дурова;0.013163353826424773;349;вероятно;16
50;weekday;16;1;16;Улица Щепкина;0.008486402896692188;225;вероятно;16
50;weekday;16;1;17;Ул. Гиляровского;0.008184664127032022;217;вероятно;16
50;weekday;16;1;18;Спорткомплекс «Олимпийский»;0.007656621280126731;203;вероятно;16
50;weekday;16;1;19;Метро «Проспект Мира»;0.007996077395994419;212;вероятно;16
50;weekday;16;1;20;Ботанический переулок;0.004903255006977709;130;вероятно;16
50;weekday;16;1;21;Астраханский переулок;0.006185644778033418;164;вероятно;16
50;weekday;16;1;22;Пантелеевская улица;0.005733036623543167;152;вероятно;16
50;weekday;16;1;23;Каланчёвская улица;0.010032814091200543;266;вероятно;16
50;weekday;16;1;24;МЦД Площадь трёх вокзалов;0.009844227360162938;261;вероятно;16
50;weekday;16;1;25;Метро «Комсомольская»;0.013879983404367668;368;вероятно;16
50;weekday;16;1;26;Метро «Красносельская»;0.014672047674725606;389;вероятно;16
50;weekday;16;1;27;Нижняя Красносельская улица;0.00720401312563648;191;вероятно;16
50;weekday;16;1;28;Ольховская улица;0.007882925357371855;209;вероятно;16
50;weekday;16;1;29;Поликлиника;0.014898351751970731;395;вероятно;16
50;weekday;16;1;30;Басманный двор;0.014144004827820314;375;вероятно;16
50;weekday;16;1;31;Метро «Бауманская»;0.014181722174027835;376;вероятно;16
50;weekday;16;1;32;Аптекарский переулок;0.01618074152302644;429;вероятно;16
50;weekday;16;1;33;МГТУ имени Н.Э. Баумана;0.01708595783200694;453;вероятно;16
50;weekday;16;1;34;Лефортовская наб.;0.02074454041413646;550;вероятно;16
50;weekday;16;1;35;Лефортовский мост;0.02146116999207936;569;вероятно;16
50;weekday;16;1;36;1-й Краснокурсантский проезд;0.017840304756157357;473;вероятно;16
50;weekday;16;1;37;Улица Лефортовский Вал;0.019726172066533397;523;вероятно;16
50;weekday;16;1;38;МЭИ;0.03337985139365594;885;вероятно;16
50;weekday;16;1;39;Метро «Авиамоторная»;0.023988232187983252;636;вероятно;16
50;weekday;16;1;40;Метро «Авиамоторная»;0.01836834760306265;487;вероятно;16
50;weekday;17;0;1;Д/к «Компрессор»;0.01692423019259601;587;вероятно;17
50;weekday;17;0;2;Метро «Авиамоторная»;0.0075539153500172995;262;вероятно;17
50;weekday;17;0;3;Метро «Авиамоторная»;0.013118440779610194;455;вероятно;17
50;weekday;17;0;4;МЭИ;0.01715488409641333;595;вероятно;17
50;weekday;17;0;5;Улица Лефортовский Вал;0.017818014069888134;618;вероятно;17
50;weekday;17;0;6;1-й Краснокурсантский проезд;0.01430054203667397;496;вероятно;17
50;weekday;17;0;7;Лефортовский мост;0.015713297197555067;545;вероятно;17
50;weekday;17;0;8;Лефортовская набережная;0.023699688617229847;822;вероятно;17
50;weekday;17;0;9;МГТУ имени Н.Э. Баумана;0.024132164686887326;837;вероятно;17
50;weekday;17;0;10;Аптекарский переулок;0.02263291431207473;785;вероятно;17
50;weekday;17;0;11;Метро «Бауманская»;0.03269519086610541;1134;вероятно;17
50;weekday;17;0;12;Басманный двор;0.02684234805674086;931;вероятно;17
50;weekday;17;0;13;Поликлиника;0.019692077038403876;683;вероятно;17
50;weekday;17;0;14;Ольховская улица;0.01582862414946373;549;вероятно;17
50;weekday;17;0;15;Метро «Красносельская»;0.01758736016607081;610;вероятно;17
50;weekday;17;0;16;Метро «Комсомольская»;0.017616191904047975;611;вероятно;17
50;weekday;17;0;17;МЦД Площадь трёх вокзалов;0.015453811555760581;536;вероятно;17
50;weekday;17;0;18;Каланчёвская улица;0.019432591396609387;674;вероятно;17
50;weekday;17;0;19;Пантелеевская улица;0.01424287856071964;494;вероятно;17
50;weekday;17;0;20;Астраханский переулок;0.009024333986852727;313;вероятно;17
50;weekday;17;0;21;Ботанический переулок;0.009053165724829892;314;вероятно;17
50;weekday;17;0;22;Метро «Проспект Мира»;0.014041056394879483;487;вероятно;17
50;weekday;17;0;23;Спорткомплекс «Олимпийский»;0.014963672010148771;519;вероятно;17
50;weekday;17;0;24;Ул. Гиляровского;0.009341483104601546;324;вероятно;17
50;weekday;17;0;25;Улица Щепкина;0.019634413562449545;681;вероятно;17
50;weekday;17;0;26;Театр зверей им. Дурова;0.028024449313804635;972;вероятно;17
50;weekday;17;0;27;Самотёчная улица;0.024449313804636143;848;вероятно;17
50;weekday;17;0;28;4-й Самотёчный переулок;0.018798293161111753;652;вероятно;17
50;weekday;17;0;29;Селезнёвская улица;0.017039557144504672;591;вероятно;17
50;weekday;17;0;30;Улица Достоевского;0.014502364202514127;503;вероятно;17
50;weekday;17;0;31;Площадь Борьбы;0.021623803482873946;750;вероятно;17
50;weekday;17;0;32;МИИТ;0.02600622765540307;902;вероятно;17
50;weekday;17;0;33;Ул. Образцова;0.022373428670280245;776;вероятно;17
50;weekday;17;0;34;Д/к МИИТ - Еврейский Музей и Центр толерантности;0.013550916849267673;470;вероятно;17
50;weekday;17;0;35;Минаевский пер.;0.012714796447929881;441;вероятно;17
50;weekday;17;0;36;Тихвинский пер.;0.007352093184177142;255;вероятно;17
50;weekday;17;0;37;Улица Палиха;0.012426479068158228;431;вероятно;17
50;weekday;17;0;38;Метро «Менделеевская»;0.012685964709952716;440;вероятно;17
50;weekday;17;0;39;Метро «Новослободская»;0.012772459923884212;443;вероятно;17
50;weekday;17;1;1;Метро «Новослободская»;0.03837504324760697;1331;вероятно;17
50;weekday;17;1;2;Метро «Новослободская»;0.015742128935532233;546;вероятно;17
50;weekday;17;1;3;Метро «Менделеевская»;0.013781570753084995;478;вероятно;17
50;weekday;17;1;4;Улица Палиха;0.014992503748125937;520;вероятно;17
50;weekday;17;1;5;Тихвинский пер.;0.011330873025025948;393;вероятно;17
50;weekday;17;1;6;Минаевский пер.;0.009168492676738554;318;вероятно;17
50;weekday;17;1;7;Дом культуры МИИТ - Еврейский музей и центр толерантности;0.011244377811094454;390;вероятно;17
50;weekday;17;1;8;Улица Образцова;0.01314727251758736;456;вероятно;17
50;weekday;17;1;9;МИИТ;0.012311152116249568;427;вероятно;17
50;weekday;17;1;10;Площадь Борьбы;0.011417368238957445;396;вероятно;17
50;weekday;17;1;11;Улица Достоевского;0.02234459693230308;775;вероятно;17
50;weekday;17;1;12;Селезнёвская улица;0.02107600046130781;731;вероятно;17
50;weekday;17;1;13;4-й Самотёчный переулок;0.014041056394879483;487;вероятно;17
50;weekday;17;1;14;Самотёчная улица;0.018365817091454274;637;вероятно;17
50;weekday;17;1;15;Театр зверей имени Дурова;0.01692423019259601;587;вероятно;17
50;weekday;17;1;16;Улица Щепкина;0.009745127436281859;338;вероятно;17
50;weekday;17;1;17;Ул. Гиляровского;0.00815938184753777;283;вероятно;17
50;weekday;17;1;18;Спорткомплекс «Олимпийский»;0.007409756660131473;257;вероятно;17
50;weekday;17;1;19;Метро «Проспект Мира»;0.006371814092953523;221;вероятно;17
50;weekday;17;1;20;Ботанический переулок;0.002623688155922039;91;вероятно;17
50;weekday;17;1;21;Астраханский переулок;0.0036904624610771537;128;вероятно;17
50;weekday;17;1;22;Пантелеевская улица;0.0038057894129858148;132;вероятно;17
50;weekday;17;1;23;Каланчёвская улица;0.0032003229154653444;111;вероятно;17
50;weekday;17;1;24;МЦД Площадь трёх вокзалов;0.0036904624610771537;128;вероятно;17
50;weekday;17;1;25;Метро «Комсомольская»;0.005391535001729905;187;вероятно;17
50;weekday;17;1;26;Метро «Красносельская»;0.00432476069657479;150;вероятно;17
50;weekday;17;1;27;Нижняя Красносельская улица;0.0015569138507669242;54;вероятно;17
50;weekday;17;1;28;Ольховская улица;0.0029408372736708568;102;вероятно;17
50;weekday;17;1;29;Поликлиника;0.0034598085572598316;120;вероятно;17
50;weekday;17;1;30;Басманный двор;0.0015857455887440895;55;вероятно;17
50;weekday;17;1;31;Метро «Бауманская»;0.001528082112789759;53;вероятно;17
50;weekday;17;1;32;Аптекарский переулок;0.0012397647330181063;43;вероятно;17
50;weekday;17;1;33;МГТУ имени Н.Э. Баумана;0.001989389920424403;69;вероятно;17
50;weekday;17;1;34;Лефортовская наб.;0.0013839234229039326;48;вероятно;17
50;weekday;17;1;35;Лефортовский мост;0.00219121208626456;76;вероятно;17
50;weekday;17;1;36;1-й Краснокурсантский проезд;0.0010379425671779494;36;вероятно;17
50;weekday;17;1;37;Улица Лефортовский Вал;0.001326259946949602;46;вероятно;17
50;weekday;17;1;38;МЭИ;0.0009226156152692884;32;вероятно;17
50;weekday;17;1;39;Метро «Авиамоторная»;0.00164340906469842;57;вероятно;17
50;weekday;17;1;40;Метро «Авиамоторная»;0.0017010725406527505;59;вероятно;17
50;weekday;18;0;1;Д/к «Компрессор»;0.020773742451821675;719;вероятно;18
50;weekday;18;0;2;Метро «Авиамоторная»;0.010516887694663546;364;вероятно;18
50;weekday;18;0;3;Метро «Авиамоторная»;0.018144520528155787;628;вероятно;18
50;weekday;18;0;4;МЭИ;0.009650111236312155;334;вероятно;18
50;weekday;18;0;5;Улица Лефортовский Вал;0.0064430383404120075;223;вероятно;18
50;weekday;18;0;6;1-й Краснокурсантский проезд;0.004680592875097513;162;вероятно;18
50;weekday;18;0;7;Лефортовский мост;0.0026581144722775995;92;вероятно;18
50;weekday;18;0;8;Лефортовская набережная;0.007656525382103955;265;вероятно;18
50;weekday;18;0;9;МГТУ имени Н.Э. Баумана;0.007280922250151686;252;вероятно;18
50;weekday;18;0;10;Аптекарский переулок;0.004247204645921817;147;вероятно;18
50;weekday;18;0;11;Метро «Бауманская»;0.007252029701539973;251;вероятно;18
50;weekday;18;0;12;Басманный двор;0.007598740284880529;263;вероятно;18
50;weekday;18;0;13;Поликлиника;0.003062610152841582;106;вероятно;18
50;weekday;18;0;14;Ольховская улица;0.0031492877986767213;109;вероятно;18
50;weekday;18;0;15;Метро «Красносельская»;0.003553783479240704;123;вероятно;18
50;weekday;18;0;16;Метро «Комсомольская»;0.0019358007569847736;67;вероятно;18
50;weekday;18;0;17;МЦД Площадь трёх вокзалов;0.0009823466527982432;34;вероятно;18
50;weekday;18;0;18;Каланчёвская улица;0.0012423795903036606;43;вероятно;18
50;weekday;18;0;19;Пантелеевская улица;0.0013579497847505128;47;вероятно;18
50;weekday;18;0;20;Астраханский переулок;0.0003756031319522695;13;вероятно;18
50;weekday;18;0;21;Ботанический переулок;0.0008378839097396781;29;вероятно;18
50;weekday;18;0;22;Метро «Проспект Мира»;0.0019358007569847736;67;вероятно;18
50;weekday;18;0;23;Спорткомплекс «Олимпийский»;0.0018780156597613476;65;вероятно;18
50;weekday;18;0;24;Ул. Гиляровского;0.0005778509722342607;20;вероятно;18
50;weekday;18;0;25;Улица Щепкина;0.0021380485972667647;74;вероятно;18
50;weekday;18;0;26;Театр зверей им. Дурова;0.003582676027852417;124;вероятно;18
50;weekday;18;0;27;Самотёчная улица;0.0025714368264424603;89;вероятно;18
50;weekday;18;0;28;4-й Самотёчный переулок;0.0024558666319956083;85;вероятно;18
50;weekday;18;0;29;Селезнёвская улица;0.002773684666724452;96;вероятно;18
50;weekday;18;0;30;Улица Достоевского;0.0010979168472450955;38;вероятно;18
50;weekday;18;0;31;Площадь Борьбы;0.0035248909306289907;122;вероятно;18
50;weekday;18;0;32;МИИТ;0.0045939152292623735;159;вероятно;18
50;weekday;18;0;33;Ул. Образцова;0.004420559937592095;153;вероятно;18
50;weekday;18;0;34;Д/к МИИТ - Еврейский Музей и Центр толерантности;0.004073849354251539;141;вероятно;18
50;weekday;18;0;35;Минаевский пер.;0.0057496171737308945;199;вероятно;18
50;weekday;18;0;36;Тихвинский пер.;0.0034959983820172778;121;вероятно;18
50;weekday;18;0;37;Улица Палиха;0.003958279159804686;137;вероятно;18
50;weekday;18;0;38;Метро «Менделеевская»;0.004969518361214642;172;вероятно;18
50;weekday;18;0;39;Метро «Новослободская»;0.004998410909826356;173;вероятно;18
50;weekday;18;1;1;Метро «Новослободская»;0.02556990552136604;885;вероятно;18
50;weekday;18;1;2;Метро «Новослободская»;0.012943861778047442;448;вероятно;18
50;weekday;18;1;3;Метро «Менделеевская»;0.015659761347548467;542;вероятно;18
50;weekday;18;1;4;Улица Палиха;0.011152523764121233;386;вероятно;18
50;weekday;18;1;5;Тихвинский пер.;0.009563433590477016;331;вероятно;18
50;weekday;18;1;6;Минаевский пер.;0.01282829158360059;444;вероятно;18
50;weekday;18;1;7;Дом культуры МИИТ - Еврейский музей и центр толерантности;0.010632457889110398;368;вероятно;18
50;weekday;18;1;8;Улица Образцова;0.015833116639218745;548;вероятно;18
50;weekday;18;1;9;МИИТ;0.01768223975036838;612;вероятно;18
50;weekday;18;1;10;Площадь Борьбы;0.01967582560457658;681;вероятно;18
50;weekday;18;1;11;Улица Достоевского;0.029065903903383317;1006;вероятно;18
50;weekday;18;1;12;Селезнёвская улица;0.03400652971598625;1177;вероятно;18
50;weekday;18;1;13;4-й Самотёчный переулок;0.03259079483401231;1128;вероятно;18
50;weekday;18;1;14;Самотёчная улица;0.03565340498685389;1234;вероятно;18
50;weekday;18;1;15;Театр зверей имени Дурова;0.04224090607032446;1462;вероятно;18
50;weekday;18;1;16;Улица Щепкина;0.029441507035335587;1019;вероятно;18
50;weekday;18;1;17;Ул. Гиляровского;0.025454335326919188;881;вероятно;18
50;weekday;18;1;18;Спорткомплекс «Олимпийский»;0.023431856924099274;811;вероятно;18
50;weekday;18;1;19;Метро «Проспект Мира»;0.021553841264337927;746;вероятно;18
50;weekday;18;1;20;Ботанический переулок;0.012626043743318598;437;вероятно;18
50;weekday;18;1;21;Астраханский переулок;0.012394903354424894;429;вероятно;18
50;weekday;18;1;22;Пантелеевская улица;0.01577533154199532;546;вероятно;18
50;weekday;18;1;23;Каланчёвская улица;0.0208315275490451;721;вероятно;18
50;weekday;18;1;24;МЦД Площадь трёх вокзалов;0.015486406055878189;536;вероятно;18
50;weekday;18;1;25;Метро «Комсомольская»;0.02120713068099737;734;вероятно;18
50;weekday;18;1;26;Метро «Красносельская»;0.023518534569934413;814;вероятно;18
50;weekday;18;1;27;Нижняя Красносельская улица;0.011065846118286093;383;вероятно;18
50;weekday;18;1;28;Ольховская улица;0.016786570743405275;581;вероятно;18
50;weekday;18;1;29;Поликлиника;0.02568547571581289;889;вероятно;18
50;weekday;18;1;30;Басманный двор;0.025945508653318308;898;вероятно;18
50;weekday;18;1;31;Метро «Бауманская»;0.02678339256305799;927;вероятно;18
50;weekday;18;1;32;Аптекарский переулок;0.026465574528329143;916;вероятно;18
50;weekday;18;1;33;МГТУ имени Н.Э. Баумана;0.023258501632428995;805;вероятно;18
50;weekday;18;1;34;Лефортовская наб.;0.02062927970876311;714;вероятно;18
50;weekday;18;1;35;Лефортовский мост;0.018231198173990926;631;вероятно;18
50;weekday;18;1;36;1-й Краснокурсантский проезд;0.012886076680824015;446;вероятно;18
50;weekday;18;1;37;Улица Лефортовский Вал;0.012972754326659154;449;вероятно;18
50;weekday;18;1;38;МЭИ;0.022940683597700153;794;вероятно;18
50;weekday;18;1;39;Метро «Авиамоторная»;0.01586200918783046;549;вероятно;18
50;weekday;18;1;40;Метро «Авиамоторная»;0.011470341798850077;397;вероятно;18
50;weekday;19;0;1;Д/к «Компрессор»;0.03607585911877941;759;вероятно;19
50;weekday;19;0;2;Метро «Авиамоторная»;0.02138884927990874;450;вероятно;19
50;weekday;19;0;3;Метро «Авиамоторная»;0.04539189124958411;955;вероятно;19
50;weekday;19;0;4;МЭИ;0.029231427349208614;615;вероятно;19
50;weekday;19;0;5;Улица Лефортовский Вал;0.026046865345311088;548;вероятно;19
50;weekday;19;0;6;1-й Краснокурсантский проезд;0.02005798754693664;422;вероятно;19
50;weekday;19;0;7;Лефортовский мост;0.019962925994581493;420;вероятно;19
50;weekday;19;0;8;Лефортовская набережная;0.033033889443414614;695;вероятно;19
50;weekday;19;0;9;МГТУ имени Н.Э. Баумана;0.03469746660962973;730;вероятно;19
50;weekday;19;0;10;Аптекарский переулок;0.0499548457626313;1051;вероятно;19
50;weekday;19;0;11;Метро «Бауманская»;0.0463425067731356;975;вероятно;19
50;weekday;19;0;12;Басманный двор;0.05085793051000523;1070;вероятно;19
50;weekday;19;0;13;Поликлиника;0.023290080327011742;490;вероятно;19
50;weekday;19;0;14;Ольховская улица;0.02433575740291839;512;вероятно;19
50;weekday;19;0;15;Метро «Красносельская»;0.03522030514758306;741;вероятно;19
50;weekday;19;0;16;Метро «Комсомольская»;0.02186415704168449;460;вероятно;19
50;weekday;19;0;17;МЦД Площадь трёх вокзалов;0.01316602500118827;277;вероятно;19
50;weekday;19;0;18;Каланчёвская улица;0.018394410380721517;387;вероятно;19
50;weekday;19;0;19;Пантелеевская улица;0.015447502257711868;325;вероятно;19
50;weekday;19;0;20;Астраханский переулок;0.008603070488141072;181;вероятно;19
50;weekday;19;0;21;Ботанический переулок;0.008603070488141072;181;вероятно;19
50;weekday;19;0;22;Метро «Проспект Мира»;0.00974380911640287;205;вероятно;19
50;weekday;19;0;23;Спорткомплекс «Олимпийский»;0.01135985550644042;239;вероятно;19
50;weekday;19;0;24;Ул. Гиляровского;0.007272208755168972;153;вероятно;19
50;weekday;19;0;25;Улица Щепкина;0.012358001806169494;260;вероятно;19
50;weekday;19;0;26;Театр зверей им. Дурова;0.02348020343172204;494;вероятно;19
50;weekday;19;0;27;Самотёчная улица;0.02281477256523599;480;вероятно;19
50;weekday;19;0;28;4-й Самотёчный переулок;0.018917248918674842;398;вероятно;19
50;weekday;19;0;29;Селезнёвская улица;0.013831455867674319;291;вероятно;19
50;weekday;19;0;30;Улица Достоевского;0.01269071723941252;267;вероятно;19
50;weekday;19;0;31;Площадь Борьбы;0.01259565568705737;265;вероятно;19
50;weekday;19;0;32;МИИТ;0.013736394315319169;289;вероятно;19
50;weekday;19;0;33;Ул. Образцова;0.01250059413470222;263;вероятно;19
50;weekday;19;0;34;Д/к МИИТ - Еврейский Музей и Центр толерантности;0.0048006083939350725;101;вероятно;19
50;weekday;19;0;35;Минаевский пер.;0.005561100812776273;117;вероятно;19
50;weekday;19;0;36;Тихвинский пер.;0.003945054422738723;83;вероятно;19
50;weekday;19;0;37;Улица Палиха;0.007699985740767147;162;вероятно;19
50;weekday;19;0;38;Метро «Менделеевская»;0.007557393412234422;159;вероятно;19
50;weekday;19;0;39;Метро «Новослободская»;0.007557393412234422;159;вероятно;19
50;weekday;19;1;1;Метро «Новослободская»;0.01078948619230952;227;вероятно;19
50;weekday;19;1;2;Метро «Новослободская»;0.0048006083939350725;101;вероятно;19
50;weekday;19;1;3;Метро «Менделеевская»;0.0008080231950187746;17;вероятно;19
50;weekday;19;1;4;Улица Палиха;0.002804315794476924;59;вероятно;19
50;weekday;19;1;5;Тихвинский пер.;0.002043823375635724;43;вероятно;19
50;weekday;19;1;6;Минаевский пер.;0.0005703693141308997;12;вероятно;19
50;weekday;19;1;7;Дом культуры МИИТ - Еврейский музей и центр толерантности;0.0009981462997290746;21;вероятно;19
50;weekday;19;1;8;Улица Образцова;0.0017111079423926994;36;вероятно;19
50;weekday;19;1;9;МИИТ;0.002329008032701174;49;вероятно;19
50;weekday;19;1;10;Площадь Борьбы;0.0019012310471029992;40;вероятно;19
50;weekday;19;1;11;Улица Достоевского;0.0019487618232805742;41;вероятно;19
50;weekday;19;1;12;Селезнёвская улица;0.0019487618232805742;41;вероятно;19
50;weekday;19;1;13;4-й Самотёчный переулок;0.002566661913589049;54;вероятно;19
50;weekday;19;1;14;Самотёчная улица;0.0010456770759066495;22;вероятно;19
50;weekday;19;1;15;Театр зверей имени Дурова;0.002186415704168449;46;вероятно;19
50;weekday;19;1;16;Улица Щепкина;0.0016635771662151242;35;вероятно;19
50;weekday;19;1;17;Ул. Гиляровского;0.0008555539711963497;18;вероятно;19
50;weekday;19;1;18;Спорткомплекс «Олимпийский»;0.0007604924188411997;16;вероятно;19
50;weekday;19;1;19;Метро «Проспект Мира»;0.0015685156138599743;33;вероятно;19
50;weekday;19;1;20;Ботанический переулок;0.0010456770759066495;22;вероятно;19
50;weekday;19;1;21;Астраханский переулок;0.002376538808878749;50;вероятно;19
50;weekday;19;1;22;Пантелеевская улица;0.002424069585056324;51;вероятно;19
50;weekday;19;1;23;Каланчёвская улица;0.0033746851086078234;71;вероятно;19
50;weekday;19;1;24;МЦД Площадь трёх вокзалов;0.002851846570654499;60;вероятно;19
50;weekday;19;1;25;Метро «Комсомольская»;0.0033271543324302484;70;вероятно;19
50;weekday;19;1;26;Метро «Красносельская»;0.006416654783972622;135;вероятно;19
50;weekday;19;1;27;Нижняя Красносельская улица;0.0031845620038975235;67;вероятно;19
50;weekday;19;1;28;Ольховская улица;0.004135177527449023;87;вероятно;19
50;weekday;19;1;29;Поликлиника;0.007224677978991397;152;вероятно;19
50;weekday;19;1;30;Басманный двор;0.008412947383430772;177;вероятно;19
50;weekday;19;1;31;Метро «Бауманская»;0.01345120965825372;283;вероятно;19
50;weekday;19;1;32;Аптекарский переулок;0.011502447834973145;242;вероятно;19
50;weekday;19;1;33;МГТУ имени Н.Э. Баумана;0.011597509387328295;244;вероятно;19
50;weekday;19;1;34;Лефортовская наб.;0.01088454774466467;229;вероятно;19
50;weekday;19;1;35;Лефортовский мост;0.011312324730262845;238;вероятно;19
50;weekday;19;1;36;1-й Краснокурсантский проезд;0.009078378249916821;191;вероятно;19
50;weekday;19;1;37;Улица Лефортовский Вал;0.009363562906982271;197;вероятно;19
50;weekday;19;1;38;МЭИ;0.01806169494747849;380;вероятно;19
50;weekday;19;1;39;Метро «Авиамоторная»;0.014401825181805218;303;вероятно;19
50;weekday;19;1;40;Метро «Авиамоторная»;0.011882694044393745;250;вероятно;19
50;weekday;20;0;1;Д/к «Компрессор»;0.003501000285795942;49;вероятно;20
50;weekday;20;0;2;Метро «Авиамоторная»;0.0014289797084881394;20;вероятно;20
50;weekday;20;0;3;Метро «Авиамоторная»;0.003215204344098314;45;вероятно;20
50;weekday;20;0;4;МЭИ;0.003643898256644756;51;вероятно;20
50;weekday;20;0;5;Улица Лефортовский Вал;0.003501000285795942;49;вероятно;20
50;weekday;20;0;6;1-й Краснокурсантский проезд;0.0013575307230637324;19;вероятно;20
50;weekday;20;0;7;Лефортовский мост;0.0014289797084881394;20;вероятно;20
50;weekday;20;0;8;Лефортовская набережная;0.002072020577307802;29;вероятно;20
50;weekday;20;0;9;МГТУ имени Н.Э. Баумана;0.004215490140040011;59;вероятно;20
50;weekday;20;0;10;Аптекарский переулок;0.007073449557016291;99;вероятно;20
50;weekday;20;0;11;Метро «Бауманская»;0.010717347813661047;150;вероятно;20
50;weekday;20;0;12;Басманный двор;0.015933123749642755;223;вероятно;20
50;weekday;20;0;13;Поликлиника;0.005858816804801372;82;вероятно;20
50;weekday;20;0;14;Ольховская улица;0.005930265790225779;83;вероятно;20
50;weekday;20;0;15;Метро «Красносельская»;0.011217490711631894;157;вероятно;20
50;weekday;20;0;16;Метро «Комсомольская»;0.00685910260074307;96;вероятно;20
50;weekday;20;0;17;МЦД Площадь трёх вокзалов;0.006716204629894256;94;вероятно;20
50;weekday;20;0;18;Каланчёвская улица;0.008645327236353244;121;вероятно;20
50;weekday;20;0;19;Пантелеевская улица;0.006573306659045442;92;вероятно;20
50;weekday;20;0;20;Астраханский переулок;0.006787653615318663;95;вероятно;20
50;weekday;20;0;21;Ботанический переулок;0.007859388396684767;110;вероятно;20
50;weekday;20;0;22;Метро «Проспект Мира»;0.006930551586167477;97;вероятно;20
50;weekday;20;0;23;Спорткомплекс «Олимпийский»;0.010503000857387826;147;вероятно;20
50;weekday;20;0;24;Ул. Гиляровского;0.00871677622177765;122;вероятно;20
50;weekday;20;0;25;Улица Щепкина;0.012360674478422406;173;вероятно;20
50;weekday;20;0;26;Театр зверей им. Дурова;0.02500714489854244;350;вероятно;20
50;weekday;20;0;27;Самотёчная улица;0.020505858816804803;287;вероятно;20
50;weekday;20;0;28;4-й Самотёчный переулок;0.012289225492998;172;вероятно;20
50;weekday;20;0;29;Селезнёвская улица;0.02107745070020006;295;вероятно;20
50;weekday;20;0;30;Улица Достоевского;0.011288939697056301;158;вероятно;20
50;weekday;20;0;31;Площадь Борьбы;0.015075735924549872;211;вероятно;20
50;weekday;20;0;32;МИИТ;0.020148613889682768;282;вероятно;20
50;weekday;20;0;33;Ул. Образцова;0.01793369534152615;251;вероятно;20
50;weekday;20;0;34;Д/к МИИТ - Еврейский Музей и Центр толерантности;0.015075735924549872;211;вероятно;20
50;weekday;20;0;35;Минаевский пер.;0.019076879108316663;267;вероятно;20
50;weekday;20;0;36;Тихвинский пер.;0.011503286653329522;161;вероятно;20
50;weekday;20;0;37;Улица Палиха;0.019291226064589884;270;вероятно;20
50;weekday;20;0;38;Метро «Менделеевская»;0.01671906258931123;234;вероятно;20
50;weekday;20;0;39;Метро «Новослободская»;0.023506716204629893;329;вероятно;20
50;weekday;20;1;1;Метро «Новослободская»;0.06266076021720492;877;вероятно;20
50;weekday;20;1;2;Метро «Новослободская»;0.027793655330094313;389;вероятно;20
50;weekday;20;1;3;Метро «Менделеевская»;0.01700485853100886;238;вероятно;20
50;weekday;20;1;4;Улица Палиха;0.02029151186053158;284;вероятно;20
50;weekday;20;1;5;Тихвинский пер.;0.01629036867676479;228;вероятно;20
50;weekday;20;1;6;Минаевский пер.;0.01014575593026579;142;вероятно;20
50;weekday;20;1;7;Дом культуры МИИТ - Еврейский музей и центр толерантности;0.010860245784509859;152;вероятно;20
50;weekday;20;1;8;Улица Образцова;0.017790797370677337;249;вероятно;20
50;weekday;20;1;9;МИИТ;0.02164904258359531;303;вероятно;20
50;weekday;20;1;10;Площадь Борьбы;0.01721920548728208;241;вероятно;20
50;weekday;20;1;11;Улица Достоевского;0.027079165475850243;379;вероятно;20
50;weekday;20;1;12;Селезнёвская улица;0.029222635038582453;409;вероятно;20
50;weekday;20;1;13;4-й Самотёчный переулок;0.01814804229779937;254;вероятно;20
50;weekday;20;1;14;Самотёчная улица;0.02379251214632752;333;вероятно;20
50;weekday;20;1;15;Театр зверей имени Дурова;0.021863389539868532;306;вероятно;20
50;weekday;20;1;16;Улица Щепкина;0.01679051157473564;235;вероятно;20
50;weekday;20;1;17;Ул. Гиляровского;0.015718776793369534;220;вероятно;20
50;weekday;20;1;18;Спорткомплекс «Олимпийский»;0.014718490997427837;206;вероятно;20
50;weekday;20;1;19;Метро «Проспект Мира»;0.01650471563303801;231;вероятно;20
50;weekday;20;1;20;Ботанический переулок;0.010574449842812233;148;вероятно;20
50;weekday;20;1;21;Астраханский переулок;0.007430694484138326;104;вероятно;20
50;weekday;20;1;22;Пантелеевская улица;0.016218919691340383;227;вероятно;20
50;weekday;20;1;23;Каланчёвская улица;0.011646184624178336;163;вероятно;20
50;weekday;20;1;24;МЦД Площадь трёх вокзалов;0.008216633323806802;115;вероятно;20
50;weekday;20;1;25;Метро «Комсомольская»;0.009788511003143756;137;вероятно;20
50;weekday;20;1;26;Метро «Красносельская»;0.01064589882823664;149;вероятно;20
50;weekday;20;1;27;Нижняя Красносельская улица;0.004787082023435267;67;вероятно;20
50;weekday;20;1;28;Ольховская улица;0.007002000571591884;98;вероятно;20
50;weekday;20;1;29;Поликлиника;0.01064589882823664;149;вероятно;20
50;weekday;20;1;30;Басманный двор;0.008573878250928837;120;вероятно;20
50;weekday;20;1;31;Метро «Бауманская»;0.00685910260074307;96;вероятно;20
50;weekday;20;1;32;Аптекарский переулок;0.011288939697056301;158;вероятно;20
50;weekday;20;1;33;МГТУ имени Н.Э. Баумана;0.013289511288939697;186;вероятно;20
50;weekday;20;1;34;Лефортовская наб.;0.006430408688196628;90;вероятно;20
50;weekday;20;1;35;Лефортовский мост;0.007216347527865105;101;вероятно;20
50;weekday;20;1;36;1-й Краснокурсантский проезд;0.004144041154615604;58;вероятно;20
50;weekday;20;1;37;Улица Лефортовский Вал;0.004429837096313232;62;вероятно;20
50;weekday;20;1;38;МЭИ;0.006644755644469849;93;вероятно;20
50;weekday;20;1;39;Метро «Авиамоторная»;0.00778793941126036;109;вероятно;20
50;weekday;20;1;40;Метро «Авиамоторная»;0.009288368105172907;130;вероятно;20
50;weekday;21;0;1;Д/к «Компрессор»;0.06280552603613178;591;вероятно;21
50;weekday;21;0;2;Метро «Авиамоторная»;0.015090329436769395;142;вероятно;21
50;weekday;21;0;3;Метро «Авиамоторная»;0.028480340063761954;268;вероятно;21
50;weekday;21;0;4;МЭИ;0.019766206163655684;186;вероятно;21
50;weekday;21;0;5;Улица Лефортовский Вал;0.01700318809776833;160;вероятно;21
50;weekday;21;0;6;1-й Краснокурсантский проезд;0.011583421891604676;109;вероятно;21
50;weekday;21;0;7;Лефортовский мост;0.014133900106269926;133;вероятно;21
50;weekday;21;0;8;Лефортовская набережная;0.010201912858660999;96;вероятно;21
50;weekday;21;0;9;МГТУ имени Н.Э. Баумана;0.010095642933049946;95;вероятно;21
50;weekday;21;0;10;Аптекарский переулок;0.011052072263549416;104;вероятно;21
50;weekday;21;0;11;Метро «Бауманская»;0.011902231668437832;112;вероятно;21
50;weekday;21;0;12;Басманный двор;0.010414452709883103;98;вероятно;21
50;weekday;21;0;13;Поликлиника;0.0076514346439957494;72;вероятно;21
50;weekday;21;0;14;Ольховская улица;0.004569606801275239;43;вероятно;21
50;weekday;21;0;15;Метро «Красносельская»;0.009883103081827842;93;вероятно;21
50;weekday;21;0;16;Метро «Комсомольская»;0.003931987247608927;37;вероятно;21
50;weekday;21;0;17;МЦД Площадь трёх вокзалов;0.003188097768331562;30;вероятно;21
50;weekday;21;0;18;Каланчёвская улица;0.0061636556854410204;58;вероятно;21
50;weekday;21;0;19;Пантелеевская улица;0.0024442082890541975;23;вероятно;21
50;weekday;21;0;20;Астраханский переулок;0.0036131774707757703;34;вероятно;21
50;weekday;21;0;21;Ботанический переулок;0.0021253985122210413;20;вероятно;21
50;weekday;21;0;22;Метро «Проспект Мира»;0.002763018065887354;26;вероятно;21
50;weekday;21;0;23;Спорткомплекс «Олимпийский»;0.004888416578108395;46;вероятно;21
50;weekday;21;0;24;Ул. Гиляровского;0.0025504782146652497;24;вероятно;21
50;weekday;21;0;25;Улица Щепкина;0.0034006376195536664;32;вероятно;21
50;weekday;21;0;26;Театр зверей им. Дурова;0.006269925611052073;59;вероятно;21
50;weekday;21;0;27;Самотёчная улица;0.006376195536663124;60;вероятно;21
50;weekday;21;0;28;4-й Самотёчный переулок;0.0012752391073326248;12;вероятно;21
50;weekday;21;0;29;Селезнёвская улица;0.001594048884165781;15;вероятно;21
50;weekday;21;0;30;Улица Достоевского;0.001594048884165781;15;вероятно;21
50;weekday;21;0;31;Площадь Борьбы;0.0025504782146652497;24;вероятно;21
50;weekday;21;0;32;МИИТ;0.0017003188097768332;16;вероятно;21
50;weekday;21;0;33;Ул. Образцова;0.0017003188097768332;16;вероятно;21
50;weekday;21;0;34;Д/к МИИТ - Еврейский Музей и Центр толерантности;0.0021253985122210413;20;вероятно;21
50;weekday;21;0;35;Минаевский пер.;0.0005313496280552603;5;вероятно;21
50;weekday;21;0;36;Тихвинский пер.;0.0011689691817215729;11;вероятно;21
50;weekday;21;0;37;Улица Палиха;0.0010626992561105207;10;вероятно;21
50;weekday;21;0;38;Метро «Менделеевская»;0.0009564293304994687;9;вероятно;21
50;weekday;21;0;39;Метро «Новослободская»;0.002763018065887354;26;вероятно;21
50;weekday;21;1;1;Метро «Новослободская»;0.020403825717321997;192;вероятно;21
50;weekday;21;1;2;Метро «Новослободская»;0.00967056323060574;91;вероятно;21
50;weekday;21;1;3;Метро «Менделеевская»;0.0037194473963868225;35;вероятно;21
50;weekday;21;1;4;Улица Палиха;0.006376195536663124;60;вероятно;21
50;weekday;21;1;5;Тихвинский пер.;0.00818278427205101;77;вероятно;21
50;weekday;21;1;6;Минаевский пер.;0.011158342189160468;105;вероятно;21
50;weekday;21;1;7;Дом культуры МИИТ - Еврейский музей и центр толерантности;0.010095642933049946;95;вероятно;21
50;weekday;21;1;8;Улица Образцова;0.013283740701381509;125;вероятно;21
50;weekday;21;1;9;МИИТ;0.014452709883103081;136;вероятно;21
50;weekday;21;1;10;Площадь Борьбы;0.012539851222104145;118;вероятно;21
50;weekday;21;1;11;Улица Достоевского;0.014027630180658874;132;вероятно;21
50;weekday;21;1;12;Селезнёвская улица;0.01487778958554729;140;вероятно;21
50;weekday;21;1;13;4-й Самотёчный переулок;0.01381509032943677;130;вероятно;21
50;weekday;21;1;14;Самотёчная улица;0.02093517534537726;197;вероятно;21
50;weekday;21;1;15;Театр зверей имени Дурова;0.02104144527098831;198;вероятно;21
50;weekday;21;1;16;Улица Щепкина;0.015940488841657812;150;вероятно;21
50;weekday;21;1;17;Ул. Гиляровского;0.01583421891604676;149;вероятно;21
50;weekday;21;1;18;Спорткомплекс «Олимпийский»;0.016578108395324122;156;вероятно;21
50;weekday;21;1;19;Метро «Проспект Мира»;0.0128586609989373;121;вероятно;21
50;weekday;21;1;20;Ботанический переулок;0.010308182784272051;97;вероятно;21
50;weekday;21;1;21;Астраханский переулок;0.016046758767268864;151;вероятно;21
50;weekday;21;1;22;Пантелеевская улица;0.018065887353878853;170;вероятно;21
50;weekday;21;1;23;Каланчёвская улица;0.017321997874601487;163;вероятно;21
50;weekday;21;1;24;МЦД Площадь трёх вокзалов;0.011264612114771519;106;вероятно;21
50;weekday;21;1;25;Метро «Комсомольская»;0.017640807651434644;166;вероятно;21
50;weekday;21;1;26;Метро «Красносельская»;0.01487778958554729;140;вероятно;21
50;weekday;21;1;27;Нижняя Красносельская улица;0.010839532412327312;102;вероятно;21
50;weekday;21;1;28;Ольховская улица;0.006907545164718385;65;вероятно;21
50;weekday;21;1;29;Поликлиника;0.012752391073326248;120;вероятно;21
50;weekday;21;1;30;Басманный двор;0.02157279489904357;203;вероятно;21
50;weekday;21;1;31;Метро «Бауманская»;0.01689691817215728;159;вероятно;21
50;weekday;21;1;32;Аптекарский переулок;0.027311370882040383;257;вероятно;21
50;weekday;21;1;33;МГТУ имени Н.Э. Баумана;0.03273113708820404;308;вероятно;21
50;weekday;21;1;34;Лефортовская наб.;0.024760892667375134;233;вероятно;21
50;weekday;21;1;35;Лефортовский мост;0.025185972369819343;237;вероятно;21
50;weekday;21;1;36;1-й Краснокурсантский проезд;0.01849096705632306;174;вероятно;21
50;weekday;21;1;37;Улица Лефортовский Вал;0.019447396386822528;183;вероятно;21
50;weekday;21;1;38;МЭИ;0.04197662061636557;395;вероятно;21
50;weekday;21;1;39;Метро «Авиамоторная»;0.028480340063761954;268;вероятно;21
50;weekday;21;1;40;Метро «Авиамоторная»;0.03995749202975558;376;вероятно;21
50;weekday;22;0;1;Д/к «Компрессор»;0.05412156536219817;195;вероятно;22
50;weekday;22;0;2;Метро «Авиамоторная»;0.01887316125451013;68;вероятно;22
50;weekday;22;0;3;Метро «Авиамоторная»;0.025256730502359145;91;вероятно;22
50;weekday;22;0;4;МЭИ;0.02192617263391618;79;вероятно;22
50;weekday;22;0;5;Улица Лефортовский Вал;0.029142381348875937;105;вероятно;22
50;weekday;22;0;6;1-й Краснокурсантский проезд;0.019705800721620873;71;вероятно;22
50;weekday;22;0;7;Лефортовский мост;0.020538440188731612;74;вероятно;22
50;weekday;22;0;8;Лефортовская набережная;0.029142381348875937;105;вероятно;22
50;weekday;22;0;9;МГТУ имени Н.Э. Баумана;0.024424091035248403;88;вероятно;22
50;weekday;22;0;10;Аптекарский переулок;0.03608104357479878;130;вероятно;22
50;weekday;22;0;11;Метро «Бауманская»;0.025811823480432972;93;вероятно;22
50;weekday;22;0;12;Басманный двор;0.03691368304190952;133;вероятно;22
50;weekday;22;0;13;Поликлиника;0.028032195392728283;101;вероятно;22
50;weekday;22;0;14;Ольховская улица;0.025256730502359145;91;вероятно;22
50;weekday;22;0;15;Метро «Красносельская»;0.03968914793227866;143;вероятно;22
50;weekday;22;0;16;Метро «Комсомольская»;0.023868998057174576;86;вероятно;22
50;weekday;22;0;17;МЦД Площадь трёх вокзалов;0.020538440188731612;74;вероятно;22
50;weekday;22;0;18;Каланчёвская улица;0.016930335831251735;61;вероятно;22
50;weekday;22;0;19;Пантелеевская улица;0.022203719122953096;80;вероятно;22
50;weekday;22;0;20;Астраханский переулок;0.006661115736885929;24;вероятно;22
50;weekday;22;0;21;Ботанический переулок;0.005550929780738274;20;вероятно;22
50;weekday;22;0;22;Метро «Проспект Мира»;0.008603941160144324;31;вероятно;22
50;weekday;22;0;23;Спорткомплекс «Олимпийский»;0.00832639467110741;30;вероятно;22
50;weekday;22;0;24;Ул. Гиляровского;0.004995836802664446;18;вероятно;22
50;weekday;22;0;25;Улица Щепкина;0.015542603386067166;56;вероятно;22
50;weekday;22;0;26;Театр зверей им. Дурова;0.03275048570635582;118;вероятно;22
50;weekday;22;0;27;Самотёчная улица;0.014709963918956424;53;вероятно;22
50;weekday;22;0;28;4-й Самотёчный переулок;0.018318068276436304;66;вероятно;22
50;weekday;22;0;29;Селезнёвская улица;0.009991673605328892;36;вероятно;22
50;weekday;22;0;30;Улица Достоевского;0.019983347210657785;72;вероятно;22
50;weekday;22;0;31;Площадь Борьбы;0.01359977796280877;49;вероятно;22
50;weekday;22;0;32;МИИТ;0.018595614765473216;67;вероятно;22
50;weekday;22;0;33;Ул. Образцова;0.01498751040799334;54;вероятно;22
50;weekday;22;0;34;Д/к МИИТ - Еврейский Музей и Центр толерантности;0.00832639467110741;30;вероятно;22
50;weekday;22;0;35;Минаевский пер.;0.00832639467110741;30;вероятно;22
50;weekday;22;0;36;Тихвинский пер.;0.008881487649181239;32;вероятно;22
50;weekday;22;0;37;Улица Палиха;0.014154870940882597;51;вероятно;22
50;weekday;22;0;38;Метро «Менделеевская»;0.019428254232583958;70;вероятно;22
50;weekday;22;0;39;Метро «Новослободская»;0.04024424091035248;145;вероятно;22
50;weekday;22;1;1;Метро «Новослободская»;0.028864834859839022;104;вероятно;22
50;weekday;22;1;2;Метро «Новослободская»;0.008603941160144324;31;вероятно;22
50;weekday;22;1;3;Метро «Менделеевская»;0.008881487649181239;32;вероятно;22
50;weekday;22;1;4;Улица Палиха;0.006938662225922842;25;вероятно;22
50;weekday;22;1;5;Тихвинский пер.;0.008048848182070497;29;вероятно;22
50;weekday;22;1;6;Минаевский пер.;0.0019428254232583958;7;вероятно;22
50;weekday;22;1;7;Дом культуры МИИТ - Еврейский музей и центр толерантности;0.0036081043574798777;13;вероятно;22
50;weekday;22;1;8;Улица Образцова;0.004995836802664446;18;вероятно;22
50;weekday;22;1;9;МИИТ;0.002775464890369137;10;вероятно;22
50;weekday;22;1;10;Площадь Борьбы;0.0019428254232583958;7;вероятно;22
50;weekday;22;1;11;Улица Достоевского;0.0036081043574798777;13;вероятно;22
50;weekday;22;1;12;Селезнёвская улица;0.004163197335553705;15;вероятно;22
50;weekday;22;1;13;4-й Самотёчный переулок;0.0016652789342214821;6;вероятно;22
50;weekday;22;1;14;Самотёчная улица;0.004440743824590619;16;вероятно;22
50;weekday;22;1;15;Театр зверей имени Дурова;0.0016652789342214821;6;вероятно;22
50;weekday;22;1;16;Улица Щепкина;0.002775464890369137;10;вероятно;22
50;weekday;22;1;17;Ул. Гиляровского;0.002497918401332223;9;вероятно;22
50;weekday;22;1;18;Спорткомплекс «Олимпийский»;0.0005550929780738274;2;вероятно;22
50;weekday;22;1;19;Метро «Проспект Мира»;0.0030530113794060504;11;вероятно;22
50;weekday;22;1;20;Ботанический переулок;0.0005550929780738274;2;вероятно;22
50;weekday;22;1;21;Астраханский переулок;0.0005550929780738274;2;вероятно;22
50;weekday;22;1;22;Пантелеевская улица;0.0022203719122953097;8;вероятно;22
50;weekday;22;1;23;Каланчёвская улица;0.0016652789342214821;6;вероятно;22
50;weekday;22;1;24;МЦД Площадь трёх вокзалов;0.0019428254232583958;7;вероятно;22
50;weekday;22;1;25;Метро «Комсомольская»;0.002775464890369137;10;вероятно;22
50;weekday;22;1;26;Метро «Красносельская»;0.0022203719122953097;8;вероятно;22
50;weekday;22;1;27;Нижняя Красносельская улица;0.0011101859561476548;4;вероятно;22
50;weekday;22;1;28;Ольховская улица;0.0005550929780738274;2;вероятно;22
50;weekday;22;1;29;Поликлиника;0.0008326394671107411;3;вероятно;22
50;weekday;22;1;30;Басманный двор;0.0005550929780738274;2;вероятно;22
50;weekday;22;1;31;Метро «Бауманская»;0.0038856508465167916;14;вероятно;22
50;weekday;22;1;32;Аптекарский переулок;0.0013877324451845685;5;вероятно;22
50;weekday;22;1;33;МГТУ имени Н.Э. Баумана;0.004163197335553705;15;вероятно;22
50;weekday;22;1;34;Лефортовская наб.;0.006106022758812101;22;вероятно;22
50;weekday;22;1;35;Лефортовский мост;0.006383569247849014;23;вероятно;22
50;weekday;22;1;36;1-й Краснокурсантский проезд;0.0011101859561476548;4;вероятно;22
50;weekday;22;1;37;Улица Лефортовский Вал;0.0033305578684429643;12;вероятно;22
50;weekday;22;1;38;МЭИ;0.013044684984734944;47;вероятно;22
50;weekday;22;1;39;Метро «Авиамоторная»;0.014432417429919511;52;вероятно;22
50;weekday;22;1;40;Метро «Авиамоторная»;0.019705800721620873;71;вероятно;22
50;weekday;23;0;1;Д/к «Компрессор»;0.019291161956034097;43;вероятно;23
50;weekday;23;0;2;Метро «Авиамоторная»;0.004486316733961417;10;вероятно;23
50;weekday;23;0;3;Метро «Авиамоторная»;0.004037685060565276;9;вероятно;23
50;weekday;23;0;4;МЭИ;0.0022431583669807087;5;вероятно;23
50;weekday;23;0;5;Улица Лефортовский Вал;0.004037685060565276;9;вероятно;23
50;weekday;23;0;6;1-й Краснокурсантский проезд;0.0013458950201884253;3;вероятно;23
50;weekday;23;0;7;Лефортовский мост;0.003589053387169134;8;вероятно;23
50;weekday;23;0;8;Лефортовская набережная;0.00493494840735756;11;вероятно;23
50;weekday;23;0;9;МГТУ имени Н.Э. Баумана;0.0026917900403768506;6;вероятно;23
50;weekday;23;0;10;Аптекарский переулок;0.013458950201884253;30;вероятно;23
50;weekday;23;0;11;Метро «Бауманская»;0.01031852848811126;23;вероятно;23
50;weekday;23;0;12;Басманный двор;0.006280843427545985;14;вероятно;23
50;weekday;23;0;13;Поликлиника;0.005832211754149843;13;вероятно;23
50;weekday;23;0;14;Ольховская улица;0.00762673844773441;17;вероятно;23
50;weekday;23;0;15;Метро «Красносельская»;0.011664423508299685;26;вероятно;23
50;weekday;23;0;16;Метро «Комсомольская»;0.007178106774338268;16;вероятно;23
50;weekday;23;0;17;МЦД Площадь трёх вокзалов;0.007178106774338268;16;вероятно;23
50;weekday;23;0;18;Каланчёвская улица;0.00762673844773441;17;вероятно;23
50;weekday;23;0;19;Пантелеевская улица;0.0031404217137729925;7;вероятно;23
50;weekday;23;0;20;Астраханский переулок;0.0031404217137729925;7;вероятно;23
50;weekday;23;0;21;Ботанический переулок;0.007178106774338268;16;вероятно;23
50;weekday;23;0;22;Метро «Проспект Мира»;0.0008972633467922835;2;вероятно;23
50;weekday;23;0;23;Спорткомплекс «Олимпийский»;0.005383580080753701;12;вероятно;23
50;weekday;23;0;24;Ул. Гиляровского;0.005383580080753701;12;вероятно;23
50;weekday;23;0;25;Улица Щепкина;0.00762673844773441;17;вероятно;23
50;weekday;23;0;26;Театр зверей им. Дурова;0.024674742036787798;55;вероятно;23
50;weekday;23;0;27;Самотёчная улица;0.02288021534320323;51;вероятно;23
50;weekday;23;0;28;4-й Самотёчный переулок;0.013458950201884253;30;вероятно;23
50;weekday;23;0;29;Селезнёвская улица;0.018393898609241812;41;вероятно;23
50;weekday;23;0;30;Улица Достоевского;0.008524001794526694;19;вероятно;23
50;weekday;23;0;31;Площадь Борьбы;0.02288021534320323;51;вероятно;23
50;weekday;23;0;32;МИИТ;0.01973979362943024;44;вероятно;23
50;weekday;23;0;33;Ул. Образцова;0.021534320323014805;48;вероятно;23
50;weekday;23;0;34;Д/к МИИТ - Еврейский Музей и Центр толерантности;0.017496635262449527;39;вероятно;23
50;weekday;23;0;35;Минаевский пер.;0.013907581875280395;31;вероятно;23
50;weekday;23;0;36;Тихвинский пер.;0.01256168685509197;28;вероятно;23
50;weekday;23;0;37;Улица Палиха;0.018842530282637954;42;вероятно;23
50;weekday;23;0;38;Метро «Менделеевская»;0.02781516375056079;62;вероятно;23
50;weekday;23;0;39;Метро «Новослободская»;0.05877074921489457;131;вероятно;23
50;weekday;23;1;1;Метро «Новослободская»;0.0870345446388515;194;вероятно;23
50;weekday;23;1;2;Метро «Новослободская»;0.020188425302826378;45;вероятно;23
50;weekday;23;1;3;Метро «Менделеевская»;0.008075370121130552;18;вероятно;23
50;weekday;23;1;4;Улица Палиха;0.02243158366980709;50;вероятно;23
50;weekday;23;1;5;Тихвинский пер.;0.01301031852848811;29;вероятно;23
50;weekday;23;1;6;Минаевский пер.;0.00762673844773441;17;вероятно;23
50;weekday;23;1;7;Дом культуры МИИТ - Еврейский музей и центр толерантности;0.010767160161507403;24;вероятно;23
50;weekday;23;1;8;Улица Образцова;0.01525347689546882;34;вероятно;23
50;weekday;23;1;9;МИИТ;0.017496635262449527;39;вероятно;23
50;weekday;23;1;10;Площадь Борьбы;0.016150740242261104;36;вероятно;23
50;weekday;23;1;11;Улица Достоевского;0.016599371915657246;37;вероятно;23
50;weekday;23;1;12;Селезнёвская улица;0.01525347689546882;34;вероятно;23
50;weekday;23;1;13;4-й Самотёчный переулок;0.01525347689546882;34;вероятно;23
50;weekday;23;1;14;Самотёчная улица;0.017496635262449527;39;вероятно;23
50;weekday;23;1;15;Театр зверей имени Дурова;0.02332884701659937;52;вероятно;23
50;weekday;23;1;16;Улица Щепкина;0.01256168685509197;28;вероятно;23
50;weekday;23;1;17;Ул. Гиляровского;0.010767160161507403;24;вероятно;23
50;weekday;23;1;18;Спорткомплекс «Олимпийский»;0.0031404217137729925;7;вероятно;23
50;weekday;23;1;19;Метро «Проспект Мира»;0.01301031852848811;29;вероятно;23
50;weekday;23;1;20;Ботанический переулок;0.0008972633467922835;2;вероятно;23
50;weekday;23;1;21;Астраханский переулок;0.011664423508299685;26;вероятно;23
50;weekday;23;1;22;Пантелеевская улица;0.008972633467922835;20;вероятно;23
50;weekday;23;1;23;Каланчёвская улица;0.01973979362943024;44;вероятно;23
50;weekday;23;1;24;МЦД Площадь трёх вокзалов;0.00493494840735756;11;вероятно;23
50;weekday;23;1;25;Метро «Комсомольская»;0.01525347689546882;34;вероятно;23
50;weekday;23;1;26;Метро «Красносельская»;0.006729475100942127;15;вероятно;23
50;weekday;23;1;27;Нижняя Красносельская улица;0.00762673844773441;17;вероятно;23
50;weekday;23;1;28;Ольховская улица;0.003589053387169134;8;вероятно;23
50;weekday;23;1;29;Поликлиника;0.001794526693584567;4;вероятно;23
50;weekday;23;1;30;Басманный двор;0.0031404217137729925;7;вероятно;23
50;weekday;23;1;31;Метро «Бауманская»;0.00493494840735756;11;вероятно;23
50;weekday;23;1;32;Аптекарский переулок;0.007178106774338268;16;вероятно;23
50;weekday;23;1;33;МГТУ имени Н.Э. Баумана;0.016150740242261104;36;вероятно;23
50;weekday;23;1;34;Лефортовская наб.;0.021085688649618663;47;вероятно;23
50;weekday;23;1;35;Лефортовский мост;0.003589053387169134;8;вероятно;23
50;weekday;23;1;36;1-й Краснокурсантский проезд;0.003589053387169134;8;вероятно;23
50;weekday;23;1;37;Улица Лефортовский Вал;0.008075370121130552;18;вероятно;23
50;weekday;23;1;38;МЭИ;0.010767160161507403;24;вероятно;23
50;weekday;23;1;39;Метро «Авиамоторная»;0.01256168685509197;28;вероятно;23
50;weekday;23;1;40;Метро «Авиамоторная»;0.024226110363391656;54;вероятно;23
50;weekend;0;0;8;Лефортовская набережная;0.24;6;вероятно;0
50;weekend;0;0;11;Метро «Бауманская»;0.08;2;вероятно;0
50;weekend;0;0;14;Ольховская улица;0.04;1;вероятно;0
50;weekend;0;0;15;Метро «Красносельская»;0.04;1;вероятно;0
50;weekend;0;0;26;Театр зверей им. Дурова;0.12;3;вероятно;0
50;weekend;0;0;38;Метро «Менделеевская»;0.04;1;вероятно;0
50;weekend;0;0;39;Метро «Новослободская»;0.04;1;вероятно;0
50;weekend;0;1;8;Улица Образцова;0.08;2;вероятно;0
50;weekend;0;1;11;Улица Достоевского;0.04;1;вероятно;0
50;weekend;0;1;14;Самотёчная улица;0.04;1;вероятно;0
50;weekend;0;1;19;Метро «Проспект Мира»;0.08;2;вероятно;0
50;weekend;0;1;20;Ботанический переулок;0.04;1;вероятно;0
50;weekend;0;1;30;Басманный двор;0.04;1;вероятно;0
50;weekend;0;1;32;Аптекарский переулок;0.04;1;вероятно;0
50;weekend;0;1;33;МГТУ имени Н.Э. Баумана;0.04;1;вероятно;0
50;weekend;1;0;36;Тихвинский пер.;0.07692307692307693;1;вероятно;1
50;weekend;1;0;39;Метро «Новослободская»;0.07692307692307693;1;вероятно;1
50;weekend;1;1;35;Лефортовский мост;0.23076923076923078;3;вероятно;1
50;weekend;1;1;37;Улица Лефортовский Вал;0.15384615384615385;2;вероятно;1
50;weekend;1;1;38;МЭИ;0.23076923076923078;3;вероятно;1
50;weekend;1;1;40;Метро «Авиамоторная»;0.23076923076923078;3;вероятно;1
50;weekend;2;0;36;Тихвинский пер.;0.07692307692307693;1;вероятно;1
50;weekend;2;0;39;Метро «Новослободская»;0.07692307692307693;1;вероятно;1
50;weekend;2;1;35;Лефортовский мост;0.23076923076923078;3;вероятно;1
50;weekend;2;1;37;Улица Лефортовский Вал;0.15384615384615385;2;вероятно;1
50;weekend;2;1;38;МЭИ;0.23076923076923078;3;вероятно;1
50;weekend;2;1;40;Метро «Авиамоторная»;0.23076923076923078;3;вероятно;1
50;weekend;3;0;1;Д/к «Компрессор»;1.0;1;вероятно;4
50;weekend;4;0;1;Д/к «Компрессор»;1.0;1;вероятно;4
50;weekend;5;0;1;Д/к «Компрессор»;0.02857142857142857;1;вероятно;5
50;weekend;5;0;4;МЭИ;0.02857142857142857;1;вероятно;5
50;weekend;5;0;10;Аптекарский переулок;0.02857142857142857;1;вероятно;5
50;weekend;5;0;12;Басманный двор;0.02857142857142857;1;вероятно;5
50;weekend;5;0;16;Метро «Комсомольская»;0.14285714285714285;5;вероятно;5
50;weekend;5;0;17;МЦД Площадь трёх вокзалов;0.11428571428571428;4;вероятно;5
50;weekend;5;0;18;Каланчёвская улица;0.08571428571428572;3;вероятно;5
50;weekend;5;0;20;Астраханский переулок;0.2857142857142857;10;вероятно;5
50;weekend;5;0;21;Ботанический переулок;0.02857142857142857;1;вероятно;5
50;weekend;5;0;22;Метро «Проспект Мира»;0.05714285714285714;2;вероятно;5
50;weekend;5;0;23;Спорткомплекс «Олимпийский»;0.02857142857142857;1;вероятно;5
50;weekend;5;0;24;Ул. Гиляровского;0.08571428571428572;3;вероятно;5
50;weekend;5;0;25;Улица Щепкина;0.02857142857142857;1;вероятно;5
50;weekend;5;1;1;Метро «Новослободская»;0.02857142857142857;1;вероятно;5
50;weekend;6;0;27;Самотёчная улица;0.061224489795918366;3;вероятно;6
50;weekend;6;0;28;4-й Самотёчный переулок;0.10204081632653061;5;вероятно;6
50;weekend;6;0;29;Селезнёвская улица;0.04081632653061224;2;вероятно;6
50;weekend;6;0;32;МИИТ;0.04081632653061224;2;вероятно;6
50;weekend;6;0;35;Минаевский пер.;0.061224489795918366;3;вероятно;6
50;weekend;6;0;37;Улица Палиха;0.02040816326530612;1;вероятно;6
50;weekend;6;0;38;Метро «Менделеевская»;0.04081632653061224;2;вероятно;6
50;weekend;6;0;39;Метро «Новослободская»;0.08163265306122448;4;вероятно;6
50;weekend;6;1;1;Метро «Новослободская»;0.08163265306122448;4;вероятно;6
50;weekend;6;1;2;Метро «Новослободская»;0.10204081632653061;5;вероятно;6
50;weekend;6;1;4;Улица Палиха;0.24489795918367346;12;вероятно;6
50;weekend;6;1;5;Тихвинский пер.;0.02040816326530612;1;вероятно;6
50;weekend;6;1;6;Минаевский пер.;0.02040816326530612;1;вероятно;6
50;weekend;6;1;12;Селезнёвская улица;0.02040816326530612;1;вероятно;6
50;weekend;6;1;16;Улица Щепкина;0.02040816326530612;1;вероятно;6
50;weekend;6;1;21;Астраханский переулок;0.02040816326530612;1;вероятно;6
50;weekend;6;1;22;Пантелеевская улица;0.02040816326530612;1;вероятно;6
50;weekend;7;1;8;Улица Образцова;0.04;3;вероятно;7
50;weekend;7;1;9;МИИТ;0.04;3;вероятно;7
50;weekend;7;1;10;Площадь Борьбы;0.013333333333333334;1;вероятно;7
50;weekend;7;1;13;4-й Самотёчный переулок;0.013333333333333334;1;вероятно;7
50;weekend;7;1;14;Самотёчная улица;0.02666666666666667;2;вероятно;7
50;weekend;7;1;15;Театр зверей имени Дурова;0.013333333333333334;1;вероятно;7
50;weekend;7;1;18;Спорткомплекс «Олимпийский»;0.013333333333333334;1;вероятно;7
50;weekend;7;1;22;Пантелеевская улица;0.02666666666666667;2;вероятно;7
50;weekend;7;1;24;МЦД Площадь трёх вокзалов;0.05333333333333334;4;вероятно;7
50;weekend;7;1;26;Метро «Красносельская»;0.013333333333333334;1;вероятно;7
50;weekend;7;1;27;Нижняя Красносельская улица;0.02666666666666667;2;вероятно;7
50;weekend;7;1;28;Ольховская улица;0.02666666666666667;2;вероятно;7
50;weekend;7;1;30;Басманный двор;0.05333333333333334;4;вероятно;7
50;weekend;7;1;31;Метро «Бауманская»;0.09333333333333334;7;вероятно;7
50;weekend;7;1;32;Аптекарский переулок;0.10666666666666667;8;вероятно;7
50;weekend;7;1;33;МГТУ имени Н.Э. Баумана;0.05333333333333334;4;вероятно;7
50;weekend;7;1;35;Лефортовский мост;0.09333333333333334;7;вероятно;7
50;weekend;7;1;36;1-й Краснокурсантский проезд;0.10666666666666667;8;вероятно;7
50;weekend;7;1;37;Улица Лефортовский Вал;0.02666666666666667;2;вероятно;7
50;weekend;7;1;38;МЭИ;0.04;3;вероятно;7
50;weekend;7;1;39;Метро «Авиамоторная»;0.04;3;вероятно;7
50;weekend;7;1;40;Метро «Авиамоторная»;0.08;6;вероятно;7
50;weekend;8;0;1;Д/к «Компрессор»;0.10975609756097561;18;вероятно;8
50;weekend;8;0;2;Метро «Авиамоторная»;0.03048780487804878;5;вероятно;8
50;weekend;8;0;3;Метро «Авиамоторная»;0.012195121951219513;2;вероятно;8
50;weekend;8;0;4;МЭИ;0.06097560975609756;10;вероятно;8
50;weekend;8;0;5;Улица Лефортовский Вал;0.024390243902439025;4;вероятно;8
50;weekend;8;0;7;Лефортовский мост;0.024390243902439025;4;вероятно;8
50;weekend;8;0;8;Лефортовская набережная;0.036585365853658534;6;вероятно;8
50;weekend;8;0;10;Аптекарский переулок;0.024390243902439025;4;вероятно;8
50;weekend;8;0;11;Метро «Бауманская»;0.024390243902439025;4;вероятно;8
50;weekend;8;0;12;Басманный двор;0.018292682926829267;3;вероятно;8
50;weekend;8;0;13;Поликлиника;0.006097560975609756;1;вероятно;8
50;weekend;8;0;15;Метро «Красносельская»;0.04878048780487805;8;вероятно;8
50;weekend;8;0;16;Метро «Комсомольская»;0.09146341463414634;15;вероятно;8
50;weekend;8;0;17;МЦД Площадь трёх вокзалов;0.006097560975609756;1;вероятно;8
50;weekend;8;0;18;Каланчёвская улица;0.006097560975609756;1;вероятно;8
50;weekend;8;0;19;Пантелеевская улица;0.012195121951219513;2;вероятно;8
50;weekend;8;0;21;Ботанический переулок;0.006097560975609756;1;вероятно;8
50;weekend;8;0;22;Метро «Проспект Мира»;0.024390243902439025;4;вероятно;8
50;weekend;8;0;23;Спорткомплекс «Олимпийский»;0.018292682926829267;3;вероятно;8
50;weekend;8;0;26;Театр зверей им. Дурова;0.006097560975609756;1;вероятно;8
50;weekend;8;0;27;Самотёчная улица;0.29878048780487804;49;вероятно;8
50;weekend;8;0;28;4-й Самотёчный переулок;0.018292682926829267;3;вероятно;8
50;weekend;8;0;29;Селезнёвская улица;0.006097560975609756;1;вероятно;8
50;weekend;8;1;1;Метро «Новослободская»;0.012195121951219513;2;вероятно;8
50;weekend;8;1;6;Минаевский пер.;0.006097560975609756;1;вероятно;8
50;weekend;8;1;15;Театр зверей имени Дурова;0.006097560975609756;1;вероятно;8
50;weekend;8;1;17;Ул. Гиляровского;0.006097560975609756;1;вероятно;8
50;weekend;8;1;18;Спорткомплекс «Олимпийский»;0.012195121951219513;2;вероятно;8
50;weekend;8;1;36;1-й Краснокурсантский проезд;0.024390243902439025;4;вероятно;8
50;weekend;8;1;40;Метро «Авиамоторная»;0.018292682926829267;3;вероятно;8
50;weekend;9;0;25;Улица Щепкина;0.003676470588235294;1;вероятно;9
50;weekend;9;0;26;Театр зверей им. Дурова;0.003676470588235294;1;вероятно;9
50;weekend;9;0;28;4-й Самотёчный переулок;0.003676470588235294;1;вероятно;9
50;weekend;9;0;29;Селезнёвская улица;0.01838235294117647;5;вероятно;9
50;weekend;9;0;30;Улица Достоевского;0.003676470588235294;1;вероятно;9
50;weekend;9;0;31;Площадь Борьбы;0.03676470588235294;10;вероятно;9
50;weekend;9;0;32;МИИТ;0.022058823529411766;6;вероятно;9
50;weekend;9;0;33;Ул. Образцова;0.18382352941176472;50;вероятно;9
50;weekend;9;0;34;Д/к МИИТ - Еврейский Музей и Центр толерантности;0.007352941176470588;2;вероятно;9
50;weekend;9;0;37;Улица Палиха;0.011029411764705883;3;вероятно;9
50;weekend;9;0;38;Метро «Менделеевская»;0.007352941176470588;2;вероятно;9
50;weekend;9;0;39;Метро «Новослободская»;0.011029411764705883;3;вероятно;9
50;weekend;9;1;1;Метро «Новослободская»;0.31985294117647056;87;вероятно;9
50;weekend;9;1;2;Метро «Новослободская»;0.11029411764705882;30;вероятно;9
50;weekend;9;1;3;Метро «Менделеевская»;0.007352941176470588;2;вероятно;9
50;weekend;9;1;4;Улица Палиха;0.025735294117647058;7;вероятно;9
50;weekend;9;1;6;Минаевский пер.;0.03676470588235294;10;вероятно;9
50;weekend;9;1;7;Дом культуры МИИТ - Еврейский музей и центр толерантности;0.04044117647058824;11;вероятно;9
50;weekend;9;1;8;Улица Образцова;0.07720588235294118;21;вероятно;9
50;weekend;9;1;9;МИИТ;0.011029411764705883;3;вероятно;9
50;weekend;9;1;10;Площадь Борьбы;0.03676470588235294;10;вероятно;9
50;weekend;9;1;12;Селезнёвская улица;0.022058823529411766;6;вероятно;9
50;weekend;10;0;1;Д/к «Компрессор»;0.03680981595092025;6;вероятно;10
50;weekend;10;0;2;Метро «Авиамоторная»;0.012269938650306749;2;вероятно;10
50;weekend;10;0;3;Метро «Авиамоторная»;0.05521472392638037;9;вероятно;10
50;weekend;10;1;1;Метро «Новослободская»;0.03067484662576687;5;вероятно;10
50;weekend;10;1;4;Улица Палиха;0.03680981595092025;6;вероятно;10
50;weekend;10;1;5;Тихвинский пер.;0.006134969325153374;1;вероятно;10
50;weekend;10;1;6;Минаевский пер.;0.018404907975460124;3;вероятно;10
50;weekend;10;1;7;Дом культуры МИИТ - Еврейский музей и центр толерантности;0.006134969325153374;1;вероятно;10
50;weekend;10;1;8;Улица Образцова;0.012269938650306749;2;вероятно;10
50;weekend;10;1;9;МИИТ;0.07975460122699386;13;вероятно;10
50;weekend;10;1;10;Площадь Борьбы;0.04294478527607362;7;вероятно;10
50;weekend;10;1;11;Улица Достоевского;0.012269938650306749;2;вероятно;10
50;weekend;10;1;12;Селезнёвская улица;0.024539877300613498;4;вероятно;10
50;weekend;10;1;13;4-й Самотёчный переулок;0.06748466257668712;11;вероятно;10
50;weekend;10;1;14;Самотёчная улица;0.03680981595092025;6;вероятно;10
50;weekend;10;1;15;Театр зверей имени Дурова;0.018404907975460124;3;вероятно;10
50;weekend;10;1;17;Ул. Гиляровского;0.006134969325153374;1;вероятно;10
50;weekend;10;1;18;Спорткомплекс «Олимпийский»;0.018404907975460124;3;вероятно;10
50;weekend;10;1;19;Метро «Проспект Мира»;0.012269938650306749;2;вероятно;10
50;weekend;10;1;20;Ботанический переулок;0.006134969325153374;1;вероятно;10
50;weekend;10;1;22;Пантелеевская улица;0.049079754601226995;8;вероятно;10
50;weekend;10;1;23;Каланчёвская улица;0.024539877300613498;4;вероятно;10
50;weekend;10;1;24;МЦД Площадь трёх вокзалов;0.024539877300613498;4;вероятно;10
50;weekend;10;1;25;Метро «Комсомольская»;0.018404907975460124;3;вероятно;10
50;weekend;10;1;26;Метро «Красносельская»;0.03067484662576687;5;вероятно;10
50;weekend;10;1;27;Нижняя Красносельская улица;0.006134969325153374;1;вероятно;10
50;weekend;10;1;29;Поликлиника;0.018404907975460124;3;вероятно;10
50;weekend;10;1;30;Басманный двор;0.024539877300613498;4;вероятно;10
50;weekend;10;1;31;Метро «Бауманская»;0.012269938650306749;2;вероятно;10
50;weekend;10;1;32;Аптекарский переулок;0.006134969325153374;1;вероятно;10
50;weekend;10;1;34;Лефортовская наб.;0.03067484662576687;5;вероятно;10
50;weekend;10;1;35;Лефортовский мост;0.03067484662576687;5;вероятно;10
50;weekend;10;1;36;1-й Краснокурсантский проезд;0.05521472392638037;9;вероятно;10
50;weekend;10;1;37;Улица Лефортовский Вал;0.012269938650306749;2;вероятно;10
50;weekend;10;1;38;МЭИ;0.049079754601226995;8;вероятно;10
50;weekend;10;1;39;Метро «Авиамоторная»;0.03680981595092025;6;вероятно;10
50;weekend;10;1;40;Метро «Авиамоторная»;0.03067484662576687;5;вероятно;10
50;weekend;11;0;1;Д/к «Компрессор»;0.007281553398058253;3;вероятно;11
50;weekend;11;0;3;Метро «Авиамоторная»;0.03155339805825243;13;вероятно;11
50;weekend;11;0;4;МЭИ;0.0412621359223301;17;вероятно;11
50;weekend;11;0;5;Улица Лефортовский Вал;0.06067961165048544;25;вероятно;11
50;weekend;11;0;6;1-й Краснокурсантский проезд;0.019417475728155338;8;вероятно;11
50;weekend;11;0;7;Лефортовский мост;0.021844660194174758;9;вероятно;11
50;weekend;11;0;8;Лефортовская набережная;0.021844660194174758;9;вероятно;11
50;weekend;11;0;9;МГТУ имени Н.Э. Баумана;0.019417475728155338;8;вероятно;11
50;weekend;11;0;10;Аптекарский переулок;0.012135922330097087;5;вероятно;11
50;weekend;11;0;11;Метро «Бауманская»;0.055825242718446605;23;вероятно;11
50;weekend;11;0;12;Басманный двор;0.02669902912621359;11;вероятно;11
50;weekend;11;0;13;Поликлиника;0.014563106796116505;6;вероятно;11
50;weekend;11;0;14;Ольховская улица;0.007281553398058253;3;вероятно;11
50;weekend;11;0;15;Метро «Красносельская»;0.038834951456310676;16;вероятно;11
50;weekend;11;0;16;Метро «Комсомольская»;0.021844660194174758;9;вероятно;11
50;weekend;11;0;17;МЦД Площадь трёх вокзалов;0.02912621359223301;12;вероятно;11
50;weekend;11;0;18;Каланчёвская улица;0.019417475728155338;8;вероятно;11
50;weekend;11;0;19;Пантелеевская улица;0.019417475728155338;8;вероятно;11
50;weekend;11;0;20;Астраханский переулок;0.0048543689320388345;2;вероятно;11
50;weekend;11;0;23;Спорткомплекс «Олимпийский»;0.0048543689320388345;2;вероятно;11
50;weekend;11;0;24;Ул. Гиляровского;0.012135922330097087;5;вероятно;11
50;weekend;11;0;25;Улица Щепкина;0.0024271844660194173;1;вероятно;11
50;weekend;11;0;26;Театр зверей им. Дурова;0.009708737864077669;4;вероятно;11
50;weekend;11;0;27;Самотёчная улица;0.009708737864077669;4;вероятно;11
50;weekend;11;0;28;4-й Самотёчный переулок;0.019417475728155338;8;вероятно;11
50;weekend;11;0;29;Селезнёвская улица;0.012135922330097087;5;вероятно;11
50;weekend;11;0;30;Улица Достоевского;0.08980582524271845;37;вероятно;11
50;weekend;11;0;31;Площадь Борьбы;0.01699029126213592;7;вероятно;11
50;weekend;11;0;32;МИИТ;0.007281553398058253;3;вероятно;11
50;weekend;11;0;33;Ул. Образцова;0.009708737864077669;4;вероятно;11
50;weekend;11;0;34;Д/к МИИТ - Еврейский Музей и Центр толерантности;0.012135922330097087;5;вероятно;11
50;weekend;11;0;35;Минаевский пер.;0.01699029126213592;7;вероятно;11
50;weekend;11;0;36;Тихвинский пер.;0.02669902912621359;11;вероятно;11
50;weekend;11;0;37;Улица Палиха;0.02912621359223301;12;вероятно;11
50;weekend;11;0;38;Метро «Менделеевская»;0.0048543689320388345;2;вероятно;11
50;weekend;11;0;39;Метро «Новослободская»;0.009708737864077669;4;вероятно;11
50;weekend;11;1;16;Улица Щепкина;0.0048543689320388345;2;вероятно;11
50;weekend;11;1;17;Ул. Гиляровского;0.0024271844660194173;1;вероятно;11
50;weekend;11;1;19;Метро «Проспект Мира»;0.0024271844660194173;1;вероятно;11
50;weekend;11;1;29;Поликлиника;0.03155339805825243;13;вероятно;11
50;weekend;11;1;30;Басманный двор;0.02912621359223301;12;вероятно;11
50;weekend;11;1;31;Метро «Бауманская»;0.03640776699029126;15;вероятно;11
50;weekend;11;1;32;Аптекарский переулок;0.0048543689320388345;2;вероятно;11
50;weekend;11;1;33;МГТУ имени Н.Э. Баумана;0.012135922330097087;5;вероятно;11
50;weekend;11;1;34;Лефортовская наб.;0.014563106796116505;6;вероятно;11
50;weekend;11;1;36;1-й Краснокурсантский проезд;0.007281553398058253;3;вероятно;11
50;weekend;11;1;37;Улица Лефортовский Вал;0.019417475728155338;8;вероятно;11
50;weekend;11;1;38;МЭИ;0.03155339805825243;13;вероятно;11
50;weekend;11;1;39;Метро «Авиамоторная»;0.012135922330097087;5;вероятно;11
50;weekend;11;1;40;Метро «Авиамоторная»;0.024271844660194174;10;вероятно;11
50;weekend;12;0;1;Д/к «Компрессор»;0.0024813895781637717;1;вероятно;12
50;weekend;12;0;3;Метро «Авиамоторная»;0.007444168734491315;3;вероятно;12
50;weekend;12;0;4;МЭИ;0.009925558312655087;4;вероятно;12
50;weekend;12;0;5;Улица Лефортовский Вал;0.017369727047146403;7;вероятно;12
50;weekend;12;0;6;1-й Краснокурсантский проезд;0.0024813895781637717;1;вероятно;12
50;weekend;12;0;7;Лефортовский мост;0.0024813895781637717;1;вероятно;12
50;weekend;12;0;8;Лефортовская набережная;0.0024813895781637717;1;вероятно;12
50;weekend;12;0;10;Аптекарский переулок;0.019851116625310174;8;вероятно;12
50;weekend;12;0;12;Басманный двор;0.0024813895781637717;1;вероятно;12
50;weekend;12;0;13;Поликлиника;0.0024813895781637717;1;вероятно;12
50;weekend;12;0;16;Метро «Комсомольская»;0.01488833746898263;6;вероятно;12
50;weekend;12;0;17;МЦД Площадь трёх вокзалов;0.007444168734491315;3;вероятно;12
50;weekend;12;0;21;Ботанический переулок;0.004962779156327543;2;вероятно;12
50;weekend;12;0;22;Метро «Проспект Мира»;0.0024813895781637717;1;вероятно;12
50;weekend;12;0;25;Улица Щепкина;0.0024813895781637717;1;вероятно;12
50;weekend;12;0;31;Площадь Борьбы;0.004962779156327543;2;вероятно;12
50;weekend;12;0;32;МИИТ;0.01240694789081886;5;вероятно;12
50;weekend;12;0;33;Ул. Образцова;0.004962779156327543;2;вероятно;12
50;weekend;12;0;37;Улица Палиха;0.004962779156327543;2;вероятно;12
50;weekend;12;0;39;Метро «Новослободская»;0.007444168734491315;3;вероятно;12
50;weekend;12;1;1;Метро «Новослободская»;0.12903225806451613;52;вероятно;12
50;weekend;12;1;2;Метро «Новослободская»;0.04218362282878412;17;вероятно;12
50;weekend;12;1;3;Метро «Менделеевская»;0.10173697270471464;41;вероятно;12
50;weekend;12;1;4;Улица Палиха;0.04714640198511166;19;вероятно;12
50;weekend;12;1;5;Тихвинский пер.;0.009925558312655087;4;вероятно;12
50;weekend;12;1;6;Минаевский пер.;0.007444168734491315;3;вероятно;12
50;weekend;12;1;7;Дом культуры МИИТ - Еврейский музей и центр толерантности;0.02481389578163772;10;вероятно;12
50;weekend;12;1;8;Улица Образцова;0.04218362282878412;17;вероятно;12
50;weekend;12;1;9;МИИТ;0.04962779156327544;20;вероятно;12
50;weekend;12;1;10;Площадь Борьбы;0.03225806451612903;13;вероятно;12
50;weekend;12;1;11;Улица Достоевского;0.009925558312655087;4;вероятно;12
50;weekend;12;1;12;Селезнёвская улица;0.022332506203473945;9;вероятно;12
50;weekend;12;1;13;4-й Самотёчный переулок;0.03225806451612903;13;вероятно;12
50;weekend;12;1;14;Самотёчная улица;0.022332506203473945;9;вероятно;12
50;weekend;12;1;15;Театр зверей имени Дурова;0.022332506203473945;9;вероятно;12
50;weekend;12;1;16;Улица Щепкина;0.03225806451612903;13;вероятно;12
50;weekend;12;1;17;Ул. Гиляровского;0.017369727047146403;7;вероятно;12
50;weekend;12;1;18;Спорткомплекс «Олимпийский»;0.01240694789081886;5;вероятно;12
50;weekend;12;1;19;Метро «Проспект Мира»;0.019851116625310174;8;вероятно;12
50;weekend;12;1;20;Ботанический переулок;0.01240694789081886;5;вероятно;12
50;weekend;12;1;21;Астраханский переулок;0.017369727047146403;7;вероятно;12
50;weekend;12;1;22;Пантелеевская улица;0.034739454094292806;14;вероятно;12
50;weekend;12;1;23;Каланчёвская улица;0.02481389578163772;10;вероятно;12
50;weekend;12;1;28;Ольховская улица;0.02481389578163772;10;вероятно;12
50;weekend;12;1;29;Поликлиника;0.0024813895781637717;1;вероятно;12
50;weekend;12;1;30;Басманный двор;0.007444168734491315;3;вероятно;12
50;weekend;12;1;31;Метро «Бауманская»;0.009925558312655087;4;вероятно;12
50;weekend;12;1;32;Аптекарский переулок;0.007444168734491315;3;вероятно;12
50;weekend;12;1;33;МГТУ имени Н.Э. Баумана;0.007444168734491315;3;вероятно;12
50;weekend;12;1;34;Лефортовская наб.;0.0024813895781637717;1;вероятно;12
50;weekend;12;1;35;Лефортовский мост;0.004962779156327543;2;вероятно;12
50;weekend;12;1;38;МЭИ;0.02481389578163772;10;вероятно;12
50;weekend;12;1;40;Метро «Авиамоторная»;0.004962779156327543;2;вероятно;12
50;weekend;13;0;1;Д/к «Компрессор»;0.060209424083769635;23;вероятно;13
50;weekend;13;0;2;Метро «Авиамоторная»;0.02356020942408377;9;вероятно;13
50;weekend;13;0;3;Метро «Авиамоторная»;0.020942408376963352;8;вероятно;13
50;weekend;13;0;4;МЭИ;0.06282722513089005;24;вероятно;13
50;weekend;13;0;5;Улица Лефортовский Вал;0.05759162303664921;22;вероятно;13
50;weekend;13;0;6;1-й Краснокурсантский проезд;0.002617801047120419;1;вероятно;13
50;weekend;13;0;7;Лефортовский мост;0.007853403141361256;3;вероятно;13
50;weekend;13;0;8;Лефортовская набережная;0.02356020942408377;9;вероятно;13
50;weekend;13;0;9;МГТУ имени Н.Э. Баумана;0.010471204188481676;4;вероятно;13
50;weekend;13;0;10;Аптекарский переулок;0.06806282722513089;26;вероятно;13
50;weekend;13;0;11;Метро «Бауманская»;0.002617801047120419;1;вероятно;13
50;weekend;13;0;12;Басманный двор;0.034031413612565446;13;вероятно;13
50;weekend;13;0;13;Поликлиника;0.013089005235602094;5;вероятно;13
50;weekend;13;0;15;Метро «Красносельская»;0.005235602094240838;2;вероятно;13
50;weekend;13;0;16;Метро «Комсомольская»;0.002617801047120419;1;вероятно;13
50;weekend;13;0;17;МЦД Площадь трёх вокзалов;0.007853403141361256;3;вероятно;13
50;weekend;13;0;18;Каланчёвская улица;0.02617801047120419;10;вероятно;13
50;weekend;13;0;20;Астраханский переулок;0.005235602094240838;2;вероятно;13
50;weekend;13;0;21;Ботанический переулок;0.002617801047120419;1;вероятно;13
50;weekend;13;1;1;Метро «Новослободская»;0.005235602094240838;2;вероятно;13
50;weekend;13;1;2;Метро «Новослободская»;0.002617801047120419;1;вероятно;13
50;weekend;13;1;4;Улица Палиха;0.020942408376963352;8;вероятно;13
50;weekend;13;1;8;Улица Образцова;0.007853403141361256;3;вероятно;13
50;weekend;13;1;9;МИИТ;0.015706806282722512;6;вероятно;13
50;weekend;13;1;11;Улица Достоевского;0.02356020942408377;9;вероятно;13
50;weekend;13;1;12;Селезнёвская улица;0.002617801047120419;1;вероятно;13
50;weekend;13;1;13;4-й Самотёчный переулок;0.015706806282722512;6;вероятно;13
50;weekend;13;1;14;Самотёчная улица;0.007853403141361256;3;вероятно;13
50;weekend;13;1;15;Театр зверей имени Дурова;0.002617801047120419;1;вероятно;13
50;weekend;13;1;16;Улица Щепкина;0.007853403141361256;3;вероятно;13
50;weekend;13;1;18;Спорткомплекс «Олимпийский»;0.010471204188481676;4;вероятно;13
50;weekend;13;1;19;Метро «Проспект Мира»;0.010471204188481676;4;вероятно;13
50;weekend;13;1;20;Ботанический переулок;0.007853403141361256;3;вероятно;13
50;weekend;13;1;21;Астраханский переулок;0.010471204188481676;4;вероятно;13
50;weekend;13;1;22;Пантелеевская улица;0.007853403141361256;3;вероятно;13
50;weekend;13;1;23;Каланчёвская улица;0.034031413612565446;13;вероятно;13
50;weekend;13;1;24;МЦД Площадь трёх вокзалов;0.015706806282722512;6;вероятно;13
50;weekend;13;1;25;Метро «Комсомольская»;0.034031413612565446;13;вероятно;13
50;weekend;13;1;26;Метро «Красносельская»;0.015706806282722512;6;вероятно;13
50;weekend;13;1;27;Нижняя Красносельская улица;0.002617801047120419;1;вероятно;13
50;weekend;13;1;28;Ольховская улица;0.09162303664921466;35;вероятно;13
50;weekend;13;1;29;Поликлиника;0.015706806282722512;6;вероятно;13
50;weekend;13;1;30;Басманный двор;0.034031413612565446;13;вероятно;13
50;weekend;13;1;31;Метро «Бауманская»;0.01832460732984293;7;вероятно;13
50;weekend;13;1;32;Аптекарский переулок;0.010471204188481676;4;вероятно;13
50;weekend;13;1;33;МГТУ имени Н.Э. Баумана;0.013089005235602094;5;вероятно;13
50;weekend;13;1;34;Лефортовская наб.;0.03664921465968586;14;вероятно;13
50;weekend;13;1;35;Лефортовский мост;0.020942408376963352;8;вероятно;13
50;weekend;13;1;36;1-й Краснокурсантский проезд;0.010471204188481676;4;вероятно;13
50;weekend;13;1;38;МЭИ;0.02617801047120419;10;вероятно;13
50;weekend;13;1;39;Метро «Авиамоторная»;0.013089005235602094;5;вероятно;13
50;weekend;13;1;40;Метро «Авиамоторная»;0.010471204188481676;4;вероятно;13
50;weekend;14;0;1;Д/к «Компрессор»;0.061191626409017714;38;вероятно;14
50;weekend;14;0;2;Метро «Авиамоторная»;0.017713365539452495;11;вероятно;14
50;weekend;14;0;3;Метро «Авиамоторная»;0.020933977455716585;13;вероятно;14
50;weekend;14;0;4;МЭИ;0.04669887278582931;29;вероятно;14
50;weekend;14;0;5;Улица Лефортовский Вал;0.01288244766505636;8;вероятно;14
50;weekend;14;0;6;1-й Краснокурсантский проезд;0.01288244766505636;8;вероятно;14
50;weekend;14;0;7;Лефортовский мост;0.00322061191626409;2;вероятно;14
50;weekend;14;0;8;Лефортовская набережная;0.027375201288244767;17;вероятно;14
50;weekend;14;0;9;МГТУ имени Н.Э. Баумана;0.008051529790660225;5;вероятно;14
50;weekend;14;0;10;Аптекарский переулок;0.040257648953301126;25;вероятно;14
50;weekend;14;0;11;Метро «Бауманская»;0.03864734299516908;24;вероятно;14
50;weekend;14;0;12;Басманный двор;0.05152979066022544;32;вероятно;14
50;weekend;14;0;13;Поликлиника;0.01932367149758454;12;вероятно;14
50;weekend;14;0;14;Ольховская улица;0.037037037037037035;23;вероятно;14
50;weekend;14;0;15;Метро «Красносельская»;0.037037037037037035;23;вероятно;14
50;weekend;14;0;16;Метро «Комсомольская»;0.014492753623188406;9;вероятно;14
50;weekend;14;0;17;МЦД Площадь трёх вокзалов;0.01932367149758454;12;вероятно;14
50;weekend;14;0;18;Каланчёвская улица;0.043478260869565216;27;вероятно;14
50;weekend;14;0;19;Пантелеевская улица;0.0322061191626409;20;вероятно;14
50;weekend;14;0;20;Астраханский переулок;0.02576489533011272;16;вероятно;14
50;weekend;14;0;21;Ботанический переулок;0.00966183574879227;6;вероятно;14
50;weekend;14;0;22;Метро «Проспект Мира»;0.017713365539452495;11;вероятно;14
50;weekend;14;0;23;Спорткомплекс «Олимпийский»;0.004830917874396135;3;вероятно;14
50;weekend;14;0;24;Ул. Гиляровского;0.001610305958132045;1;вероятно;14
50;weekend;14;0;25;Улица Щепкина;0.04186795491143317;26;вероятно;14
50;weekend;14;0;26;Театр зверей им. Дурова;0.024154589371980676;15;вероятно;14
50;weekend;14;0;27;Самотёчная улица;0.008051529790660225;5;вероятно;14
50;weekend;14;0;28;4-й Самотёчный переулок;0.00644122383252818;4;вероятно;14
50;weekend;14;0;29;Селезнёвская улица;0.037037037037037035;23;вероятно;14
50;weekend;14;0;30;Улица Достоевского;0.024154589371980676;15;вероятно;14
50;weekend;14;0;31;Площадь Борьбы;0.01932367149758454;12;вероятно;14
50;weekend;14;0;32;МИИТ;0.02576489533011272;16;вероятно;14
50;weekend;14;0;33;Ул. Образцова;0.00644122383252818;4;вероятно;14
50;weekend;14;0;34;Д/к МИИТ - Еврейский Музей и Центр толерантности;0.017713365539452495;11;вероятно;14
50;weekend;14;0;35;Минаевский пер.;0.017713365539452495;11;вероятно;14
50;weekend;14;0;36;Тихвинский пер.;0.043478260869565216;27;вероятно;14
50;weekend;14;0;37;Улица Палиха;0.008051529790660225;5;вероятно;14
50;weekend;14;0;38;Метро «Менделеевская»;0.028985507246376812;18;вероятно;14
50;weekend;14;0;39;Метро «Новослободская»;0.004830917874396135;3;вероятно;14
50;weekend;14;1;1;Метро «Новослободская»;0.024154589371980676;15;вероятно;14
50;weekend;14;1;2;Метро «Новослободская»;0.00644122383252818;4;вероятно;14
50;weekend;14;1;3;Метро «Менделеевская»;0.00322061191626409;2;вероятно;14
50;weekend;14;1;4;Улица Палиха;0.001610305958132045;1;вероятно;14
50;weekend;14;1;5;Тихвинский пер.;0.004830917874396135;3;вероятно;14
50;weekend;14;1;6;Минаевский пер.;0.008051529790660225;5;вероятно;14
50;weekend;14;1;7;Дом культуры МИИТ - Еврейский музей и центр толерантности;0.001610305958132045;1;вероятно;14
50;weekend;14;1;9;МИИТ;0.00644122383252818;4;вероятно;14
50;weekend;14;1;34;Лефортовская наб.;0.001610305958132045;1;вероятно;14
50;weekend;14;1;36;1-й Краснокурсантский проезд;0.004830917874396135;3;вероятно;14
50;weekend;14;1;38;МЭИ;0.004830917874396135;3;вероятно;14
50;weekend;14;1;39;Метро «Авиамоторная»;0.01288244766505636;8;вероятно;14
50;weekend;14;1;40;Метро «Авиамоторная»;0.001610305958132045;1;вероятно;14
50;weekend;15;0;14;Ольховская улица;0.0016891891891891893;1;вероятно;15
50;weekend;15;0;15;Метро «Красносельская»;0.005067567567567568;3;вероятно;15
50;weekend;15;0;16;Метро «Комсомольская»;0.006756756756756757;4;вероятно;15
50;weekend;15;0;17;МЦД Площадь трёх вокзалов;0.008445945945945946;5;вероятно;15
50;weekend;15;0;18;Каланчёвская улица;0.016891891891891893;10;вероятно;15
50;weekend;15;0;22;Метро «Проспект Мира»;0.005067567567567568;3;вероятно;15
50;weekend;15;0;23;Спорткомплекс «Олимпийский»;0.005067567567567568;3;вероятно;15
50;weekend;15;0;25;Улица Щепкина;0.006756756756756757;4;вероятно;15
50;weekend;15;0;26;Театр зверей им. Дурова;0.04560810810810811;27;вероятно;15
50;weekend;15;0;27;Самотёчная улица;0.015202702702702704;9;вероятно;15
50;weekend;15;0;28;4-й Самотёчный переулок;0.010135135135135136;6;вероятно;15
50;weekend;15;0;29;Селезнёвская улица;0.02027027027027027;12;вероятно;15
50;weekend;15;0;30;Улица Достоевского;0.005067567567567568;3;вероятно;15
50;weekend;15;0;31;Площадь Борьбы;0.015202702702702704;9;вероятно;15
50;weekend;15;0;32;МИИТ;0.011824324324324325;7;вероятно;15
50;weekend;15;0;33;Ул. Образцова;0.030405405405405407;18;вероятно;15
50;weekend;15;0;34;Д/к МИИТ - Еврейский Музей и Центр толерантности;0.0033783783783783786;2;вероятно;15
50;weekend;15;0;35;Минаевский пер.;0.0016891891891891893;1;вероятно;15
50;weekend;15;0;37;Улица Палиха;0.010135135135135136;6;вероятно;15
50;weekend;15;0;38;Метро «Менделеевская»;0.0016891891891891893;1;вероятно;15
50;weekend;15;0;39;Метро «Новослободская»;0.008445945945945946;5;вероятно;15
50;weekend;15;1;1;Метро «Новослободская»;0.13344594594594594;79;вероятно;15
50;weekend;15;1;2;Метро «Новослободская»;0.04391891891891892;26;вероятно;15
50;weekend;15;1;3;Метро «Менделеевская»;0.02533783783783784;15;вероятно;15
50;weekend;15;1;4;Улица Палиха;0.011824324324324325;7;вероятно;15
50;weekend;15;1;5;Тихвинский пер.;0.016891891891891893;10;вероятно;15
50;weekend;15;1;6;Минаевский пер.;0.018581081081081082;11;вероятно;15
50;weekend;15;1;7;Дом культуры МИИТ - Еврейский музей и центр толерантности;0.016891891891891893;10;вероятно;15
50;weekend;15;1;8;Улица Образцова;0.008445945945945946;5;вероятно;15
50;weekend;15;1;9;МИИТ;0.04222972972972973;25;вероятно;15
50;weekend;15;1;10;Площадь Борьбы;0.030405405405405407;18;вероятно;15
50;weekend;15;1;11;Улица Достоевского;0.015202702702702704;9;вероятно;15
50;weekend;15;1;12;Селезнёвская улица;0.005067567567567568;3;вероятно;15
50;weekend;15;1;13;4-й Самотёчный переулок;0.005067567567567568;3;вероятно;15
50;weekend;15;1;14;Самотёчная улица;0.04391891891891892;26;вероятно;15
50;weekend;15;1;15;Театр зверей имени Дурова;0.02364864864864865;14;вероятно;15
50;weekend;15;1;16;Улица Щепкина;0.016891891891891893;10;вероятно;15
50;weekend;15;1;17;Ул. Гиляровского;0.013513513513513514;8;вероятно;15
50;weekend;15;1;18;Спорткомплекс «Олимпийский»;0.03547297297297297;21;вероятно;15
50;weekend;15;1;19;Метро «Проспект Мира»;0.011824324324324325;7;вероятно;15
50;weekend;15;1;20;Ботанический переулок;0.0016891891891891893;1;вероятно;15
50;weekend;15;1;21;Астраханский переулок;0.008445945945945946;5;вероятно;15
50;weekend;15;1;22;Пантелеевская улица;0.008445945945945946;5;вероятно;15
50;weekend;15;1;23;Каланчёвская улица;0.015202702702702704;9;вероятно;15
50;weekend;15;1;24;МЦД Площадь трёх вокзалов;0.015202702702702704;9;вероятно;15
50;weekend;15;1;25;Метро «Комсомольская»;0.015202702702702704;9;вероятно;15
50;weekend;15;1;26;Метро «Красносельская»;0.008445945945945946;5;вероятно;15
50;weekend;15;1;27;Нижняя Красносельская улица;0.0016891891891891893;1;вероятно;15
50;weekend;15;1;28;Ольховская улица;0.0016891891891891893;1;вероятно;15
50;weekend;15;1;29;Поликлиника;0.018581081081081082;11;вероятно;15
50;weekend;15;1;30;Басманный двор;0.030405405405405407;18;вероятно;15
50;weekend;15;1;31;Метро «Бауманская»;0.03209459459459459;19;вероятно;15
50;weekend;15;1;32;Аптекарский переулок;0.03209459459459459;19;вероятно;15
50;weekend;15;1;33;МГТУ имени Н.Э. Баумана;0.018581081081081082;11;вероятно;15
50;weekend;15;1;34;Лефортовская наб.;0.005067567567567568;3;вероятно;15
50;weekend;15;1;35;Лефортовский мост;0.02195945945945946;13;вероятно;15
50;weekend;15;1;37;Улица Лефортовский Вал;0.005067567567567568;3;вероятно;15
50;weekend;15;1;38;МЭИ;0.0033783783783783786;2;вероятно;15
50;weekend;15;1;40;Метро «Авиамоторная»;0.0033783783783783786;2;вероятно;15
50;weekend;16;0;1;Д/к «Компрессор»;0.06537102473498234;37;вероятно;16
50;weekend;16;0;2;Метро «Авиамоторная»;0.0088339222614841;5;вероятно;16
50;weekend;16;0;3;Метро «Авиамоторная»;0.04063604240282685;23;вероятно;16
50;weekend;16;0;4;МЭИ;0.019434628975265017;11;вероятно;16
50;weekend;16;0;5;Улица Лефортовский Вал;0.0176678445229682;10;вероятно;16
50;weekend;16;0;6;1-й Краснокурсантский проезд;0.007067137809187279;4;вероятно;16
50;weekend;16;0;7;Лефортовский мост;0.0088339222614841;5;вероятно;16
50;weekend;16;0;8;Лефортовская набережная;0.0353356890459364;20;вероятно;16
50;weekend;16;0;9;МГТУ имени Н.Э. Баумана;0.007067137809187279;4;вероятно;16
50;weekend;16;0;10;Аптекарский переулок;0.02120141342756184;12;вероятно;16
50;weekend;16;0;11;Метро «Бауманская»;0.04063604240282685;23;вероятно;16
50;weekend;16;0;12;Басманный двор;0.054770318021201414;31;вероятно;16
50;weekend;16;0;13;Поликлиника;0.01060070671378092;6;вероятно;16
50;weekend;16;0;14;Ольховская улица;0.0017667844522968198;1;вероятно;16
50;weekend;16;0;16;Метро «Комсомольская»;0.0017667844522968198;1;вероятно;16
50;weekend;16;0;18;Каланчёвская улица;0.026501766784452298;15;вероятно;16
50;weekend;16;0;19;Пантелеевская улица;0.007067137809187279;4;вероятно;16
50;weekend;16;1;6;Минаевский пер.;0.015901060070671377;9;вероятно;16
50;weekend;16;1;7;Дом культуры МИИТ - Еврейский музей и центр толерантности;0.019434628975265017;11;вероятно;16
50;weekend;16;1;9;МИИТ;0.0017667844522968198;1;вероятно;16
50;weekend;16;1;10;Площадь Борьбы;0.01060070671378092;6;вероятно;16
50;weekend;16;1;12;Селезнёвская улица;0.00530035335689046;3;вероятно;16
50;weekend;16;1;13;4-й Самотёчный переулок;0.012367491166077738;7;вероятно;16
50;weekend;16;1;14;Самотёчная улица;0.02120141342756184;12;вероятно;16
50;weekend;16;1;15;Театр зверей имени Дурова;0.028268551236749116;16;вероятно;16
50;weekend;16;1;16;Улица Щепкина;0.028268551236749116;16;вероятно;16
50;weekend;16;1;17;Ул. Гиляровского;0.026501766784452298;15;вероятно;16
50;weekend;16;1;18;Спорткомплекс «Олимпийский»;0.0088339222614841;5;вероятно;16
50;weekend;16;1;19;Метро «Проспект Мира»;0.0035335689045936395;2;вероятно;16
50;weekend;16;1;20;Ботанический переулок;0.0017667844522968198;1;вероятно;16
50;weekend;16;1;21;Астраханский переулок;0.0035335689045936395;2;вероятно;16
50;weekend;16;1;22;Пантелеевская улица;0.0017667844522968198;1;вероятно;16
50;weekend;16;1;23;Каланчёвская улица;0.030035335689045935;17;вероятно;16
50;weekend;16;1;24;МЦД Площадь трёх вокзалов;0.014134275618374558;8;вероятно;16
50;weekend;16;1;25;Метро «Комсомольская»;0.03180212014134275;18;вероятно;16
50;weekend;16;1;26;Метро «Красносельская»;0.00530035335689046;3;вероятно;16
50;weekend;16;1;27;Нижняя Красносельская улица;0.00530035335689046;3;вероятно;16
50;weekend;16;1;28;Ольховская улица;0.028268551236749116;16;вероятно;16
50;weekend;16;1;29;Поликлиника;0.05123674911660778;29;вероятно;16
50;weekend;16;1;30;Басманный двор;0.014134275618374558;8;вероятно;16
50;weekend;16;1;31;Метро «Бауманская»;0.01060070671378092;6;вероятно;16
50;weekend;16;1;32;Аптекарский переулок;0.03180212014134275;18;вероятно;16
50;weekend;16;1;33;МГТУ имени Н.Э. Баумана;0.024734982332155476;14;вероятно;16
50;weekend;16;1;34;Лефортовская наб.;0.024734982332155476;14;вероятно;16
50;weekend;16;1;35;Лефортовский мост;0.026501766784452298;15;вероятно;16
50;weekend;16;1;36;1-й Краснокурсантский проезд;0.0088339222614841;5;вероятно;16
50;weekend;16;1;37;Улица Лефортовский Вал;0.019434628975265017;11;вероятно;16
50;weekend;16;1;38;МЭИ;0.03356890459363958;19;вероятно;16
50;weekend;16;1;39;Метро «Авиамоторная»;0.0636042402826855;36;вероятно;16
50;weekend;16;1;40;Метро «Авиамоторная»;0.012367491166077738;7;вероятно;16
50;weekend;17;0;1;Д/к «Компрессор»;0.13498098859315588;71;вероятно;17
50;weekend;17;0;2;Метро «Авиамоторная»;0.043726235741444866;23;вероятно;17
50;weekend;17;0;3;Метро «Авиамоторная»;0.03231939163498099;17;вероятно;17
50;weekend;17;0;4;МЭИ;0.039923954372623575;21;вероятно;17
50;weekend;17;0;5;Улица Лефортовский Вал;0.013307984790874524;7;вероятно;17
50;weekend;17;0;6;1-й Краснокурсантский проезд;0.015209125475285171;8;вероятно;17
50;weekend;17;0;7;Лефортовский мост;0.0019011406844106464;1;вероятно;17
50;weekend;17;0;8;Лефортовская набережная;0.028517110266159697;15;вероятно;17
50;weekend;17;0;10;Аптекарский переулок;0.026615969581749048;14;вероятно;17
50;weekend;17;0;11;Метро «Бауманская»;0.022813688212927757;12;вероятно;17
50;weekend;17;0;12;Басманный двор;0.039923954372623575;21;вероятно;17
50;weekend;17;0;14;Ольховская улица;0.022813688212927757;12;вероятно;17
50;weekend;17;0;15;Метро «Красносельская»;0.06844106463878327;36;вероятно;17
50;weekend;17;0;16;Метро «Комсомольская»;0.03612167300380228;19;вероятно;17
50;weekend;17;0;17;МЦД Площадь трёх вокзалов;0.0076045627376425855;4;вероятно;17
50;weekend;17;0;18;Каланчёвская улица;0.03802281368821293;20;вероятно;17
50;weekend;17;0;19;Пантелеевская улица;0.0076045627376425855;4;вероятно;17
50;weekend;17;0;20;Астраханский переулок;0.017110266159695818;9;вероятно;17
50;weekend;17;0;21;Ботанический переулок;0.011406844106463879;6;вероятно;17
50;weekend;17;0;22;Метро «Проспект Мира»;0.015209125475285171;8;вероятно;17
50;weekend;17;0;23;Спорткомплекс «Олимпийский»;0.0779467680608365;41;вероятно;17
50;weekend;17;0;24;Ул. Гиляровского;0.022813688212927757;12;вероятно;17
50;weekend;17;0;25;Улица Щепкина;0.009505703422053232;5;вероятно;17
50;weekend;17;0;26;Театр зверей им. Дурова;0.017110266159695818;9;вероятно;17
50;weekend;17;0;27;Самотёчная улица;0.0038022813688212928;2;вероятно;17
50;weekend;17;0;28;4-й Самотёчный переулок;0.026615969581749048;14;вероятно;17
50;weekend;17;0;29;Селезнёвская улица;0.013307984790874524;7;вероятно;17
50;weekend;17;0;31;Площадь Борьбы;0.015209125475285171;8;вероятно;17
50;weekend;17;0;32;МИИТ;0.02091254752851711;11;вероятно;17
50;weekend;17;0;33;Ул. Образцова;0.030418250950570342;16;вероятно;17
50;weekend;17;0;34;Д/к МИИТ - Еврейский Музей и Центр толерантности;0.0038022813688212928;2;вероятно;17
50;weekend;17;0;35;Минаевский пер.;0.011406844106463879;6;вероятно;17
50;weekend;17;0;36;Тихвинский пер.;0.017110266159695818;9;вероятно;17
50;weekend;17;0;37;Улица Палиха;0.02091254752851711;11;вероятно;17
50;weekend;17;0;38;Метро «Менделеевская»;0.013307984790874524;7;вероятно;17
50;weekend;17;0;39;Метро «Новослободская»;0.011406844106463879;6;вероятно;17
50;weekend;17;1;1;Метро «Новослободская»;0.0038022813688212928;2;вероятно;17
50;weekend;17;1;2;Метро «Новослободская»;0.0019011406844106464;1;вероятно;17
50;weekend;17;1;3;Метро «Менделеевская»;0.0019011406844106464;1;вероятно;17
50;weekend;17;1;4;Улица Палиха;0.0038022813688212928;2;вероятно;17
50;weekend;17;1;36;1-й Краснокурсантский проезд;0.005703422053231939;3;вероятно;17
50;weekend;17;1;37;Улица Лефортовский Вал;0.0076045627376425855;4;вероятно;17
50;weekend;17;1;38;МЭИ;0.0019011406844106464;1;вероятно;17
50;weekend;17;1;39;Метро «Авиамоторная»;0.030418250950570342;16;вероятно;17
50;weekend;17;1;40;Метро «Авиамоторная»;0.0038022813688212928;2;вероятно;17
50;weekend;18;0;1;Д/к «Компрессор»;0.004672897196261682;1;вероятно;18
50;weekend;18;0;18;Каланчёвская улица;0.037383177570093455;8;вероятно;18
50;weekend;18;0;19;Пантелеевская улица;0.014018691588785047;3;вероятно;18
50;weekend;18;0;20;Астраханский переулок;0.004672897196261682;1;вероятно;18
50;weekend;18;0;21;Ботанический переулок;0.037383177570093455;8;вероятно;18
50;weekend;18;0;22;Метро «Проспект Мира»;0.04205607476635514;9;вероятно;18
50;weekend;18;0;23;Спорткомплекс «Олимпийский»;0.009345794392523364;2;вероятно;18
50;weekend;18;0;24;Ул. Гиляровского;0.018691588785046728;4;вероятно;18
50;weekend;18;0;26;Театр зверей им. Дурова;0.009345794392523364;2;вероятно;18
50;weekend;18;0;29;Селезнёвская улица;0.06074766355140187;13;вероятно;18
50;weekend;18;0;30;Улица Достоевского;0.02336448598130841;5;вероятно;18
50;weekend;18;0;31;Площадь Борьбы;0.004672897196261682;1;вероятно;18
50;weekend;18;0;32;МИИТ;0.02336448598130841;5;вероятно;18
50;weekend;18;0;33;Ул. Образцова;0.03271028037383177;7;вероятно;18
50;weekend;18;0;35;Минаевский пер.;0.004672897196261682;1;вероятно;18
50;weekend;18;0;36;Тихвинский пер.;0.004672897196261682;1;вероятно;18
50;weekend;18;0;37;Улица Палиха;0.004672897196261682;1;вероятно;18
50;weekend;18;0;38;Метро «Менделеевская»;0.018691588785046728;4;вероятно;18
50;weekend;18;0;39;Метро «Новослободская»;0.02336448598130841;5;вероятно;18
50;weekend;18;1;1;Метро «Новослободская»;0.07009345794392523;15;вероятно;18
50;weekend;18;1;2;Метро «Новослободская»;0.028037383177570093;6;вероятно;18
50;weekend;18;1;3;Метро «Менделеевская»;0.004672897196261682;1;вероятно;18
50;weekend;18;1;4;Улица Палиха;0.03271028037383177;7;вероятно;18
50;weekend;18;1;5;Тихвинский пер.;0.004672897196261682;1;вероятно;18
50;weekend;18;1;6;Минаевский пер.;0.004672897196261682;1;вероятно;18
50;weekend;18;1;7;Дом культуры МИИТ - Еврейский музей и центр толерантности;0.018691588785046728;4;вероятно;18
50;weekend;18;1;8;Улица Образцова;0.028037383177570093;6;вероятно;18
50;weekend;18;1;9;МИИТ;0.014018691588785047;3;вероятно;18
50;weekend;18;1;10;Площадь Борьбы;0.004672897196261682;1;вероятно;18
50;weekend;18;1;12;Селезнёвская улица;0.03271028037383177;7;вероятно;18
50;weekend;18;1;13;4-й Самотёчный переулок;0.02336448598130841;5;вероятно;18
50;weekend;18;1;14;Самотёчная улица;0.004672897196261682;1;вероятно;18
50;weekend;18;1;15;Театр зверей имени Дурова;0.018691588785046728;4;вероятно;18
50;weekend;18;1;16;Улица Щепкина;0.009345794392523364;2;вероятно;18
50;weekend;18;1;19;Метро «Проспект Мира»;0.0514018691588785;11;вероятно;18
50;weekend;18;1;20;Ботанический переулок;0.004672897196261682;1;вероятно;18
50;weekend;18;1;22;Пантелеевская улица;0.04672897196261682;10;вероятно;18
50;weekend;18;1;23;Каланчёвская улица;0.04672897196261682;10;вероятно;18
50;weekend;18;1;25;Метро «Комсомольская»;0.028037383177570093;6;вероятно;18
50;weekend;18;1;27;Нижняя Красносельская улица;0.004672897196261682;1;вероятно;18
50;weekend;18;1;28;Ольховская улица;0.014018691588785047;3;вероятно;18
50;weekend;18;1;29;Поликлиника;0.004672897196261682;1;вероятно;18
50;weekend;18;1;30;Басманный двор;0.018691588785046728;4;вероятно;18
50;weekend;18;1;31;Метро «Бауманская»;0.014018691588785047;3;вероятно;18
50;weekend;18;1;32;Аптекарский переулок;0.02336448598130841;5;вероятно;18
50;weekend;18;1;35;Лефортовский мост;0.02336448598130841;5;вероятно;18
50;weekend;18;1;37;Улица Лефортовский Вал;0.009345794392523364;2;вероятно;18
50;weekend;18;1;38;МЭИ;0.014018691588785047;3;вероятно;18
50;weekend;18;1;39;Метро «Авиамоторная»;0.004672897196261682;1;вероятно;18
50;weekend;18;1;40;Метро «Авиамоторная»;0.014018691588785047;3;вероятно;18
50;weekend;19;0;1;Д/к «Компрессор»;0.07083333333333333;17;вероятно;19
50;weekend;19;0;2;Метро «Авиамоторная»;0.0125;3;вероятно;19
50;weekend;19;0;3;Метро «Авиамоторная»;0.0625;15;вероятно;19
50;weekend;19;0;4;МЭИ;0.0375;9;вероятно;19
50;weekend;19;0;5;Улица Лефортовский Вал;0.016666666666666666;4;вероятно;19
50;weekend;19;0;6;1-й Краснокурсантский проезд;0.004166666666666667;1;вероятно;19
50;weekend;19;0;7;Лефортовский мост;0.004166666666666667;1;вероятно;19
50;weekend;19;0;8;Лефортовская набережная;0.008333333333333333;2;вероятно;19
50;weekend;19;0;9;МГТУ имени Н.Э. Баумана;0.0375;9;вероятно;19
50;weekend;19;0;10;Аптекарский переулок;0.020833333333333332;5;вероятно;19
50;weekend;19;0;11;Метро «Бауманская»;0.020833333333333332;5;вероятно;19
50;weekend;19;0;14;Ольховская улица;0.008333333333333333;2;вероятно;19
50;weekend;19;0;26;Театр зверей им. Дурова;0.0125;3;вероятно;19
50;weekend;19;0;29;Селезнёвская улица;0.0125;3;вероятно;19
50;weekend;19;0;32;МИИТ;0.004166666666666667;1;вероятно;19
50;weekend;19;0;39;Метро «Новослободская»;0.004166666666666667;1;вероятно;19
50;weekend;19;1;11;Улица Достоевского;0.004166666666666667;1;вероятно;19
50;weekend;19;1;19;Метро «Проспект Мира»;0.020833333333333332;5;вероятно;19
50;weekend;19;1;20;Ботанический переулок;0.020833333333333332;5;вероятно;19
50;weekend;19;1;21;Астраханский переулок;0.0375;9;вероятно;19
50;weekend;19;1;22;Пантелеевская улица;0.016666666666666666;4;вероятно;19
50;weekend;19;1;24;МЦД Площадь трёх вокзалов;0.05;12;вероятно;19
50;weekend;19;1;25;Метро «Комсомольская»;0.058333333333333334;14;вероятно;19
50;weekend;19;1;26;Метро «Красносельская»;0.020833333333333332;5;вероятно;19
50;weekend;19;1;28;Ольховская улица;0.008333333333333333;2;вероятно;19
50;weekend;19;1;29;Поликлиника;0.0125;3;вероятно;19
50;weekend;19;1;30;Басманный двор;0.0125;3;вероятно;19
50;weekend;19;1;31;Метро «Бауманская»;0.05416666666666667;13;вероятно;19
50;weekend;19;1;32;Аптекарский переулок;0.025;6;вероятно;19
50;weekend;19;1;33;МГТУ имени Н.Э. Баумана;0.03333333333333333;8;вероятно;19
50;weekend;19;1;34;Лефортовская наб.;0.0375;9;вероятно;19
50;weekend;19;1;35;Лефортовский мост;0.0375;9;вероятно;19
50;weekend;19;1;37;Улица Лефортовский Вал;0.10833333333333334;26;вероятно;19
50;weekend;19;1;38;МЭИ;0.06666666666666667;16;вероятно;19
50;weekend;19;1;39;Метро «Авиамоторная»;0.008333333333333333;2;вероятно;19
50;weekend;19;1;40;Метро «Авиамоторная»;0.029166666666666667;7;вероятно;19
50;weekend;20;0;1;Д/к «Компрессор»;0.05747126436781609;10;вероятно;20
50;weekend;20;0;3;Метро «Авиамоторная»;0.011494252873563218;2;вероятно;20
50;weekend;20;0;6;1-й Краснокурсантский проезд;0.034482758620689655;6;вероятно;20
50;weekend;20;0;9;МГТУ имени Н.Э. Баумана;0.005747126436781609;1;вероятно;20
50;weekend;20;0;10;Аптекарский переулок;0.005747126436781609;1;вероятно;20
50;weekend;20;0;11;Метро «Бауманская»;0.034482758620689655;6;вероятно;20
50;weekend;20;0;12;Басманный двор;0.028735632183908046;5;вероятно;20
50;weekend;20;0;13;Поликлиника;0.04597701149425287;8;вероятно;20
50;weekend;20;0;14;Ольховская улица;0.11494252873563218;20;вероятно;20
50;weekend;20;0;15;Метро «Красносельская»;0.022988505747126436;4;вероятно;20
50;weekend;20;0;16;Метро «Комсомольская»;0.017241379310344827;3;вероятно;20
50;weekend;20;0;17;МЦД Площадь трёх вокзалов;0.005747126436781609;1;вероятно;20
50;weekend;20;0;18;Каланчёвская улица;0.011494252873563218;2;вероятно;20
50;weekend;20;0;19;Пантелеевская улица;0.028735632183908046;5;вероятно;20
50;weekend;20;0;20;Астраханский переулок;0.005747126436781609;1;вероятно;20
50;weekend;20;0;21;Ботанический переулок;0.09195402298850575;16;вероятно;20
50;weekend;20;0;22;Метро «Проспект Мира»;0.040229885057471264;7;вероятно;20
50;weekend;20;0;23;Спорткомплекс «Олимпийский»;0.022988505747126436;4;вероятно;20
50;weekend;20;0;24;Ул. Гиляровского;0.005747126436781609;1;вероятно;20
50;weekend;20;0;25;Улица Щепкина;0.005747126436781609;1;вероятно;20
50;weekend;20;0;28;4-й Самотёчный переулок;0.005747126436781609;1;вероятно;20
50;weekend;20;0;30;Улица Достоевского;0.022988505747126436;4;вероятно;20
50;weekend;20;0;31;Площадь Борьбы;0.022988505747126436;4;вероятно;20
50;weekend;20;0;32;МИИТ;0.04597701149425287;8;вероятно;20
50;weekend;20;0;34;Д/к МИИТ - Еврейский Музей и Центр толерантности;0.017241379310344827;3;вероятно;20
50;weekend;20;0;36;Тихвинский пер.;0.034482758620689655;6;вероятно;20
50;weekend;20;0;38;Метро «Менделеевская»;0.022988505747126436;4;вероятно;20
50;weekend;20;0;39;Метро «Новослободская»;0.028735632183908046;5;вероятно;20
50;weekend;20;1;1;Метро «Новослободская»;0.08620689655172414;15;вероятно;20
50;weekend;20;1;3;Метро «Менделеевская»;0.017241379310344827;3;вероятно;20
50;weekend;20;1;9;МИИТ;0.005747126436781609;1;вероятно;20
50;weekend;20;1;12;Селезнёвская улица;0.005747126436781609;1;вероятно;20
50;weekend;20;1;15;Театр зверей имени Дурова;0.005747126436781609;1;вероятно;20
50;weekend;20;1;17;Ул. Гиляровского;0.011494252873563218;2;вероятно;20
50;weekend;20;1;19;Метро «Проспект Мира»;0.028735632183908046;5;вероятно;20
50;weekend;20;1;21;Астраханский переулок;0.005747126436781609;1;вероятно;20
50;weekend;20;1;36;1-й Краснокурсантский проезд;0.011494252873563218;2;вероятно;20
50;weekend;20;1;37;Улица Лефортовский Вал;0.011494252873563218;2;вероятно;20
50;weekend;20;1;38;МЭИ;0.005747126436781609;1;вероятно;20
50;weekend;20;1;39;Метро «Авиамоторная»;0.005747126436781609;1;вероятно;20
50;weekend;21;0;1;Д/к «Компрессор»;0.009174311926605505;1;вероятно;21
50;weekend;21;0;5;Улица Лефортовский Вал;0.027522935779816515;3;вероятно;21
50;weekend;21;0;6;1-й Краснокурсантский проезд;0.009174311926605505;1;вероятно;21
50;weekend;21;0;7;Лефортовский мост;0.027522935779816515;3;вероятно;21
50;weekend;21;0;12;Басманный двор;0.009174311926605505;1;вероятно;21
50;weekend;21;0;13;Поликлиника;0.009174311926605505;1;вероятно;21
50;weekend;21;0;18;Каланчёвская улица;0.01834862385321101;2;вероятно;21
50;weekend;21;0;19;Пантелеевская улица;0.03669724770642202;4;вероятно;21
50;weekend;21;0;23;Спорткомплекс «Олимпийский»;0.03669724770642202;4;вероятно;21
50;weekend;21;0;26;Театр зверей им. Дурова;0.009174311926605505;1;вероятно;21
50;weekend;21;0;30;Улица Достоевского;0.01834862385321101;2;вероятно;21
50;weekend;21;0;33;Ул. Образцова;0.06422018348623854;7;вероятно;21
50;weekend;21;0;34;Д/к МИИТ - Еврейский Музей и Центр толерантности;0.027522935779816515;3;вероятно;21
50;weekend;21;0;35;Минаевский пер.;0.045871559633027525;5;вероятно;21
50;weekend;21;0;36;Тихвинский пер.;0.01834862385321101;2;вероятно;21
50;weekend;21;0;39;Метро «Новослободская»;0.027522935779816515;3;вероятно;21
50;weekend;21;1;1;Метро «Новослободская»;0.009174311926605505;1;вероятно;21
50;weekend;21;1;4;Улица Палиха;0.009174311926605505;1;вероятно;21
50;weekend;21;1;5;Тихвинский пер.;0.009174311926605505;1;вероятно;21
50;weekend;21;1;7;Дом культуры МИИТ - Еврейский музей и центр толерантности;0.01834862385321101;2;вероятно;21
50;weekend;21;1;8;Улица Образцова;0.045871559633027525;5;вероятно;21
50;weekend;21;1;9;МИИТ;0.009174311926605505;1;вероятно;21
50;weekend;21;1;10;Площадь Борьбы;0.03669724770642202;4;вероятно;21
50;weekend;21;1;11;Улица Достоевского;0.09174311926605505;10;вероятно;21
50;weekend;21;1;12;Селезнёвская улица;0.009174311926605505;1;вероятно;21
50;weekend;21;1;13;4-й Самотёчный переулок;0.009174311926605505;1;вероятно;21
50;weekend;21;1;14;Самотёчная улица;0.009174311926605505;1;вероятно;21
50;weekend;21;1;15;Театр зверей имени Дурова;0.05504587155963303;6;вероятно;21
50;weekend;21;1;16;Улица Щепкина;0.027522935779816515;3;вероятно;21
50;weekend;21;1;17;Ул. Гиляровского;0.08256880733944955;9;вероятно;21
50;weekend;21;1;18;Спорткомплекс «Олимпийский»;0.009174311926605505;1;вероятно;21
50;weekend;21;1;19;Метро «Проспект Мира»;0.009174311926605505;1;вероятно;21
50;weekend;21;1;26;Метро «Красносельская»;0.03669724770642202;4;вероятно;21
50;weekend;21;1;27;Нижняя Красносельская улица;0.009174311926605505;1;вероятно;21
50;weekend;21;1;30;Басманный двор;0.01834862385321101;2;вероятно;21
50;weekend;21;1;35;Лефортовский мост;0.009174311926605505;1;вероятно;21
50;weekend;21;1;36;1-й Краснокурсантский проезд;0.009174311926605505;1;вероятно;21
50;weekend;21;1;37;Улица Лефортовский Вал;0.03669724770642202;4;вероятно;21
50;weekend;21;1;38;МЭИ;0.009174311926605505;1;вероятно;21
50;weekend;21;1;40;Метро «Авиамоторная»;0.03669724770642202;4;вероятно;21
50;weekend;22;0;1;Д/к «Компрессор»;0.08;10;вероятно;22
50;weekend;22;0;2;Метро «Авиамоторная»;0.048;6;вероятно;22
50;weekend;22;0;3;Метро «Авиамоторная»;0.064;8;вероятно;22
50;weekend;22;0;4;МЭИ;0.088;11;вероятно;22
50;weekend;22;0;5;Улица Лефортовский Вал;0.024;3;вероятно;22
50;weekend;22;0;6;1-й Краснокурсантский проезд;0.008;1;вероятно;22
50;weekend;22;0;7;Лефортовский мост;0.008;1;вероятно;22
50;weekend;22;0;8;Лефортовская набережная;0.016;2;вероятно;22
50;weekend;22;0;11;Метро «Бауманская»;0.024;3;вероятно;22
50;weekend;22;0;12;Басманный двор;0.008;1;вероятно;22
50;weekend;22;0;13;Поликлиника;0.008;1;вероятно;22
50;weekend;22;0;14;Ольховская улица;0.008;1;вероятно;22
50;weekend;22;0;15;Метро «Красносельская»;0.008;1;вероятно;22
50;weekend;22;0;19;Пантелеевская улица;0.056;7;вероятно;22
50;weekend;22;0;20;Астраханский переулок;0.024;3;вероятно;22
50;weekend;22;0;22;Метро «Проспект Мира»;0.016;2;вероятно;22
50;weekend;22;0;27;Самотёчная улица;0.008;1;вероятно;22
50;weekend;22;0;32;МИИТ;0.008;1;вероятно;22
50;weekend;22;0;37;Улица Палиха;0.016;2;вероятно;22
50;weekend;22;0;38;Метро «Менделеевская»;0.048;6;вероятно;22
50;weekend;22;1;1;Метро «Новослободская»;0.032;4;вероятно;22
50;weekend;22;1;2;Метро «Новослободская»;0.016;2;вероятно;22
50;weekend;22;1;4;Улица Палиха;0.008;1;вероятно;22
50;weekend;22;1;5;Тихвинский пер.;0.048;6;вероятно;22
50;weekend;22;1;6;Минаевский пер.;0.008;1;вероятно;22
50;weekend;22;1;11;Улица Достоевского;0.016;2;вероятно;22
50;weekend;22;1;12;Селезнёвская улица;0.048;6;вероятно;22
50;weekend;22;1;14;Самотёчная улица;0.04;5;вероятно;22
50;weekend;22;1;15;Театр зверей имени Дурова;0.008;1;вероятно;22
50;weekend;22;1;16;Улица Щепкина;0.008;1;вероятно;22
50;weekend;22;1;17;Ул. Гиляровского;0.008;1;вероятно;22
50;weekend;22;1;18;Спорткомплекс «Олимпийский»;0.008;1;вероятно;22
50;weekend;22;1;20;Ботанический переулок;0.008;1;вероятно;22
50;weekend;22;1;21;Астраханский переулок;0.008;1;вероятно;22
50;weekend;22;1;22;Пантелеевская улица;0.008;1;вероятно;22
50;weekend;22;1;23;Каланчёвская улица;0.008;1;вероятно;22
50;weekend;22;1;26;Метро «Красносельская»;0.096;12;вероятно;22
50;weekend;22;1;27;Нижняя Красносельская улица;0.016;2;вероятно;22
50;weekend;22;1;38;МЭИ;0.032;4;вероятно;22
50;weekend;22;1;40;Метро «Авиамоторная»;0.008;1;вероятно;22
50;weekend;23;0;1;Д/к «Компрессор»;0.10256410256410256;4;вероятно;23
50;weekend;23;0;3;Метро «Авиамоторная»;0.23076923076923078;9;вероятно;23
50;weekend;23;0;5;Улица Лефортовский Вал;0.02564102564102564;1;вероятно;23
50;weekend;23;0;8;Лефортовская набережная;0.05128205128205128;2;вероятно;23
50;weekend;23;0;10;Аптекарский переулок;0.02564102564102564;1;вероятно;23
50;weekend;23;0;21;Ботанический переулок;0.02564102564102564;1;вероятно;23
50;weekend;23;0;39;Метро «Новослободская»;0.05128205128205128;2;вероятно;23
50;weekend;23;1;1;Метро «Новослободская»;0.15384615384615385;6;вероятно;23
50;weekend;23;1;3;Метро «Менделеевская»;0.02564102564102564;1;вероятно;23
50;weekend;23;1;4;Улица Палиха;0.05128205128205128;2;вероятно;23
50;weekend;23;1;6;Минаевский пер.;0.02564102564102564;1;вероятно;23
50;weekend;23;1;33;МГТУ имени Н.Э. Баумана;0.05128205128205128;2;вероятно;23
50;weekend;23;1;35;Лефортовский мост;0.02564102564102564;1;вероятно;23
50;weekend;23;1;38;МЭИ;0.02564102564102564;1;вероятно;23
50;weekend;23;1;39;Метро «Авиамоторная»;0.02564102564102564;1;вероятно;23
50;weekend;23;1;40;Метро «Авиамоторная»;0.10256410256410256;4;вероятно;23
